Address,Quality,Size,Name
0x7100000190,U,36,
0x7100000250,U,136,
0x71000002e0,U,4,
0x71000002f0,U,192,
0x71000003b0,U,12,
0x71000003c0,U,12,
0x71000003d0,U,4,
0x71000003d4,U,328,
0x710000051c,U,104,
0x71000005d0,U,52,
0x7100000610,U,384,
0x7100000790,U,192,
0x7100000850,U,300,
0x7100000c7c,U,104,
0x7100000cf0,U,76,
0x7100001570,U,420,
0x7100001718,U,64,
0x7100001760,U,252,
0x7100001860,U,140,
0x71000018f0,U,64,
0x7100001930,U,140,
0x71000019c0,U,140,
0x7100001a60,U,4,
0x7100001a70,U,140,
0x7100001afc,U,168,
0x7100001be8,U,728,
0x7100001fb8,U,1232,
0x7100002488,U,580,
0x71000026cc,U,1092,
0x7100002be0,U,32,
0x7100002c00,U,64,
0x7100002c40,U,136,
0x7100002cd0,U,36,
0x7100002cf4,U,272,
0x7100002e10,U,100,
0x7100002e74,U,632,
0x71000030ec,U,356,
0x7100003250,U,28,
0x71000032ac,U,152,
0x7100003344,U,260,
0x7100003448,U,56,
0x7100003480,U,156,
0x7100003520,U,244,
0x7100003618,U,388,
0x710000379c,U,100,
0x7100003800,U,120,
0x7100003878,U,128,
0x71000038f8,U,328,
0x7100003a40,U,120,
0x7100003d54,U,28,
0x7100003d84,U,136,
0x7100003e30,U,28,
0x7100003eb0,U,228,
0x7100003f94,U,228,
0x71000040e4,U,304,
0x7100004220,U,148,
0x710000430c,U,244,
0x7100004404,U,372,
0x7100004578,U,288,
0x7100004698,U,940,
0x7100004a44,U,336,
0x7100004b94,U,520,
0x7100004db0,U,288,
0x7100004ed0,U,32,
0x7100004ef0,U,96,
0x7100004f50,U,96,
0x7100004fb0,U,28,
0x7100004fcc,U,72,
0x7100005014,U,80,
0x7100005070,U,264,
0x7100005178,U,480,
0x7100005358,U,104,
0x710000542c,U,264,
0x7100005534,U,300,
0x7100005670,U,28,
0x710000580c,U,244,
0x7100005904,U,388,
0x7100005a88,U,40,
0x7100005ab0,U,112,
0x7100005b20,U,124,
0x7100005b9c,U,164,
0x7100005c40,U,56,
0x7100005c78,U,24,
0x7100005c90,U,8,
0x7100005c98,U,208,
0x7100005d68,U,52,
0x7100005d9c,U,28,
0x7100005db8,U,28,
0x7100005dd4,U,56,
0x7100005f30,U,28,
0x7100005f70,U,28,
0x71000061c0,U,148,
0x71000062ac,U,244,
0x71000063a4,U,340,
0x71000064f8,U,104,
0x7100006560,U,1640,
0x7100006bc8,U,392,
0x7100006d50,U,292,
0x7100006e98,U,400,
0x71000070bc,U,220,
0x7100007320,U,700,
0x710000771c,U,520,
0x7100007924,U,640,
0x7100007ba4,U,672,
0x7100007e44,U,28,
0x7100007e80,U,260,
0x7100007f84,U,480,
0x71000081e8,U,220,
0x71000082c4,U,360,
0x710000842c,U,60,
0x71000084a0,U,20,
0x7100008500,U,476,
0x710000875c,U,28,
0x7100008784,U,504,
0x71000089bc,U,28,
0x71000089d8,U,4,
0x71000089dc,U,4,
0x71000089e0,U,124,
0x7100008a60,U,336,
0x7100008bb0,U,12,
0x7100008bbc,U,432,
0x7100008d6c,U,92,
0x7100008dc8,U,100,
0x7100008e2c,U,120,
0x7100008ea4,U,432,
0x7100009054,U,92,
0x71000090b0,U,100,
0x7100009114,U,120,
0x71000092e4,U,244,
0x71000094e4,U,372,
0x7100009658,U,480,
0x7100009838,U,220,
0x7100009914,U,220,
0x7100009d80,U,388,
0x7100009f04,U,220,
0x710000a370,U,388,
0x710000a4f4,U,220,
0x710000a5d0,U,504,
0x710000a7cc,U,240,
0x710000aa38,U,388,
0x710000abbc,U,480,
0x710000ad9c,U,480,
0x710000af7c,U,1544,
0x710000b584,U,204,
0x710000b650,U,28,
0x710000b66c,U,352,
0x710000b81c,U,176,
0x710000b91c,U,104,
0x710000b984,U,136,
0x710000baa0,U,368,
0x710000bc10,U,104,
0x710000bcb0,U,20,
0x710000bd10,U,368,
0x710000be80,U,104,
0x710000bf20,U,20,
0x710000bf80,U,264,
0x710000c088,U,364,
0x710000c1f4,U,60,
0x710000c26c,U,20,
0x710000c2c0,U,156,
0x710000c3dc,U,328,
0x710000c524,U,364,
0x710000c690,U,60,
0x710000c708,U,20,
0x710000c75c,U,156,
0x710000c878,U,328,
0x710000ca54,U,176,
0x710000cb54,U,104,
0x710000cbbc,U,136,
0x710000ccd8,U,288,
0x710000ce00,U,16,
0x710000cf10,U,524,
0x710000d120,U,264,
0x710000d228,U,476,
0x710000d470,U,132,
0x710000d4f4,U,132,
0x710000d588,U,28,
0x710000d60c,U,232,
0x710000d728,U,156,
0x710000d7c4,U,324,
0x710000d938,U,252,
0x710000da34,U,508,
0x710000dc30,U,80,
0x710000dc80,U,88,
0x710000dd0c,U,156,
0x710000ddb8,U,284,
0x710000ded4,U,80,
0x710000df24,U,88,
0x710000e4dc,U,308,
0x710000e610,U,404,
0x710000e7a4,U,236,
0x710000e890,U,304,
0x710000e9c0,U,544,
0x710000ebe0,U,576,
0x710000ee20,U,448,
0x710000efe0,U,352,
0x710000f164,U,224,
0x710000f244,U,236,
0x710000f344,U,28,
0x710000f360,U,180,
0x710000f414,U,136,
0x710000f49c,U,120,
0x710000f514,U,132,
0x710000f750,U,252,
0x710000f850,U,864,
0x710000fbb0,U,460,
0x710000fd7c,U,480,
0x710000ffd0,U,480,
0x7100010274,U,1024,
0x7100010680,U,624,
0x71000108f0,U,880,
0x7100010c60,U,284,
0x7100010d7c,U,220,
0x7100010e58,U,480,
0x7100011040,U,264,
0x7100011148,U,364,
0x71000112e0,U,20,
0x7100011760,U,128,
0x7100011824,U,172,
0x71000118d0,U,36,
0x7100011938,U,36,
0x71000119d0,U,16,
0x7100011a64,U,444,
0x7100011c24,U,364,
0x7100011da4,U,28,
0x7100011de0,U,36,
0x7100011e08,U,444,
0x7100011fc8,U,364,
0x7100012148,U,28,
0x7100012180,U,36,
0x71000121b0,U,672,
0x7100012450,U,888,
0x71000127c8,U,788,
0x7100012b60,U,524,
0x7100012d6c,U,856,
0x71000131a8,U,244,
0x71000132a0,U,380,
0x710001341c,U,104,
0x7100013484,U,688,
0x7100013734,U,700,
0x7100013c9c,U,28,
0x7100013cc8,U,16,
0x7100013d3c,U,28,
0x7100013f6c,U,500,
0x7100014160,U,16,
0x71000141b0,U,28,
0x71000141cc,U,4,
0x71000141d0,U,4,
0x71000141d4,U,124,
0x7100014250,U,336,
0x71000145e8,U,384,
0x7100014768,U,480,
0x7100014948,U,256,
0x7100014a48,U,304,
0x7100014c70,U,292,
0x7100014d94,U,104,
0x7100014dfc,U,96,
0x7100014e5c,U,44,
0x7100014e88,U,104,
0x7100014f54,U,320,
0x7100015124,U,300,
0x7100015250,U,104,
0x71000152b8,U,140,
0x7100015344,U,44,
0x7100015370,U,8,
0x7100015378,U,392,
0x7100015500,U,8,
0x7100015508,U,104,
0x71000155cc,U,180,
0x7100015680,U,372,
0x71000157f4,U,496,
0x71000159e4,U,392,
0x7100015b6c,U,260,
0x71000166c8,U,328,
0x7100016894,U,244,
0x710001698c,U,332,
0x7100016ad8,U,168,
0x7100016b80,U,196,
0x7100016c44,U,184,
0x7100016cfc,U,280,
0x7100016e14,U,372,
0x7100016f88,U,532,
0x71000171a0,U,476,
0x710001737c,U,20,
0x7100017390,U,80,
0x71000173e0,U,1176,
0x7100017878,U,180,
0x710001792c,U,28,
0x7100017948,U,600,
0x7100017ba0,U,328,
0x7100017ce8,U,1060,
0x710001810c,U,312,
0x7100018244,U,524,
0x7100018450,U,264,
0x7100018558,U,452,
0x710001871c,U,616,
0x7100018994,U,28,
0x71000189b0,U,148,
0x7100018bc4,U,388,
0x7100018d48,U,384,
0x7100018ec8,U,388,
0x710001904c,U,220,
0x7100019128,U,220,
0x7100019588,U,388,
0x710001970c,U,220,
0x7100019b6c,U,388,
0x7100019cf0,U,220,
0x7100019dcc,U,500,
0x7100019fc0,U,236,
0x710001a0ac,U,452,
0x710001a270,U,300,
0x710001a39c,U,1180,
0x710001a838,U,124,
0x710001a8b4,U,624,
0x710001ab24,U,88,
0x710001ab7c,U,380,
0x710001acf8,U,332,
0x710001ae44,U,236,
0x710001af30,U,508,
0x710001b12c,U,1860,
0x710001b870,U,384,
0x710001b9f0,U,260,
0x710001baf4,U,364,
0x710001bc60,U,96,
0x710001bcf8,U,20,
0x710001bd58,U,364,
0x710001bec4,U,96,
0x710001bf5c,U,20,
0x710001bfbc,U,364,
0x710001c128,U,60,
0x710001c1a0,U,20,
0x710001c1f4,U,204,
0x710001c340,U,424,
0x710001c4e8,U,364,
0x710001c654,U,60,
0x710001c6cc,U,20,
0x710001c720,U,204,
0x710001c86c,U,424,
0x710001ca14,U,128,
0x710001cbd8,U,180,
0x710001cfb4,U,180,
0x710001d3cc,U,204,
0x710001d498,U,400,
0x710001d658,U,484,
0x710001d83c,U,80,
0x710001da74,U,204,
0x710001db50,U,80,
0x710001de1c,U,480,
0x710001dffc,U,468,
0x710001e340,U,116,
0x710001e3b4,U,308,
0x710001e4e8,U,324,
0x710001e62c,U,280,
0x710001e744,U,300,
0x710001e870,U,616,
0x710001ead8,U,516,
0x710001ecfc,U,272,
0x710001ee0c,U,280,
0x710001ef24,U,336,
0x710001f074,U,340,
0x710001f374,U,52,
0x710001f3f4,U,36,
0x710001fa30,U,320,
0x710001fb70,U,36,
0x710002002c,U,16,
0x710002003c,U,296,
0x7100020164,U,252,
0x7100020260,U,192,
0x7100020320,U,108,
0x710002038c,U,220,
0x7100020468,U,92,
0x7100020670,U,112,
0x71000206e0,U,176,
0x7100020790,U,256,
0x7100020890,U,8,
0x7100020a10,U,88,
0x7100020a68,U,88,
0x7100020ac0,U,136,
0x7100020b48,U,388,
0x7100020cd0,U,476,
0x7100020eb0,U,248,
0x7100020fa8,U,384,
0x7100021128,U,264,
0x7100021230,U,412,
0x71000214ec,U,256,
0x710002176c,U,88,
0x71000217c4,U,88,
0x710002181c,U,136,
0x71000218a4,U,388,
0x7100021a28,U,476,
0x7100021c04,U,248,
0x7100021cfc,U,384,
0x7100021e7c,U,264,
0x7100021f84,U,412,
0x7100022240,U,256,
0x71000224c0,U,88,
0x7100022518,U,88,
0x7100022570,U,136,
0x71000225f8,U,388,
0x710002277c,U,476,
0x7100022958,U,248,
0x7100022a50,U,384,
0x7100022bd0,U,264,
0x7100022cd8,U,340,
0x7100022e2c,U,508,
0x7100023028,U,460,
0x71000231f4,U,312,
0x7100023464,U,240,
0x71000236b4,U,388,
0x7100023838,U,20,
0x710002384c,U,4,
0x7100023854,U,116,
0x71000238c8,U,224,
0x71000239a8,U,856,
0x7100023d00,U,44,
0x7100023d2c,U,1004,
0x7100024118,U,28,
0x7100024140,U,484,
0x7100024324,U,480,
0x7100024504,U,480,
0x71000246e4,U,480,
0x71000248c4,U,480,
0x7100024e1c,U,28,
0x7100024e38,U,128,
0x7100024edc,U,100,
0x7100024f40,U,148,
0x7100025064,U,244,
0x7100025240,U,344,
0x7100025398,U,196,
0x710002545c,U,124,
0x71000254dc,U,28,
0x7100025508,U,28,
0x7100025530,U,148,
0x71000255c4,U,96,
0x7100025624,U,264,
0x710002572c,U,180,
0x71000257e0,U,164,
0x7100025884,U,24,
0x710002589c,U,492,
0x7100025a88,U,16,
0x7100025a98,U,312,
0x7100025bd0,U,288,
0x7100025cf0,U,32,
0x7100025d10,U,232,
0x7100025df8,U,852,
0x710002614c,U,364,
0x71000262b8,U,584,
0x7100026500,U,388,
0x7100026684,U,372,
0x71000267f8,U,460,
0x71000269c4,U,548,
0x7100026bf0,U,264,
0x7100026db4,U,172,
0x7100026e60,U,172,
0x7100026f70,U,212,
0x7100027044,U,212,
0x7100027118,U,300,
0x71000272cc,U,332,
0x7100027418,U,76,
0x7100027464,U,324,
0x7100027780,U,272,
0x7100027910,U,124,
0x7100027990,U,236,
0x7100028610,U,36,
0x7100028748,U,36,
0x71000288d8,U,36,
0x7100028920,U,36,
0x71000289e8,U,36,
0x7100028ae0,U,632,
0x7100028d58,U,384,
0x7100029084,U,384,
0x71000293b0,U,384,
0x71000299fc,U,84,
0x7100029a50,U,244,
0x7100029b48,U,372,
0x7100029cbc,U,212,
0x7100029dc8,U,28,
0x7100029e8c,U,28,
0x710002a028,U,20,
0x710002a03c,U,20,
0x710002a050,U,36,
0x710002a074,U,1192,
0x710002a51c,U,16,
0x710002a540,U,32,
0x710002a560,U,32,
0x710002a580,U,52,
0x710002a5b4,U,24,
0x710002a600,U,176,
0x710002a6b0,U,68,
0x710002bfd0,U,28,
0x710002bff0,U,384,
0x710002c170,U,16,
0x710002c180,U,36,
0x710002c1b0,U,96,
0x710002c210,U,16,
0x710002c220,U,20,
0x710002c240,U,4,
0x710002c420,U,24,
0x710002c440,U,24,
0x710002c460,U,36,
0x710002c4f0,U,28,
0x710002c510,U,28,
0x710002c640,U,28,
0x710002c7e0,U,36,
0x710002c810,U,40,
0x710002c840,U,36,
0x710002ca50,U,32,
0x710002ca70,U,32,
0x710002ca90,U,32,
0x710002cab0,U,32,
0x710002cbd0,U,28,
0x710002cbec,U,72,
0x710002cc34,U,16,
0x710002cc7c,U,16,
0x710002cccc,U,48,
0x710002ccfc,U,44,
0x710002cd28,U,44,
0x710002cd54,U,44,
0x710002cd80,U,44,
0x710002cdac,U,56,
0x710002cde4,U,48,
0x710002ce14,U,52,
0x710002ce48,U,48,
0x710002ce78,U,44,
0x710002cea4,U,44,
0x710002ced0,U,44,
0x710002cefc,U,44,
0x710002cf28,U,44,
0x710002cf54,U,44,
0x710002cfa8,U,44,
0x710002cff8,U,224,
0x710002d0d8,U,448,
0x710002d298,U,132,
0x710002d320,U,8,
0x710002d388,U,88,
0x710002d3e0,U,56,
0x710002d420,U,524,
0x710002d62c,U,384,
0x710002d970,U,144,
0x710002da04,U,448,
0x710002dbc8,U,360,
0x710002dd30,U,4,
0x710002dd34,U,140,
0x710002ddc0,U,124,
0x710002dedc,U,164,
0x710002df80,U,376,
0x710002e0f8,U,112,
0x710002e168,U,148,
0x710002e224,U,456,
0x710002e3ec,U,12,
0x710002e3f8,U,112,
0x710002e468,U,628,
0x710002e6e0,U,1008,
0x710002ead0,U,52,
0x710002eb04,U,316,
0x710002ec40,U,156,
0x710002ecdc,U,188,
0x710002ed98,U,304,
0x710002eec8,U,532,
0x710002f0dc,U,180,
0x710002f2b8,U,40,
0x710002f2e0,U,28,
0x710002f348,U,28,
0x710002f364,U,112,
0x710002f3d4,U,112,
0x710002f4c0,U,36,
0x710002f4e4,U,164,
0x710002f588,U,244,
0x710002f67c,U,448,
0x710002f90c,U,388,
0x710002fa90,U,224,
0x710002fb70,U,16,
0x710002fb80,U,400,
0x710002fd10,U,340,
0x710002fe64,U,336,
0x710002ffb4,U,372,
0x7100030128,U,20,
0x710003013c,U,64,
0x710003017c,U,388,
0x7100030300,U,192,
0x71000303c0,U,536,
0x71000305d8,U,336,
0x7100030728,U,72,
0x7100030770,U,88,
0x71000307d0,U,88,
0x7100030830,U,72,
0x7100030878,U,20,
0x710003088c,U,172,
0x7100030938,U,60,
0x7100030974,U,56,
0x71000309ac,U,164,
0x7100030a50,U,448,
0x7100030ce0,U,268,
0x7100030dec,U,28,
0x7100030e08,U,440,
0x7100030fc0,U,384,
0x7100031140,U,388,
0x71000312c4,U,420,
0x710003146c,U,192,
0x710003152c,U,536,
0x7100031744,U,336,
0x7100031894,U,61000,
0x71000406dc,U,276,
0x71000407f0,U,95944,
0x7100057eb8,U,56412,
0x7100065b14,U,196,
0x7100065d78,U,388,
0x7100065efc,U,16,
0x7100065f0c,U,68,
0x7100065f50,U,152,
0x7100065fe8,U,740,
0x71000662fc,U,100,
0x7100066360,U,100,
0x7100066408,U,120,
0x7100066480,U,120,
0x7100066630,U,12,
0x710006663c,U,56,
0x7100066674,U,32,
0x7100066694,U,4,
0x7100066698,U,4,
0x710006669c,U,4,
0x71000666a0,U,16,
0x7100066744,U,228,
0x7100066828,U,44,
0x7100066854,U,16,
0x710006686c,U,140,
0x71000668f8,U,32,
0x7100066918,U,4,
0x710006691c,U,4,
0x7100066920,U,4,
0x7100066930,U,112,
0x71000669a0,U,116,
0x7100066a14,U,28,
0x7100066a30,U,32,
0x7100066a50,U,160,
0x7100066af0,U,72,
0x7100066b38,U,200,
0x7100066c00,U,172,
0x7100066cac,U,160,
0x7100066d4c,U,32,
0x7100066d6c,U,216,
0x7100066e44,U,104,
0x7100066eac,U,88,
0x7100067040,U,96,
0x71000670a0,U,44,
0x71000670d0,U,92,
0x7100067130,U,100,
0x71000671a0,U,100,
0x7100067204,U,56,
0x710006723c,U,428,
0x71000673e8,U,72,
0x7100067430,U,48,
0x7100067460,U,36,
0x7100067484,U,208,
0x7100067594,U,80,
0x71000675e8,U,240,
0x71000676dc,U,364,
0x7100067848,U,196,
0x710006790c,U,1432,
0x7100067ea4,U,24,
0x7100067ebc,U,24,
0x7100067ed4,U,4,
0x7100067edc,U,28,
0x7100067f0c,U,28,
0x7100067f5c,U,480,
0x7100068204,U,480,
0x71000684c0,U,36,
0x71000684e4,U,404,
0x7100068678,U,20,
0x710006868c,U,44,
0x71000686b8,U,40,
0x71000686e0,U,248,
0x71000687d8,U,616,
0x7100068a40,U,256,
0x7100068b40,U,172,
0x7100068bec,U,540,
0x7100068e08,U,172,
0x7100068eb4,U,168,
0x7100068f5c,U,2240,
0x710006981c,U,288,
0x710006993c,U,100,
0x71000699a0,U,100,
0x7100069a04,U,28,
0x7100069a20,U,20,
0x7100069a34,U,1004,
0x7100069e20,U,384,
0x7100069fa0,U,336,
0x710006a428,U,812,
0x710006a754,U,384,
0x710006a8d4,U,336,
0x710006ad5c,U,240,
0x710006ae50,U,360,
0x710006afb8,U,28,
0x710006afd4,U,1544,
0x710006b5dc,U,4,
0x710006b5e4,U,28,
0x710006b614,U,28,
0x710006b680,U,36,
0x710006b6a4,U,64,
0x710006b6e4,U,684,
0x710006b990,U,200,
0x710006ba58,U,116,
0x710006bacc,U,180,
0x710006bb80,U,196,
0x710006bc44,U,56,
0x710006bc7c,U,44,
0x710006bcb0,U,744,
0x710006bf98,U,12,
0x710006bfa4,U,8,
0x710006bfac,U,24,
0x710006bfc4,U,28,
0x710006bfe0,U,28,
0x710006c000,U,128,
0x710006c080,U,128,
0x710006c100,U,164,
0x710006c1a4,U,448,
0x710006c434,U,324,
0x710006c578,U,32,
0x710006c598,U,468,
0x710006c76c,U,472,
0x710006c944,U,48,
0x710006c974,U,192,
0x710006ca34,U,536,
0x710006cc4c,U,336,
0x710006cd9c,U,28,
0x710006ce38,U,104,
0x710006cea0,U,8,
0x710006cea8,U,568,
0x710006d11c,U,260,
0x710006d2a0,U,560,
0x710006d4d0,U,140,
0x710006d55c,U,300,
0x710006d688,U,336,
0x710006d7d8,U,180,
0x710006d88c,U,304,
0x710006d9bc,U,308,
0x710006dc28,U,212,
0x710006dcfc,U,204,
0x710006deac,U,1756,
0x710006e590,U,532,
0x710006e7a4,U,348,
0x710006e900,U,852,
0x710006ec54,U,892,
0x710006f230,U,212,
0x710006f390,U,328,
0x710006f680,U,600,
0x710006f914,U,376,
0x710006fa8c,U,164,
0x710006fb30,U,68,
0x710006fb74,U,60,
0x710006fbb0,U,952,
0x7100070548,U,4,
0x710007054c,U,148,
0x7100070604,U,180,
0x7100070740,U,156,
0x71000707dc,U,76,
0x7100070828,U,84,
0x710007087c,U,76,
0x71000708c8,U,244,
0x71000709bc,U,108,
0x7100070a28,U,536,
0x7100070c40,U,404,
0x7100070dd4,U,144,
0x710007131c,U,384,
0x71000714f0,U,388,
0x7100071680,U,32,
0x710007174c,U,180,
0x7100071928,U,140,
0x7100071dac,U,240,
0x7100071e9c,U,84,
0x7100071ef0,U,320,
0x7100072030,U,8,
0x7100072038,U,652,
0x71000722c4,U,100,
0x7100072328,U,164,
0x71000723cc,U,92,
0x7100072428,U,92,
0x7100072484,U,64,
0x7100072568,U,244,
0x71000727bc,U,388,
0x7100072940,U,696,
0x7100072c00,U,1184,
0x71000730a0,U,564,
0x71000732d4,U,272,
0x71000733e4,U,500,
0x71000735d8,U,172,
0x71000736c0,U,280,
0x71000737d8,U,180,
0x7100073af8,U,680,
0x7100073da0,U,424,
0x7100073f48,U,652,
0x71000741d4,U,384,
0x7100074354,U,488,
0x710007453c,U,16,
0x710007454c,U,1516,
0x7100074b38,U,296,
0x7100074c60,U,476,
0x7100074e3c,U,344,
0x7100074f94,U,140,
0x7100075020,U,160,
0x71000750c0,U,28,
0x7100075104,U,268,
0x7100075240,U,252,
0x710007533c,U,176,
0x71000753fc,U,28,
0x710007547c,U,284,
0x71000755bc,U,84,
0x7100075610,U,84,
0x7100075684,U,80,
0x71000756d4,U,84,
0x710007577c,U,64,
0x71000758f4,U,36,
0x7100075958,U,340,
0x7100075aac,U,240,
0x7100075b9c,U,336,
0x7100075cf0,U,200,
0x7100075db8,U,148,
0x7100075e64,U,100,
0x7100075ec8,U,100,
0x7100075f78,U,160,
0x7100076020,U,344,
0x71000763c0,U,144,
0x7100076450,U,76,
0x71000764a0,U,44,
0x71000764d0,U,368,
0x7100076640,U,440,
0x7100076800,U,56,
0x7100076840,U,8,
0x7100076850,U,36,
0x7100076880,U,24,
0x71000768a0,U,28,
0x71000768c0,U,48,
0x71000768f0,U,48,
0x7100076920,U,72,
0x71000769f0,U,108,
0x7100076a5c,U,112,
0x7100076acc,U,544,
0x7100076cec,U,216,
0x7100076dc4,U,108,
0x7100076e30,U,520,
0x7100077038,U,708,
0x71000772fc,U,512,
0x71000774fc,U,292,
0x7100077620,U,1088,
0x7100077a60,U,348,
0x7100077bbc,U,72,
0x7100077c04,U,108,
0x7100077c70,U,120,
0x7100077ce8,U,1160,
0x7100078170,U,168,
0x7100078218,U,172,
0x71000782c4,U,80,
0x7100078314,U,136,
0x710007839c,U,1176,
0x7100078834,U,752,
0x7100078b24,U,376,
0x7100078c9c,U,60,
0x7100078cd8,U,68,
0x7100078d1c,U,112,
0x7100078d8c,U,100,
0x7100078df0,U,100,
0x7100078e54,U,372,
0x7100078fc8,U,368,
0x7100079138,U,52,
0x710007916c,U,60,
0x71000791a8,U,536,
0x71000793c0,U,452,
0x7100079584,U,232,
0x710007966c,U,328,
0x71000797b4,U,592,
0x7100079a04,U,152,
0x7100079a9c,U,124,
0x7100079b18,U,328,
0x7100079c60,U,380,
0x7100079de0,U,136,
0x7100079e70,U,88,
0x7100079ed0,U,216,
0x7100079fb0,U,160,
0x710007a050,U,280,
0x710007a170,U,84,
0x710007a1d0,U,80,
0x710007a220,U,160,
0x710007a2c0,U,96,
0x710007a320,U,108,
0x710007a390,U,100,
0x710007a400,U,68,
0x710007a450,U,460,
0x710007a620,U,460,
0x710007a7f0,U,116,
0x710007a870,U,88,
0x710007a8d0,U,76,
0x710007a91c,U,428,
0x710007aac8,U,384,
0x710007af74,U,384,
0x710007b430,U,20,
0x710007b444,U,20,
0x710007b458,U,88,
0x710007b4b0,U,104,
0x710007b518,U,36,
0x710007b53c,U,44,
0x710007b568,U,40,
0x710007b590,U,48,
0x710007b5c0,U,44,
0x710007b5ec,U,44,
0x710007b618,U,44,
0x710007b644,U,76,
0x710007b690,U,180,
0x710007b750,U,416,
0x710007b8f0,U,232,
0x710007ba20,U,128,
0x710007bc54,U,388,
0x710007bdd8,U,180,
0x710007be8c,U,32,
0x710007beac,U,240,
0x710007bf9c,U,112,
0x710007c00c,U,116,
0x710007c080,U,100,
0x710007c0e4,U,96,
0x710007c144,U,96,
0x710007c1a4,U,8,
0x710007c1ac,U,476,
0x710007c388,U,104,
0x710007c3f0,U,96,
0x710007c450,U,104,
0x710007c4b8,U,92,
0x710007c514,U,252,
0x710007c610,U,252,
0x710007c70c,U,8,
0x710007c714,U,724,
0x710007c9e8,U,172,
0x710007ca94,U,184,
0x710007cb4c,U,216,
0x710007cee4,U,76,
0x710007cf30,U,264,
0x710007d788,U,224,
0x710007e258,U,244,
0x710007e34c,U,412,
0x710007e4e8,U,272,
0x710007e6c4,U,32,
0x710007e6e4,U,32,
0x710007e704,U,120,
0x710007e77c,U,92,
0x710007e7d8,U,32,
0x710007e7f8,U,616,
0x710007ea60,U,64,
0x710007eaa0,U,20,
0x710007eab4,U,108,
0x710007eb20,U,76,
0x710007eb6c,U,52,
0x710007eba0,U,40,
0x710007ebc8,U,236,
0x710007ecb4,U,32,
0x710007ecd4,U,108,
0x710007ed40,U,108,
0x710007edac,U,24,
0x710007edc4,U,148,
0x710007ee58,U,132,
0x710007eee0,U,176,
0x710007ef90,U,192,
0x710007f050,U,200,
0x710007f120,U,20,
0x710007f140,U,216,
0x710007f220,U,20,
0x710007f240,U,216,
0x710007f320,U,148,
0x710007f3b4,U,48,
0x710007f3e4,U,384,
0x710007f564,U,72,
0x710007f5ac,U,52,
0x710007f5e0,U,84,
0x710007f634,U,84,
0x710007f688,U,84,
0x710007f6dc,U,36,
0x710007f700,U,484,
0x710007f8e4,U,488,
0x710007facc,U,68,
0x710007fb10,U,68,
0x710007fb54,U,72,
0x710007fb9c,U,36,
0x710007fbc0,U,56,
0x710007fbf8,U,136,
0x710007fc80,U,96,
0x710007fce0,U,112,
0x710007fdb4,U,180,
0x710007fe68,U,412,
0x7100080004,U,216,
0x71000800dc,U,264,
0x71000801e4,U,448,
0x71000803a4,U,340,
0x71000804f8,U,112,
0x7100080568,U,8,
0x7100080570,U,8,
0x7100080578,U,460,
0x7100080744,U,224,
0x7100080824,U,476,
0x7100080a00,U,316,
0x7100080b7c,U,84,
0x7100080bd0,U,112,
0x7100080cb8,U,376,
0x7100080e30,U,8,
0x7100080e38,U,116,
0x7100080eac,U,128,
0x7100080f2c,U,136,
0x7100080fb4,U,108,
0x7100081020,U,28,
0x7100081040,U,104,
0x71000810b0,U,16,
0x71000810c0,U,12,
0x71000810cc,M,132,ActorUnk_001::ActorUnk_001
0x7100081150,U,72,
0x7100081198,M,72,ActorUnk_001::~ActorUnk_001
0x71000811e0,M,52,ActorUnk_001::vfunc_08
0x7100081214,M,100,ActorUnk_001::vfunc_30
0x7100081278,M,16,ActorUnk_001::vfunc_00
0x7100081288,M,12,ActorUnk_001::vfunc_10
0x7100081294,M,8,ActorUnk_001::vfunc_18
0x710008129c,M,8,ActorUnk_001::vfunc_20
0x71000812a4,M,8,ActorUnk_001::vfunc_28
0x71000812ac,U,88,
0x7100081304,U,36,
0x7100081328,U,4,
0x7100081330,U,72,
0x7100081378,U,8,
0x7100081380,U,12,
0x710008138c,U,8,
0x71000813a4,U,64,
0x71000813e4,U,60,
0x7100081420,U,92,
0x71000814d4,U,40,
0x7100081504,U,128,
0x71000815b0,U,684,
0x7100081860,U,2824,
0x7100082370,U,1652,
0x71000829f0,U,528,
0x7100082c38,U,144,
0x7100082cc8,U,84,
0x7100082d1c,U,92,
0x7100082d78,U,208,
0x7100082e48,U,88,
0x7100082ea0,U,188,
0x7100082f5c,U,16,
0x7100082f6c,U,388,
0x71000830f0,U,92,
0x710008314c,U,92,
0x71000831a8,U,304,
0x71000832d8,U,144,
0x7100083368,U,8,
0x7100083370,U,4,
0x7100083374,U,108,
0x71000833e0,U,108,
0x710008344c,U,108,
0x71000834b8,U,108,
0x7100083524,U,108,
0x7100083590,U,16,
0x71000835a0,U,132,
0x7100083624,U,8,
0x710008362c,U,8,
0x7100083634,U,108,
0x71000836a0,U,108,
0x710008370c,U,4,
0x7100083710,U,8,
0x7100083718,U,4,
0x710008371c,U,8,
0x7100083724,U,88,
0x710008377c,U,16,
0x710008378c,U,104,
0x71000837f4,U,16,
0x7100083804,U,48,
0x7100083834,U,32,
0x7100083854,U,20,
0x7100083870,U,264,
0x7100083980,U,4,
0x7100083990,U,12,
0x71000839a0,U,32,
0x71000839c0,U,80,
0x7100083a10,U,56,
0x7100083a70,U,232,
0x7100083b60,U,32,
0x7100083b80,U,32,
0x7100083ba0,U,32,
0x7100083bc0,U,56,
0x7100083c00,U,36,
0x7100083c30,U,24,
0x7100083c48,U,256,
0x7100083d48,U,68,
0x7100083f74,U,188,
0x7100084030,U,276,
0x7100084144,U,76,
0x7100084240,U,32,
0x7100084260,U,92,
0x7100084314,U,56,
0x71000843b8,U,448,
0x710008457c,U,380,
0x71000846f8,U,128,
0x7100084a58,U,88,
0x7100084ab0,U,88,
0x7100084b74,U,128,
0x7100084bf4,U,116,
0x7100084ddc,U,88,
0x7100084e34,U,116,
0x7100084ee0,U,28,
0x7100084f28,U,28,
0x7100084f44,U,236,
0x7100085030,U,236,
0x7100085188,U,84,
0x71000851dc,U,304,
0x7100085310,U,36,
0x7100085334,U,132,
0x71000853b8,U,600,
0x7100085610,U,120,
0x7100085688,U,680,
0x7100085930,U,460,
0x7100085afc,U,476,
0x7100085cd8,U,144,
0x7100085d68,U,36,
0x7100085d8c,U,292,
0x7100085eb0,U,408,
0x7100086048,U,148,
0x71000860dc,U,224,
0x71000861bc,U,264,
0x71000862c4,U,268,
0x7100086510,U,460,
0x71000866dc,U,308,
0x7100086810,U,476,
0x71000869f0,U,448,
0x7100086bb4,U,340,
0x7100086d08,U,116,
0x71000870ec,U,36,
0x7100087124,U,208,
0x7100087248,U,28,
0x71000872a8,U,28,
0x71000872d0,U,36,
0x71000872f4,U,60,
0x7100087388,U,272,
0x71000874ac,U,240,
0x71000875d0,U,264,
0x7100087740,U,88,
0x7100087800,U,80,
0x7100087850,U,160,
0x71000878f0,U,540,
0x7100087b0c,U,492,
0x7100087dc8,U,20,
0x7100087ddc,U,240,
0x7100087ecc,U,244,
0x7100087fc0,U,256,
0x71000880c0,U,244,
0x71000881b4,U,240,
0x71000882a4,U,188,
0x7100088360,U,624,
0x71000885d0,U,188,
0x710008868c,U,192,
0x710008874c,U,92,
0x71000887a8,U,92,
0x710008883c,U,192,
0x710008894c,U,240,
0x7100088a40,U,364,
0x7100088bc0,U,28,
0x7100088ca8,U,340,
0x7100088dfc,U,144,
0x7100088e8c,U,176,
0x7100088f3c,U,184,
0x7100088ff4,U,236,
0x71000890e0,U,68,
0x7100089124,U,104,
0x710008918c,U,4,
0x7100089284,U,32,
0x71000893a8,U,184,
0x71000895c8,U,160,
0x7100089668,U,236,
0x7100089754,U,244,
0x7100089848,U,8,
0x7100089850,U,12,
0x710008985c,U,8,
0x7100089864,U,24,
0x710008987c,U,12,
0x7100089888,U,12,
0x7100089894,U,8,
0x710008989c,U,24,
0x71000898b4,U,20,
0x71000898c4,U,4,
0x71000898c8,U,456,
0x7100089a90,U,104,
0x7100089c1c,U,220,
0x7100089cf8,U,500,
0x7100089eec,U,8,
0x7100089ef4,U,304,
0x710008a028,U,244,
0x710008a120,U,360,
0x710008a288,U,240,
0x710008a378,U,196,
0x710008a52c,U,128,
0x710008a648,U,420,
0x710008a7ec,U,184,
0x710008a938,U,88,
0x710008a990,U,120,
0x710008aa08,U,136,
0x710008aa90,U,324,
0x710008abd4,U,236,
0x710008acc0,U,140,
0x710008ad4c,U,384,
0x710008aecc,U,336,
0x710008b01c,U,556,
0x710008b248,U,204,
0x710008b318,U,28,
0x710008b388,U,28,
0x710008b640,U,148,
0x710008b72c,U,352,
0x710008b88c,U,152,
0x710008b924,U,440,
0x710008badc,U,1348,
0x710008c020,U,340,
0x710008c174,U,344,
0x710008c2cc,U,240,
0x710008c3bc,U,328,
0x710008c504,U,336,
0x710008c7d4,U,136,
0x710008c85c,U,192,
0x710008c91c,U,188,
0x710008c9d8,U,408,
0x710008cb70,U,120,
0x710008cbe8,U,784,
0x710008cef8,U,460,
0x710008d0c4,U,476,
0x710008d2a0,U,76,
0x710008d2ec,U,468,
0x710008d4c0,U,448,
0x710008d680,U,432,
0x710008d830,U,92,
0x710008d88c,U,92,
0x710008d8e8,U,180,
0x710008d99c,U,960,
0x710008dd5c,U,244,
0x710008de50,U,1316,
0x710008e374,U,552,
0x710008e5a0,U,448,
0x710008e764,U,360,
0x710008e8cc,U,180,
0x710008ea60,U,144,
0x710008eaf0,U,96,
0x710008eb50,U,120,
0x710008ec20,U,60,
0x710008ed0c,U,96,
0x710008edf4,U,28,
0x710008ee4c,U,28,
0x710008ef30,U,36,
0x710008ef54,U,28,
0x710008ef70,U,1040,
0x710008f920,U,264,
0x710008fa30,U,260,
0x710008fb40,U,260,
0x710008fc50,U,260,
0x710008fd60,U,260,
0x710008fe70,U,260,
0x710008ff80,U,260,
0x7100090090,U,260,
0x71000901a0,U,260,
0x71000902b0,U,260,
0x71000903c0,U,260,
0x71000904d0,U,260,
0x71000905e0,U,260,
0x71000906f0,U,260,
0x7100090800,U,264,
0x7100090910,U,264,
0x7100090a20,U,260,
0x7100090b30,U,260,
0x7100090c40,U,264,
0x7100090d50,U,260,
0x7100090e60,U,260,
0x7100090f70,U,260,
0x7100091080,U,260,
0x7100091190,U,260,
0x71000912a0,U,260,
0x71000913b0,U,260,
0x71000914c0,U,260,
0x71000915d0,U,260,
0x71000916e0,U,260,
0x71000917f0,U,260,
0x7100091900,U,260,
0x7100091a10,U,260,
0x7100091b20,U,260,
0x7100091c30,U,260,
0x7100091d40,U,260,
0x7100091e50,U,260,
0x7100091f60,U,260,
0x7100092070,U,260,
0x7100092180,U,260,
0x7100092290,U,260,
0x71000923a0,U,260,
0x71000924b0,U,260,
0x71000925c0,U,260,
0x71000926d0,U,260,
0x71000927e0,U,260,
0x71000928f0,U,260,
0x7100092a00,U,260,
0x7100092b10,U,260,
0x7100092c20,U,260,
0x7100092d30,U,260,
0x7100092e40,U,260,
0x7100092f50,U,260,
0x7100093060,U,260,
0x7100093170,U,260,
0x7100093280,U,260,
0x7100093390,U,260,
0x71000934b8,U,752,
0x71000937a8,U,680,
0x7100093a50,U,360,
0x7100093bb8,U,536,
0x7100093dd0,U,400,
0x7100093f60,U,428,
0x710009410c,U,384,
0x71000943c0,U,984,
0x71000947d4,U,16,
0x71000947e4,U,152,
0x710009487c,U,40,
0x71000948a4,U,108,
0x7100094910,U,160,
0x71000949b0,U,488,
0x7100094b98,U,340,
0x7100094cf0,U,200,
0x7100094e3c,U,120,
0x7100094fc0,U,1972,
0x71000958c8,U,516,
0x7100095acc,U,272,
0x7100095bdc,U,200,
0x7100095d68,U,304,
0x7100095e98,U,348,
0x7100095ff4,U,264,
0x7100096100,U,244,
0x71000963d0,U,340,
0x7100096524,U,224,
0x7100096604,U,452,
0x7100096884,U,720,
0x7100096b54,U,300,
0x7100096c80,U,688,
0x7100096fc8,U,648,
0x7100097250,U,296,
0x7100097378,U,472,
0x7100097550,U,916,
0x71000978e4,U,108,
0x7100097950,U,80,
0x71000979a0,U,740,
0x7100097c84,U,68,
0x7100097cc8,U,28,
0x7100097cf8,U,28,
0x7100097d18,U,308,
0x7100097e4c,U,308,
0x7100097f80,U,680,
0x7100098230,U,148,
0x7100098410,U,384,
0x71000986d0,U,244,
0x71000987c8,U,340,
0x7100098ae8,U,180,
0x7100098b9c,U,28,
0x7100098bcc,U,28,
0x7100098c9c,U,472,
0x7100098e78,U,452,
0x7100099040,U,80,
0x710009909c,U,44,
0x71000990c8,U,44,
0x71000990f8,U,88,
0x7100099150,U,88,
0x71000991e0,U,56,
0x710009921c,U,244,
0x7100099314,U,340,
0x7100099678,U,172,
0x7100099724,U,72,
0x710009976c,U,72,
0x71000997b4,U,220,
0x7100099890,U,208,
0x7100099960,U,12,
0x71000999cc,U,108,
0x7100099a38,U,28,
0x7100099a68,U,28,
0x7100099b70,U,36,
0x7100099b94,U,472,
0x7100099d70,U,452,
0x7100099f38,U,80,
0x7100099f94,U,44,
0x7100099fc0,U,44,
0x7100099ff0,U,88,
0x710009a048,U,88,
0x710009a0e0,U,56,
0x710009a11c,U,244,
0x710009a214,U,340,
0x710009a430,U,160,
0x710009a4d0,U,28,
0x710009a500,U,28,
0x710009a520,U,148,
0x710009a5b4,U,300,
0x710009a6e0,U,368,
0x710009a850,U,664,
0x710009aae8,U,272,
0x710009abf8,U,304,
0x710009ad4c,U,4,
0x710009ad50,U,268,
0x710009ae5c,U,500,
0x710009b050,U,1052,
0x710009b46c,U,296,
0x710009b594,U,220,
0x710009b6f0,U,348,
0x710009b84c,U,460,
0x710009ba1c,U,220,
0x710009bc3c,U,360,
0x710009bda4,U,88,
0x710009be34,U,20,
0x710009bea0,U,56,
0x710009bedc,U,244,
0x710009bfd4,U,340,
0x710009c3b8,U,156,
0x710009c460,U,480,
0x710009c640,U,136,
0x710009c6c8,U,28,
0x710009c6f8,U,28,
0x710009c720,U,148,
0x710009c7b8,U,240,
0x710009cab0,U,340,
0x710009cc04,U,488,
0x710009cdec,U,36,
0x710009ce10,U,204,
0x710009cedc,U,4,
0x710009cee0,U,320,
0x710009d020,U,240,
0x710009d110,U,220,
0x710009d1ec,U,460,
0x710009d50c,U,32,
0x710009d52c,U,168,
0x710009d5d4,U,252,
0x710009d6d0,U,144,
0x710009d760,U,72,
0x710009d7a8,U,220,
0x710009d884,U,220,
0x710009d960,U,224,
0x710009da40,U,328,
0x710009db88,U,24,
0x710009dba0,U,312,
0x710009dcd8,U,44,
0x710009dd04,U,104,
0x710009dd6c,U,104,
0x710009ddd4,U,220,
0x710009deb0,U,768,
0x710009e1b0,U,2168,
0x710009ea28,U,20,
0x710009ebb4,U,72,
0x710009ebfc,U,4,
0x710009ec00,U,184,
0x710009ecb8,U,28,
0x710009ecd4,U,364,
0x710009ee40,U,128,
0x710009eee0,U,20,
0x710009efb8,U,432,
0x710009f17c,U,28,
0x710009f200,U,480,
0x710009f430,U,72,
0x710009f478,U,72,
0x710009f638,U,36,
0x710009f69c,U,480,
0x710009f8cc,U,72,
0x710009f914,U,72,
0x710009fad4,U,36,
0x710009fb38,U,480,
0x710009fd68,U,72,
0x710009fdb0,U,72,
0x710009ff70,U,36,
0x710009ffd4,U,480,
0x71000a0204,U,72,
0x71000a024c,U,72,
0x71000a0318,U,480,
0x71000a0548,U,72,
0x71000a0590,U,72,
0x71000a0660,U,1768,
0x71000a0d50,U,488,
0x71000a0f40,U,384,
0x71000a10c0,U,500,
0x71000a12c0,U,584,
0x71000a16c4,U,28,
0x71000a16e0,U,48,
0x71000a1710,U,60,
0x71000a174c,U,20,
0x71000a1760,U,20,
0x71000a1774,U,16,
0x71000a1784,U,24,
0x71000a179c,U,140,
0x71000a1828,U,172,
0x71000a18d4,U,164,
0x71000a1978,U,172,
0x71000a1a24,U,192,
0x71000a1ae4,U,192,
0x71000a1ba4,U,188,
0x71000a1c60,U,104,
0x71000a1cc8,U,108,
0x71000a1d34,U,416,
0x71000a1ed4,U,108,
0x71000a1f40,U,212,
0x71000a2014,U,224,
0x71000a20f4,U,84,
0x71000a2148,U,60,
0x71000a2184,U,236,
0x71000a2270,U,384,
0x71000a26c0,U,264,
0x71000a2bdc,U,112,
0x71000a2c4c,U,108,
0x71000a2cb8,U,108,
0x71000a2d24,U,108,
0x71000a2d90,U,108,
0x71000a2dfc,U,108,
0x71000a2e68,U,108,
0x71000a2ed4,U,108,
0x71000a2f40,U,108,
0x71000a2fac,U,108,
0x71000a3018,U,68,
0x71000a305c,U,124,
0x71000a30d8,U,144,
0x71000a3168,U,144,
0x71000a31f8,U,68,
0x71000a323c,U,68,
0x71000a3280,U,68,
0x71000a32c4,U,68,
0x71000a3308,U,68,
0x71000a334c,U,104,
0x71000a33b4,U,152,
0x71000a346c,U,412,
0x71000a3640,U,480,
0x71000a388c,U,476,
0x71000a3ad4,U,480,
0x71000a3d20,U,476,
0x71000a3f68,U,480,
0x71000a41b4,U,480,
0x71000a4598,U,552,
0x71000a47c0,U,408,
0x71000a4b60,U,940,
0x71000a4f0c,U,264,
0x71000a5020,U,248,
0x71000a5118,U,92,
0x71000a5174,U,232,
0x71000a525c,U,244,
0x71000a5350,U,112,
0x71000a53c0,U,108,
0x71000a542c,U,52,
0x71000a5460,U,460,
0x71000a562c,U,460,
0x71000a57f8,U,320,
0x71000a5938,U,264,
0x71000a5a40,U,476,
0x71000a5c1c,U,476,
0x71000a5e00,U,1768,
0x71000a64f0,U,488,
0x71000a66e0,U,384,
0x71000a6860,U,500,
0x71000a6a60,U,584,
0x71000a6ca8,U,516,
0x71000a6eb0,U,220,
0x71000a6f8c,U,220,
0x71000a706c,U,220,
0x71000a71f4,U,172,
0x71000a72a0,U,172,
0x71000a734c,U,172,
0x71000a73f8,U,172,
0x71000a74a8,U,220,
0x71000a7584,U,220,
0x71000a7664,U,220,
0x71000a7740,U,220,
0x71000a7828,U,220,
0x71000a7904,U,220,
0x71000a7d64,U,388,
0x71000a7ee8,U,220,
0x71000a8348,U,388,
0x71000a84cc,U,220,
0x71000a85a8,U,496,
0x71000a87a4,U,480,
0x71000a8b4c,U,220,
0x71000a8c28,U,220,
0x71000a9088,U,388,
0x71000a920c,U,220,
0x71000a966c,U,388,
0x71000a97f0,U,220,
0x71000a98cc,U,496,
0x71000a9abc,U,220,
0x71000a9b98,U,220,
0x71000a9ff8,U,388,
0x71000aa17c,U,220,
0x71000aa5dc,U,388,
0x71000aa760,U,220,
0x71000aa83c,U,496,
0x71000aaa2c,U,220,
0x71000aab08,U,220,
0x71000aaf68,U,388,
0x71000ab0ec,U,220,
0x71000ab54c,U,388,
0x71000ab6d0,U,220,
0x71000ab7ac,U,496,
0x71000ab99c,U,220,
0x71000aba78,U,220,
0x71000abed8,U,388,
0x71000ac05c,U,220,
0x71000ac4bc,U,388,
0x71000ac640,U,220,
0x71000ac71c,U,496,
0x71000ac90c,U,220,
0x71000ac9e8,U,220,
0x71000ace48,U,388,
0x71000acfcc,U,220,
0x71000ad42c,U,388,
0x71000ad5b0,U,220,
0x71000ad68c,U,496,
0x71000ad87c,U,220,
0x71000ad958,U,220,
0x71000addb8,U,388,
0x71000adf3c,U,220,
0x71000ae39c,U,388,
0x71000ae520,U,220,
0x71000ae5fc,U,496,
0x71000ae7ec,U,220,
0x71000ae8c8,U,220,
0x71000aed28,U,388,
0x71000aeeac,U,220,
0x71000af30c,U,388,
0x71000af490,U,220,
0x71000af56c,U,496,
0x71000af760,U,384,
0x71000af8e0,U,220,
0x71000af9bc,U,220,
0x71000afa98,U,220,
0x71000afef8,U,388,
0x71000b007c,U,220,
0x71000b04dc,U,388,
0x71000b0660,U,220,
0x71000b073c,U,496,
0x71000b092c,U,220,
0x71000b0a08,U,220,
0x71000b0e68,U,388,
0x71000b0fec,U,220,
0x71000b144c,U,388,
0x71000b15d0,U,220,
0x71000b16ac,U,464,
0x71000b187c,U,220,
0x71000b1958,U,220,
0x71000b1db8,U,388,
0x71000b1f3c,U,220,
0x71000b239c,U,388,
0x71000b2520,U,220,
0x71000b25fc,U,500,
0x71000b27f0,U,220,
0x71000b28cc,U,220,
0x71000b2d2c,U,388,
0x71000b2eb0,U,220,
0x71000b3310,U,388,
0x71000b3494,U,220,
0x71000b3570,U,500,
0x71000b3764,U,220,
0x71000b3840,U,220,
0x71000b3ca0,U,388,
0x71000b3e24,U,220,
0x71000b4284,U,388,
0x71000b4408,U,220,
0x71000b44e4,U,500,
0x71000b46d8,U,220,
0x71000b47b4,U,220,
0x71000b4890,U,220,
0x71000b496c,U,220,
0x71000b4a48,U,220,
0x71000b4b24,U,220,
0x71000b4f84,U,388,
0x71000b5108,U,220,
0x71000b5568,U,388,
0x71000b56ec,U,220,
0x71000b57c8,U,504,
0x71000b59c0,U,220,
0x71000b5a9c,U,220,
0x71000b5efc,U,388,
0x71000b6080,U,220,
0x71000b64e0,U,388,
0x71000b6664,U,220,
0x71000b6740,U,504,
0x71000b6938,U,220,
0x71000b6a14,U,220,
0x71000b6e74,U,388,
0x71000b6ff8,U,220,
0x71000b7458,U,388,
0x71000b75dc,U,220,
0x71000b76b8,U,500,
0x71000b78ac,U,220,
0x71000b7988,U,220,
0x71000b7de8,U,388,
0x71000b7f6c,U,220,
0x71000b83cc,U,388,
0x71000b8550,U,220,
0x71000b862c,U,500,
0x71000b8820,U,220,
0x71000b88fc,U,220,
0x71000b8d5c,U,388,
0x71000b8ee0,U,220,
0x71000b9340,U,388,
0x71000b94c4,U,220,
0x71000b95a0,U,496,
0x71000b9790,U,220,
0x71000b986c,U,220,
0x71000b9ccc,U,388,
0x71000b9e50,U,220,
0x71000ba2b0,U,388,
0x71000ba434,U,220,
0x71000ba510,U,496,
0x71000ba704,U,380,
0x71000ba884,U,388,
0x71000baa08,U,360,
0x71000bab70,U,88,
0x71000bac00,U,20,
0x71000bac60,U,360,
0x71000badc8,U,88,
0x71000bae58,U,20,
0x71000baeb8,U,360,
0x71000bb020,U,88,
0x71000bb0b0,U,20,
0x71000bb110,U,360,
0x71000bb278,U,88,
0x71000bb308,U,20,
0x71000bb368,U,360,
0x71000bb4d0,U,88,
0x71000bb560,U,20,
0x71000bb5c0,U,360,
0x71000bb728,U,88,
0x71000bb7b8,U,20,
0x71000bb818,U,360,
0x71000bb980,U,88,
0x71000bba10,U,20,
0x71000bba70,U,360,
0x71000bbbd8,U,88,
0x71000bbc68,U,20,
0x71000bbcc8,U,360,
0x71000bbe30,U,88,
0x71000bbec0,U,20,
0x71000bbf20,U,364,
0x71000bc08c,U,60,
0x71000bc124,U,20,
0x71000bc260,U,364,
0x71000bc3cc,U,60,
0x71000bc464,U,20,
0x71000bc668,U,360,
0x71000bc7d0,U,88,
0x71000bc860,U,20,
0x71000bc8c0,U,360,
0x71000bca28,U,88,
0x71000bcab8,U,20,
0x71000bcb18,U,364,
0x71000bcc84,U,60,
0x71000bccfc,U,20,
0x71000bcd50,U,128,
0x71000bce50,U,272,
0x71000bcf60,U,364,
0x71000bd0cc,U,60,
0x71000bd144,U,20,
0x71000bd198,U,128,
0x71000bd298,U,272,
0x71000bd3a8,U,360,
0x71000bd510,U,88,
0x71000bd5a0,U,20,
0x71000bd600,U,360,
0x71000bd768,U,88,
0x71000bd7f8,U,20,
0x71000bd858,U,364,
0x71000bd9c4,U,60,
0x71000bda5c,U,20,
0x71000bdb98,U,364,
0x71000bdd04,U,60,
0x71000bdd9c,U,20,
0x71000bded8,U,360,
0x71000be040,U,88,
0x71000be0d0,U,20,
0x71000be130,U,360,
0x71000be298,U,88,
0x71000be328,U,20,
0x71000be388,U,364,
0x71000be4f4,U,60,
0x71000be56c,U,20,
0x71000be5c0,U,128,
0x71000be6c0,U,272,
0x71000be7d0,U,364,
0x71000be93c,U,60,
0x71000be9b4,U,20,
0x71000bea08,U,128,
0x71000beb08,U,272,
0x71000bec18,U,360,
0x71000bed80,U,88,
0x71000bee10,U,20,
0x71000bee70,U,360,
0x71000befd8,U,88,
0x71000bf068,U,20,
0x71000bf0c8,U,364,
0x71000bf234,U,60,
0x71000bf2cc,U,20,
0x71000bf408,U,364,
0x71000bf574,U,60,
0x71000bf60c,U,20,
0x71000bf748,U,360,
0x71000bf8b0,U,88,
0x71000bf940,U,20,
0x71000bf9a0,U,360,
0x71000bfb08,U,88,
0x71000bfb98,U,20,
0x71000bfbf8,U,364,
0x71000bfd64,U,60,
0x71000bfdfc,U,20,
0x71000bff38,U,364,
0x71000c00a4,U,60,
0x71000c013c,U,20,
0x71000c0278,U,360,
0x71000c03e0,U,88,
0x71000c0470,U,20,
0x71000c04d0,U,360,
0x71000c0638,U,88,
0x71000c06c8,U,20,
0x71000c0728,U,364,
0x71000c0894,U,60,
0x71000c092c,U,20,
0x71000c0a68,U,364,
0x71000c0bd4,U,60,
0x71000c0c6c,U,20,
0x71000c0da8,U,360,
0x71000c0f10,U,88,
0x71000c0fa0,U,20,
0x71000c1000,U,360,
0x71000c1168,U,88,
0x71000c11f8,U,20,
0x71000c1258,U,364,
0x71000c13c4,U,60,
0x71000c145c,U,20,
0x71000c1598,U,364,
0x71000c1704,U,60,
0x71000c179c,U,20,
0x71000c18e8,U,360,
0x71000c1a50,U,88,
0x71000c1ae0,U,20,
0x71000c1b40,U,360,
0x71000c1ca8,U,88,
0x71000c1d38,U,20,
0x71000c1d98,U,360,
0x71000c1f00,U,88,
0x71000c1f90,U,20,
0x71000c1ff0,U,364,
0x71000c215c,U,60,
0x71000c219c,U,96,
0x71000c2218,U,20,
0x71000c22c8,U,144,
0x71000c2358,U,144,
0x71000c23e8,U,364,
0x71000c2554,U,60,
0x71000c2594,U,96,
0x71000c2610,U,20,
0x71000c26c0,U,144,
0x71000c2750,U,144,
0x71000c27e0,U,360,
0x71000c2948,U,60,
0x71000c29b4,U,20,
0x71000c2a14,U,360,
0x71000c2b7c,U,60,
0x71000c2be8,U,20,
0x71000c2c48,U,364,
0x71000c2db4,U,60,
0x71000c2e20,U,20,
0x71000c2e60,U,136,
0x71000c2f58,U,292,
0x71000c307c,U,364,
0x71000c31e8,U,60,
0x71000c3254,U,20,
0x71000c3294,U,136,
0x71000c338c,U,292,
0x71000c34b0,U,360,
0x71000c3618,U,88,
0x71000c36a8,U,20,
0x71000c3708,U,360,
0x71000c3870,U,88,
0x71000c3900,U,20,
0x71000c3960,U,364,
0x71000c3acc,U,60,
0x71000c3b40,U,20,
0x71000c3b8c,U,136,
0x71000c3c14,U,172,
0x71000c3d70,U,364,
0x71000c3edc,U,60,
0x71000c3f50,U,20,
0x71000c3f9c,U,136,
0x71000c4024,U,172,
0x71000c4180,U,360,
0x71000c42e8,U,88,
0x71000c4378,U,20,
0x71000c43d8,U,360,
0x71000c4540,U,88,
0x71000c45d0,U,20,
0x71000c4630,U,364,
0x71000c479c,U,60,
0x71000c4810,U,20,
0x71000c485c,U,200,
0x71000c4924,U,236,
0x71000c4b00,U,364,
0x71000c4c6c,U,60,
0x71000c4ce0,U,20,
0x71000c4d2c,U,200,
0x71000c4df4,U,236,
0x71000c4fd0,U,360,
0x71000c5138,U,88,
0x71000c51c8,U,20,
0x71000c5228,U,360,
0x71000c5390,U,88,
0x71000c5420,U,20,
0x71000c5480,U,364,
0x71000c55ec,U,60,
0x71000c5660,U,20,
0x71000c56ac,U,204,
0x71000c5778,U,240,
0x71000c595c,U,364,
0x71000c5ac8,U,60,
0x71000c5b3c,U,20,
0x71000c5b88,U,204,
0x71000c5c54,U,240,
0x71000c5e38,U,364,
0x71000c5fa4,U,96,
0x71000c603c,U,20,
0x71000c609c,U,364,
0x71000c6208,U,96,
0x71000c62a0,U,20,
0x71000c6300,U,364,
0x71000c646c,U,96,
0x71000c6504,U,20,
0x71000c6564,U,364,
0x71000c66d0,U,96,
0x71000c6768,U,20,
0x71000c67c8,U,364,
0x71000c6934,U,96,
0x71000c69cc,U,20,
0x71000c6a2c,U,364,
0x71000c6b98,U,96,
0x71000c6c30,U,20,
0x71000c6c90,U,364,
0x71000c6dfc,U,60,
0x71000c6e70,U,20,
0x71000c6f58,U,92,
0x71000c6fb4,U,364,
0x71000c7120,U,60,
0x71000c7194,U,20,
0x71000c727c,U,92,
0x71000c72d8,U,364,
0x71000c7444,U,96,
0x71000c74dc,U,20,
0x71000c753c,U,364,
0x71000c76a8,U,96,
0x71000c7740,U,20,
0x71000c77a0,U,364,
0x71000c790c,U,60,
0x71000c7980,U,20,
0x71000c79cc,U,136,
0x71000c7a54,U,172,
0x71000c7bb0,U,364,
0x71000c7d1c,U,60,
0x71000c7d90,U,20,
0x71000c7ddc,U,136,
0x71000c7e64,U,172,
0x71000c7fc0,U,360,
0x71000c8128,U,88,
0x71000c81b8,U,20,
0x71000c8218,U,360,
0x71000c8380,U,88,
0x71000c8410,U,20,
0x71000c8470,U,364,
0x71000c85dc,U,60,
0x71000c8650,U,20,
0x71000c869c,U,136,
0x71000c8724,U,172,
0x71000c8880,U,364,
0x71000c89ec,U,60,
0x71000c8a60,U,20,
0x71000c8aac,U,136,
0x71000c8b34,U,172,
0x71000c8c90,U,360,
0x71000c8df8,U,88,
0x71000c8e88,U,20,
0x71000c8ee8,U,360,
0x71000c9050,U,88,
0x71000c90e0,U,20,
0x71000c9140,U,364,
0x71000c92ac,U,60,
0x71000c9320,U,20,
0x71000c936c,U,128,
0x71000c93ec,U,164,
0x71000c9538,U,364,
0x71000c96a4,U,60,
0x71000c9718,U,20,
0x71000c9764,U,128,
0x71000c97e4,U,164,
0x71000c9930,U,360,
0x71000c9a98,U,88,
0x71000c9b28,U,20,
0x71000c9b88,U,360,
0x71000c9cf0,U,88,
0x71000c9d80,U,20,
0x71000c9de0,U,364,
0x71000c9f4c,U,60,
0x71000c9f8c,U,96,
0x71000ca008,U,20,
0x71000ca0b8,U,144,
0x71000ca148,U,144,
0x71000ca1d8,U,364,
0x71000ca344,U,60,
0x71000ca384,U,96,
0x71000ca400,U,20,
0x71000ca4b0,U,144,
0x71000ca540,U,144,
0x71000ca5d0,U,360,
0x71000ca738,U,60,
0x71000ca7ac,U,20,
0x71000ca80c,U,360,
0x71000ca974,U,60,
0x71000ca9e8,U,20,
0x71000caa48,U,364,
0x71000cabb4,U,60,
0x71000cac4c,U,20,
0x71000cad88,U,364,
0x71000caef4,U,60,
0x71000caf8c,U,20,
0x71000cb434,U,80,
0x71000cb484,U,88,
0x71000cb6d4,U,80,
0x71000cb724,U,88,
0x71000cbae4,U,524,
0x71000cbcf0,U,516,
0x71000cbef4,U,576,
0x71000cc134,U,576,
0x71000cc374,U,460,
0x71000cc564,U,168,
0x71000cc60c,U,180,
0x71000cc6c0,U,112,
0x71000cc730,U,128,
0x71000cc800,U,144,
0x71000cc890,U,144,
0x71000cc920,U,132,
0x71000cc9a4,U,132,
0x71000cca28,U,132,
0x71000ccaac,U,140,
0x71000ccbc4,U,76,
0x71000ccc10,U,76,
0x71000ccc5c,U,76,
0x71000ccca8,U,144,
0x71000ccd38,U,76,
0x71000ccd84,U,144,
0x71000cce14,U,76,
0x71000cce60,U,168,
0x71000ccf08,U,168,
0x71000ccfb0,U,80,
0x71000cd000,U,132,
0x71000cd084,U,132,
0x71000cd108,U,132,
0x71000cd18c,U,140,
0x71000cd2a4,U,148,
0x71000cd5d8,U,128,
0x71000cd7a8,U,272,
0x71000cd8b8,U,80,
0x71000cd908,U,84,
0x71000cda80,U,128,
0x71000cdb10,U,80,
0x71000cdb60,U,84,
0x71000cdbbc,U,164,
0x71000cdcc0,U,136,
0x71000cde78,U,248,
0x71000cdfb0,U,196,
0x71000ce19c,U,356,
0x71000ce300,U,412,
0x71000ce49c,U,360,
0x71000ce604,U,316,
0x71000ce740,U,344,
0x71000ce8b8,U,216,
0x71000cecc8,U,80,
0x71000ced18,U,84,
0x71000ceeb0,U,80,
0x71000cef00,U,84,
0x71000cf1fc,U,440,
0x71000cf3b4,U,440,
0x71000cf56c,U,480,
0x71000cf74c,U,480,
0x71000cf92c,U,484,
0x71000cfb30,U,168,
0x71000cfbd8,U,176,
0x71000cfd94,U,128,
0x71000cff64,U,272,
0x71000d0074,U,80,
0x71000d00c4,U,84,
0x71000d023c,U,128,
0x71000d02cc,U,80,
0x71000d031c,U,84,
0x71000d0378,U,164,
0x71000d047c,U,136,
0x71000d0634,U,248,
0x71000d076c,U,196,
0x71000d0958,U,356,
0x71000d0abc,U,412,
0x71000d0c58,U,360,
0x71000d0dc0,U,316,
0x71000d0f1c,U,216,
0x71000d133c,U,80,
0x71000d138c,U,88,
0x71000d1524,U,80,
0x71000d1574,U,88,
0x71000d1778,U,196,
0x71000d18b8,U,192,
0x71000d1d24,U,336,
0x71000d1e94,U,168,
0x71000d1f3c,U,176,
0x71000d2254,U,80,
0x71000d22a4,U,88,
0x71000d243c,U,80,
0x71000d248c,U,88,
0x71000d2690,U,196,
0x71000d27d0,U,192,
0x71000d2c3c,U,336,
0x71000d2dac,U,168,
0x71000d2e54,U,176,
0x71000d3154,U,80,
0x71000d31a4,U,84,
0x71000d333c,U,80,
0x71000d338c,U,84,
0x71000d358c,U,196,
0x71000d36cc,U,192,
0x71000d3b38,U,336,
0x71000d3ca8,U,168,
0x71000d3d50,U,176,
0x71000d4068,U,80,
0x71000d40b8,U,88,
0x71000d4250,U,80,
0x71000d42a0,U,88,
0x71000d44a4,U,196,
0x71000d45e4,U,192,
0x71000d4a50,U,336,
0x71000d4bc0,U,168,
0x71000d4c68,U,176,
0x71000d4fd0,U,80,
0x71000d5020,U,84,
0x71000d5268,U,80,
0x71000d52b8,U,84,
0x71000d5474,U,284,
0x71000d5590,U,284,
0x71000d56ac,U,136,
0x71000d5888,U,164,
0x71000d592c,U,316,
0x71000d5a68,U,440,
0x71000d5c20,U,560,
0x71000d5e74,U,216,
0x71000d5f4c,U,228,
0x71000d6150,U,136,
0x71000d61d8,U,264,
0x71000d6310,U,404,
0x71000d64a4,U,80,
0x71000d64f4,U,84,
0x71000d6600,U,136,
0x71000d6698,U,256,
0x71000d6798,U,80,
0x71000d67e8,U,84,
0x71000d6844,U,204,
0x71000d6914,U,264,
0x71000d6aa8,U,108,
0x71000d6b14,U,108,
0x71000d6ba4,U,4,
0x71000d6ba8,U,236,
0x71000d6c94,U,332,
0x71000d6de0,U,376,
0x71000d6f6c,U,184,
0x71000d7024,U,180,
0x71000d71f8,U,136,
0x71000d7280,U,264,
0x71000d73b8,U,404,
0x71000d754c,U,80,
0x71000d759c,U,84,
0x71000d76a8,U,136,
0x71000d7740,U,256,
0x71000d7840,U,80,
0x71000d7890,U,84,
0x71000d78ec,U,244,
0x71000d7c58,U,144,
0x71000d7ce8,U,144,
0x71000d7d78,U,240,
0x71000d7ef8,U,304,
0x71000d8088,U,520,
0x71000d8290,U,408,
0x71000d8428,U,324,
0x71000d8590,U,276,
0x71000d86a4,U,292,
0x71000d88f0,U,200,
0x71000d8a18,U,376,
0x71000d8b90,U,456,
0x71000d8d58,U,80,
0x71000d8da8,U,84,
0x71000d8f54,U,200,
0x71000d902c,U,80,
0x71000d907c,U,84,
0x71000d9310,U,228,
0x71000d95bc,U,256,
0x71000d9788,U,116,
0x71000d97fc,U,468,
0x71000d99d0,U,304,
0x71000d9b00,U,272,
0x71000d9c10,U,472,
0x71000d9de8,U,472,
0x71000d9fe0,U,224,
0x71000da0c0,U,240,
0x71000da2e8,U,204,
0x71000da414,U,392,
0x71000da59c,U,488,
0x71000da784,U,80,
0x71000da7d4,U,84,
0x71000da974,U,204,
0x71000daa50,U,80,
0x71000daaa0,U,84,
0x71000dad44,U,228,
0x71000daff0,U,264,
0x71000db1c4,U,116,
0x71000db238,U,468,
0x71000db40c,U,304,
0x71000db53c,U,280,
0x71000db654,U,472,
0x71000db82c,U,480,
0x71000dba2c,U,228,
0x71000dbb10,U,244,
0x71000dbcc4,U,80,
0x71000dbe0c,U,80,
0x71000dbf8c,U,296,
0x71000dc190,U,192,
0x71000dc374,U,100,
0x71000dc3d8,U,116,
0x71000dc4e8,U,136,
0x71000dc580,U,80,
0x71000dc6a4,U,136,
0x71000dc73c,U,80,
0x71000dc7cc,U,244,
0x71000dcabc,U,236,
0x71000dcbec,U,304,
0x71000dcd2c,U,400,
0x71000dcebc,U,364,
0x71000dd04c,U,276,
0x71000dd160,U,292,
0x71000dd534,U,136,
0x71000dd5cc,U,80,
0x71000dd61c,U,84,
0x71000dd70c,U,136,
0x71000dd7a4,U,80,
0x71000dd7f4,U,84,
0x71000dd850,U,260,
0x71000ddc54,U,236,
0x71000ddd84,U,320,
0x71000dded4,U,640,
0x71000de178,U,276,
0x71000de28c,U,292,
0x71000de4f4,U,128,
0x71000de574,U,268,
0x71000de6b0,U,404,
0x71000de844,U,80,
0x71000de894,U,84,
0x71000dea2c,U,128,
0x71000deabc,U,80,
0x71000deb0c,U,84,
0x71000deb68,U,172,
0x71000defec,U,196,
0x71000df22c,U,348,
0x71000df388,U,252,
0x71000df484,U,360,
0x71000df5ec,U,356,
0x71000df750,U,304,
0x71000df8a0,U,152,
0x71000df938,U,164,
0x71000dfc5c,U,80,
0x71000dfcac,U,84,
0x71000dfe44,U,80,
0x71000dfe94,U,84,
0x71000e00a0,U,136,
0x71000e027c,U,164,
0x71000e0320,U,516,
0x71000e0524,U,564,
0x71000e0758,U,560,
0x71000e0988,U,560,
0x71000e0bb8,U,472,
0x71000e0db4,U,216,
0x71000e0e8c,U,228,
0x71000e11d8,U,80,
0x71000e1228,U,88,
0x71000e13c0,U,80,
0x71000e1410,U,88,
0x71000e1848,U,188,
0x71000e1980,U,184,
0x71000e1ddc,U,168,
0x71000e1e84,U,176,
0x71000e21e4,U,264,
0x71000e23ac,U,260,
0x71000e24b0,U,264,
0x71000e25b8,U,320,
0x71000e5fc4,U,480,
0x71000e61b0,U,480,
0x71000e6394,U,220,
0x71000e6470,U,220,
0x71000e6624,U,360,
0x71000e678c,U,88,
0x71000e681c,U,20,
0x71000e687c,U,360,
0x71000e69e4,U,88,
0x71000e6a74,U,20,
0x71000e6ce0,U,196,
0x71000e6db0,U,156,
0x71000e6e4c,U,396,
0x71000e6fd8,U,236,
0x71000e70c4,U,656,
0x71000e7354,U,204,
0x71000e7420,U,156,
0x71000e74bc,U,80,
0x71000e750c,U,80,
0x71000e755c,U,184,
0x71000e7614,U,200,
0x71000e76dc,U,256,
0x71000e77dc,U,260,
0x71000e78e0,U,200,
0x71000e79a8,U,216,
0x71000e7a80,U,220,
0x71000e7b5c,U,760,
0x71000e7e54,U,288,
0x71000e7f74,U,208,
0x71000e8044,U,212,
0x71000e8118,U,104,
0x71000e8180,U,104,
0x71000e81e8,U,192,
0x71000e82a8,U,980,
0x71000e8680,U,168,
0x71000e8a5c,U,244,
0x71000e8b54,U,340,
0x71000e8ca8,U,64,
0x71000e8ce8,U,20,
0x71000e8d30,U,160,
0x71000e8dd0,U,472,
0x71000e8fa8,U,496,
0x71000e9198,U,1240,
0x71000e9670,U,52,
0x71000e96a4,U,28,
0x71000e96d0,U,28,
0x71000e98a0,U,412,
0x71000e9a7c,U,508,
0x71000e9c78,U,232,
0x71000e9d60,U,416,
0x71000e9f00,U,280,
0x71000ea018,U,76,
0x71000ea064,U,264,
0x71000ea16c,U,304,
0x71000ea29c,U,216,
0x71000ea374,U,116,
0x71000ea3e8,U,96,
0x71000ea448,U,2032,
0x71000eac38,U,320,
0x71000ead80,U,416,
0x71000eaf20,U,984,
0x71000eb300,U,288,
0x71000eb420,U,512,
0x71000eb7c4,U,424,
0x71000eb984,U,324,
0x71000ebad0,U,4,
0x71000ebad4,U,1020,
0x71000ec130,U,84,
0x71000ec184,U,460,
0x71000ec350,U,476,
0x71000ec52c,U,476,
0x71000ec708,U,404,
0x71000ec89c,U,468,
0x71000eca70,U,248,
0x71000ecb68,U,384,
0x71000eccf0,U,176,
0x71000eceec,U,384,
0x71000ed224,U,148,
0x71000ed2b8,U,456,
0x71000ed480,U,392,
0x71000ed608,U,120,
0x71000ed680,U,160,
0x71000ed720,U,48,
0x71000ed750,U,8,
0x71000ed758,U,740,
0x71000eda3c,U,216,
0x71000edb14,U,48,
0x71000edb44,U,8,
0x71000edb4c,U,416,
0x71000edcec,U,8,
0x71000edcf4,U,24,
0x71000edd0c,U,20,
0x71000edda0,U,348,
0x71000edf00,U,192,
0x71000edfc0,U,852,
0x71000ee314,U,196,
0x71000ee3d8,U,248,
0x71000ee4d0,U,24,
0x71000ee4e8,U,1032,
0x71000ee8f0,U,268,
0x71000ee9fc,U,232,
0x71000eeae4,U,588,
0x71000eed30,U,332,
0x71000eee7c,U,264,
0x71000eef84,U,212,
0x71000ef058,U,428,
0x71000ef204,U,384,
0x71000ef410,U,292,
0x71000ef534,U,560,
0x71000ef9cc,U,68,
0x71000efa24,U,52,
0x71000efa58,U,60,
0x71000efa94,U,64,
0x71000efad4,U,60,
0x71000efb10,U,64,
0x71000efb50,U,56,
0x71000efb88,U,244,
0x71000efc7c,U,40,
0x71000efca4,U,44,
0x71000efcd0,U,44,
0x71000efcfc,U,44,
0x71000efdb4,U,348,
0x71000eff14,U,348,
0x71000f0074,U,348,
0x71000f01d0,U,920,
0x71000f0568,U,132,
0x71000f05ec,U,92,
0x71000f0648,U,412,
0x71000f07e4,U,24,
0x71000f07fc,U,732,
0x71000f0ad8,U,1120,
0x71000f0f38,U,1512,
0x71000f1520,U,680,
0x71000f17c8,U,1204,
0x71000f1c7c,U,24,
0x71000f1c94,U,1320,
0x71000f21bc,U,648,
0x71000f2444,U,1372,
0x71000f29a0,U,224,
0x71000f2a80,U,92,
0x71000f2adc,U,24,
0x71000f2af4,U,220,
0x71000f2bf0,U,148,
0x71000f2d3c,U,168,
0x71000f2eb4,U,196,
0x71000f3030,U,288,
0x71000f3150,U,704,
0x71000f3510,U,192,
0x71000f35d0,U,48,
0x71000f36f8,U,112,
0x71000f3768,U,128,
0x71000f37e8,U,212,
0x71000f38bc,U,748,
0x71000f3ba8,U,36,
0x71000f3bcc,U,160,
0x71000f3c6c,U,16,
0x71000f3c7c,U,104,
0x71000f3ce4,U,104,
0x71000f3d4c,U,48,
0x71000f3d7c,U,60,
0x71000f3db8,U,60,
0x71000f3df4,U,60,
0x71000f3e30,U,132,
0x71000f3eb4,U,20,
0x71000f3ec8,U,628,
0x71000f413c,U,272,
0x71000f424c,U,116,
0x71000f42c0,U,128,
0x71000f43c0,U,84,
0x71000f4414,U,116,
0x71000f4488,U,68,
0x71000f44cc,U,488,
0x71000f46b4,U,948,
0x71000f4a68,U,172,
0x71000f4b14,U,120,
0x71000f4c10,U,140,
0x71000f4c9c,U,40,
0x71000f4cc4,U,40,
0x71000f4cec,U,68,
0x71000f4d30,U,104,
0x71000f4d98,U,40,
0x71000f4dc0,U,132,
0x71000f4e44,U,24,
0x71000f4ebc,U,932,
0x71000f5260,U,232,
0x71000f5348,U,24,
0x71000f5360,U,24,
0x71000f5500,U,384,
0x71000f56d4,U,356,
0x71000f583c,U,244,
0x71000f5f60,U,388,
0x71000f60e4,U,696,
0x71000f63b0,U,952,
0x71000f68bc,U,1936,
0x71000f704c,U,764,
0x71000f7348,U,908,
0x71000f7710,U,240,
0x71000f86c0,U,504,
0x71000f88b8,U,632,
0x71000f8b30,U,2336,
0x71000f9450,U,340,
0x71000f96b8,U,72,
0x71000f9700,U,1568,
0x71000f9d20,U,356,
0x71000f9e84,U,224,
0x71000f9f64,U,196,
0x71000fa028,U,52,
0x71000fa05c,U,892,
0x71000fa3d8,U,820,
0x71000fa70c,U,952,
0x71000faac4,U,296,
0x71000fb040,U,1344,
0x71000fb9f4,U,260,
0x71000fbaf8,U,232,
0x71000fbbe0,U,88,
0x71000fbc38,U,60,
0x71000fbc74,U,8,
0x71000fbc7c,U,100,
0x71000fbce0,U,264,
0x71000fbde8,U,16,
0x71000fbdf8,U,28,
0x71000fbe14,U,8,
0x71000fbe1c,U,188,
0x71000fbed8,U,36,
0x71000fbefc,U,28,
0x71000fbf18,U,12,
0x71000fbf24,U,8,
0x71000fbf2c,U,328,
0x71000fc074,U,280,
0x71000fc18c,U,564,
0x71000fc3c0,U,432,
0x71000fc570,U,604,
0x71000fc7cc,U,288,
0x71000fc8ec,U,84,
0x71000fc940,U,76,
0x71000fc98c,U,900,
0x71000fcd10,U,304,
0x71000fce40,U,652,
0x71000fd0cc,U,264,
0x71000fd1d4,U,208,
0x71000fd2a4,U,100,
0x71000fd308,U,308,
0x71000fd43c,U,828,
0x71000fd778,U,292,
0x71000fd89c,U,348,
0x71000fd9f8,U,292,
0x71000fdb1c,U,1212,
0x71000fdfd8,U,260,
0x71000fe0dc,U,284,
0x71000fe1f8,U,256,
0x71000fe2f8,U,288,
0x71000fe418,U,340,
0x71000fe56c,U,276,
0x71000fe680,U,244,
0x71000fe774,U,288,
0x71000fe894,U,268,
0x71000fe9a0,U,212,
0x71000fea74,U,200,
0x71000feb3c,U,256,
0x71000fec3c,U,480,
0x71000fee1c,U,252,
0x71000fef18,U,224,
0x71000feff8,U,536,
0x71000ff210,U,32,
0x71000ff230,U,8,
0x71000ff238,U,36,
0x71000ff25c,U,648,
0x71000ff4e4,U,644,
0x71000ff768,U,348,
0x71000ff8c4,U,148,
0x71000ff958,U,104,
0x71000ff9c0,U,168,
0x71000ffa68,U,212,
0x71000ffb3c,U,116,
0x71000ffbb0,U,116,
0x71000ffc24,U,116,
0x71000ffc98,U,180,
0x71000ffd4c,U,108,
0x71000ffdb8,U,116,
0x71000ffe2c,U,836,
0x7100100170,U,336,
0x71001002c0,U,220,
0x710010039c,U,336,
0x71001004ec,U,316,
0x7100100628,U,268,
0x7100100734,U,208,
0x7100100804,U,792,
0x7100100b1c,U,676,
0x7100100e74,U,628,
0x71001012f0,U,60,
0x710010132c,U,3204,
0x7100101fb0,U,548,
0x71001021d4,U,316,
0x7100102310,U,444,
0x71001024cc,U,1100,
0x7100102918,U,296,
0x7100102a40,U,784,
0x7100102d50,U,904,
0x71001030d8,U,312,
0x7100103210,U,452,
0x71001033d4,U,296,
0x71001034fc,U,812,
0x7100103840,U,28,
0x71001039b4,U,60,
0x71001039f8,U,120,
0x7100103a70,U,244,
0x7100103c10,U,28,
0x7100103cb8,U,120,
0x7100103da0,U,336,
0x7100103ef0,U,1268,
0x71001043e4,U,88,
0x710010443c,U,388,
0x71001045c0,U,64,
0x7100104600,U,480,
0x71001047e0,U,352,
0x7100104940,U,340,
0x7100104a94,U,80,
0x7100104ae4,U,76,
0x7100104cfc,U,212,
0x7100104ef4,U,20,
0x7100104f08,U,300,
0x7100105034,U,64,
0x7100105074,U,296,
0x710010519c,U,88,
0x71001051f4,U,2044,
0x71001059f0,U,144,
0x7100105a80,U,272,
0x7100105b90,U,28,
0x7100105bac,U,84,
0x7100105c00,U,156,
0x7100105c9c,U,84,
0x7100105cf0,U,68,
0x7100105d34,U,116,
0x7100105da8,U,152,
0x7100105ebc,U,56,
0x7100105ef4,U,40,
0x7100105f1c,U,120,
0x7100105f94,U,144,
0x7100106024,U,8,
0x710010602c,U,12,
0x7100106038,U,176,
0x71001060e8,U,108,
0x71001061f4,U,1196,
0x71001066a0,U,384,
0x7100106820,U,4,
0x7100106824,U,400,
0x7100106a40,U,292,
0x7100106b68,U,244,
0x710010728c,U,388,
0x7100107410,U,696,
0x71001076cc,U,240,
0x71001077c0,U,332,
0x710010790c,U,176,
0x7100107b74,U,8,
0x7100107eb8,U,300,
0x7100108030,U,24,
0x7100108048,U,12,
0x7100108054,U,8,
0x710010805c,U,8,
0x7100108064,U,8,
0x710010806c,U,8,
0x7100108074,U,8,
0x710010807c,U,8,
0x7100108084,U,8,
0x710010808c,U,8,
0x7100108094,U,28,
0x71001080b0,U,4,
0x71001080b4,U,416,
0x7100108254,U,8,
0x710010825c,U,44,
0x7100108288,U,8,
0x7100108290,U,12,
0x710010829c,U,12,
0x71001082a8,U,444,
0x7100108464,U,444,
0x7100108620,U,392,
0x71001087a8,U,300,
0x71001088d4,U,416,
0x7100108a7c,U,8,
0x7100108a84,U,8,
0x7100108a8c,U,12,
0x7100108a98,U,12,
0x7100108aa4,U,12,
0x7100108ab0,U,12,
0x7100108abc,U,8,
0x7100108ac4,U,8,
0x7100108acc,U,8,
0x7100108ad4,U,20,
0x7100108ae8,U,20,
0x7100108afc,U,16,
0x7100108b0c,U,16,
0x7100108b1c,U,24,
0x7100108b34,U,20,
0x7100108b48,U,12,
0x7100108b54,U,40,
0x7100108b7c,U,20,
0x7100108b90,U,88,
0x7100108be8,U,44,
0x7100108c14,U,8,
0x7100108c1c,U,8,
0x7100108c24,U,8,
0x7100108c2c,U,44,
0x7100108c58,U,44,
0x7100108c84,U,8,
0x7100108c8c,U,8,
0x7100108c94,U,8,
0x7100108c9c,U,28,
0x7100108cb8,U,28,
0x7100108d08,U,28,
0x7100108da4,U,28,
0x7100108dc0,U,228,
0x7100109230,U,384,
0x71001094fc,U,384,
0x71001098e8,U,384,
0x710010a454,U,384,
0x710010a720,U,384,
0x710010a8a0,U,508,
0x710010aaa0,U,44,
0x710010aad0,U,16,
0x710010aae0,U,16,
0x710010aaf0,U,908,
0x710010ae7c,U,384,
0x710010b4a8,U,384,
0x710010c194,U,268,
0x710010c2a0,U,388,
0x710010c7a4,U,988,
0x710010cb80,U,388,
0x710010cd04,U,380,
0x710010ce80,U,380,
0x710010cffc,U,16,
0x710010d00c,U,32,
0x710010d02c,U,96,
0x710010d08c,U,92,
0x710010d0e8,U,96,
0x710010d148,U,272,
0x710010d604,U,24,
0x710010d61c,U,36,
0x710010d640,U,36,
0x710010d664,U,40,
0x710010d68c,U,92,
0x710010d6e8,U,780,
0x710010d9f4,U,8,
0x710010d9fc,U,968,
0x710010ddc4,U,444,
0x710010df80,U,476,
0x710010e15c,U,520,
0x710010e364,U,256,
0x710010e470,U,2220,
0x710010ed20,U,692,
0x710010efe0,U,536,
0x710010f200,U,688,
0x710010f4b0,U,708,
0x710010f774,U,196,
0x710010f838,U,56,
0x710010f870,U,1464,
0x710010fe28,U,388,
0x710010ffac,U,380,
0x7100110128,U,380,
0x71001102a4,U,380,
0x7100110420,U,304,
0x7100110550,U,276,
0x7100110664,U,104,
0x71001106cc,U,44,
0x71001106f8,U,156,
0x7100110794,U,84,
0x7100110984,U,64,
0x7100110a10,U,68,
0x7100110ae8,U,164,
0x7100110c54,U,84,
0x7100110ca8,U,44,
0x7100110cd4,U,228,
0x7100110db8,U,168,
0x7100110e60,U,520,
0x7100111068,U,388,
0x71001111ec,U,380,
0x7100111368,U,3904,
0x71001122a8,U,388,
0x710011242c,U,380,
0x71001125a8,U,380,
0x7100112724,U,380,
0x71001128a0,U,380,
0x7100112a1c,U,572,
0x7100112c58,U,388,
0x7100112ddc,U,380,
0x7100112f58,U,220,
0x7100113034,U,220,
0x7100113110,U,220,
0x7100113570,U,388,
0x71001136f4,U,220,
0x7100113b54,U,388,
0x7100113cd8,U,220,
0x7100113db4,U,500,
0x7100113fa8,U,220,
0x7100114084,U,220,
0x71001144e4,U,388,
0x7100114668,U,220,
0x7100114ac8,U,388,
0x7100114c4c,U,220,
0x7100114d28,U,500,
0x7100114f1c,U,220,
0x7100114ff8,U,220,
0x7100115458,U,388,
0x71001155dc,U,220,
0x7100115a3c,U,388,
0x7100115bc0,U,220,
0x7100115c9c,U,464,
0x7100115e6c,U,220,
0x7100115f48,U,220,
0x71001163a8,U,388,
0x710011652c,U,220,
0x710011698c,U,388,
0x7100116b10,U,220,
0x7100116bec,U,500,
0x7100116de0,U,2312,
0x71001176e8,U,960,
0x7100117aa8,U,248,
0x7100117ba0,U,1016,
0x7100117f98,U,396,
0x7100118124,U,336,
0x7100118274,U,72,
0x71001182bc,U,1052,
0x71001186d8,U,176,
0x7100118788,U,196,
0x710011884c,U,224,
0x710011892c,U,36,
0x7100118950,U,460,
0x7100118b1c,U,120,
0x7100118b94,U,44,
0x7100118be8,U,144,
0x7100118c78,U,212,
0x7100118d4c,U,420,
0x7100118ef0,U,432,
0x71001190a0,U,304,
0x71001191d0,U,956,
0x710011958c,U,332,
0x71001196d8,U,296,
0x7100119800,U,904,
0x7100119b88,U,132,
0x7100119c0c,U,16,
0x7100119c1c,U,288,
0x7100119d3c,U,216,
0x7100119e14,U,296,
0x7100119f3c,U,92,
0x7100119f98,U,52,
0x7100119fcc,U,392,
0x710011a154,U,364,
0x710011a2c0,U,96,
0x710011a358,U,20,
0x710011a3b8,U,364,
0x710011a524,U,96,
0x710011a5bc,U,20,
0x710011a61c,U,364,
0x710011a788,U,96,
0x710011a820,U,20,
0x710011a880,U,364,
0x710011a9ec,U,60,
0x710011aa2c,U,120,
0x710011aac0,U,20,
0x710011ab88,U,192,
0x710011ac48,U,192,
0x710011ad08,U,364,
0x710011ae74,U,60,
0x710011aeb4,U,120,
0x710011af48,U,20,
0x710011b010,U,192,
0x710011b0d0,U,192,
0x710011b190,U,364,
0x710011b2fc,U,96,
0x710011b394,U,20,
0x710011b3f4,U,364,
0x710011b560,U,96,
0x710011b5f8,U,20,
0x710011b658,U,364,
0x710011b7c4,U,60,
0x710011b85c,U,20,
0x710011b998,U,364,
0x710011bb04,U,60,
0x710011bb9c,U,20,
0x710011bcd8,U,360,
0x710011be40,U,60,
0x710011beac,U,20,
0x710011bf0c,U,360,
0x710011c074,U,60,
0x710011c0e0,U,20,
0x710011c140,U,364,
0x710011c2ac,U,60,
0x710011c318,U,20,
0x710011c358,U,128,
0x710011c448,U,276,
0x710011c55c,U,364,
0x710011c6c8,U,60,
0x710011c734,U,20,
0x710011c774,U,128,
0x710011c864,U,276,
0x710011c978,U,364,
0x710011cae4,U,96,
0x710011cb7c,U,20,
0x710011cbdc,U,364,
0x710011cd48,U,96,
0x710011cde0,U,20,
0x710011ce40,U,364,
0x710011cfac,U,60,
0x710011d044,U,20,
0x710011d180,U,364,
0x710011d2ec,U,60,
0x710011d384,U,20,
0x710011d59c,U,88,
0x710011d5f4,U,128,
0x710011d6f4,U,84,
0x710011d7f4,U,84,
0x710011d8b4,U,524,
0x710011dac0,U,516,
0x710011ddc0,U,412,
0x710011df5c,U,244,
0x710011e050,U,408,
0x710011e1e8,U,168,
0x710011e5d4,U,88,
0x710011e920,U,248,
0x710011ea18,U,80,
0x710011ec0c,U,80,
0x710011ec9c,U,144,
0x710011eda0,U,80,
0x710011ef20,U,164,
0x710011f0d8,U,276,
0x710011f1ec,U,340,
0x710011f340,U,364,
0x710011f4ac,U,508,
0x710011f6a8,U,472,
0x710011f880,U,220,
0x710011f95c,U,324,
0x710011faa0,U,300,
0x710011fbf0,U,284,
0x710011fd0c,U,296,
0x7100120070,U,80,
0x71001201c4,U,80,
0x7100120528,U,168,
0x71001205d0,U,180,
0x71001207c8,U,128,
0x7100120848,U,268,
0x7100120984,U,404,
0x7100120b18,U,80,
0x7100120b68,U,84,
0x7100120d00,U,128,
0x7100120d90,U,80,
0x7100120de0,U,84,
0x7100120e3c,U,208,
0x7100121264,U,4,
0x7100121268,U,240,
0x7100121358,U,384,
0x71001217f0,U,80,
0x7100121a08,U,80,
0x7100121d90,U,488,
0x7100121f78,U,488,
0x7100122160,U,536,
0x7100122378,U,536,
0x7100122590,U,472,
0x7100122788,U,168,
0x7100122830,U,176,
0x71001228e0,U,588,
0x7100122b2c,U,576,
0x7100122dc0,U,4,
0x7100122dc4,U,4,
0x7100122dc8,U,96,
0x71001239b0,U,896,
0x7100123d30,U,388,
0x7100123eb4,U,104,
0x7100123f1c,U,60,
0x7100123f58,U,88,
0x7100123fb0,U,164,
0x7100124054,U,48,
0x7100124084,U,236,
0x7100124170,U,428,
0x710012431c,U,40,
0x7100124344,U,40,
0x710012436c,U,64,
0x71001243ac,U,40,
0x71001243d4,U,216,
0x71001244ac,U,796,
0x71001247c8,U,1980,
0x7100124f84,U,604,
0x71001251e0,U,108,
0x710012524c,U,144,
0x71001252dc,U,92,
0x7100125338,U,80,
0x7100125410,U,60,
0x71001254a4,U,164,
0x7100125548,U,60,
0x7100125670,U,412,
0x71001259f4,U,52,
0x7100125a28,U,20,
0x7100125a3c,U,40,
0x7100125a64,U,184,
0x7100125b1c,U,40,
0x7100125b44,U,44,
0x7100125b70,U,244,
0x7100125c64,U,532,
0x7100125e78,U,136,
0x7100125f00,U,188,
0x7100125fbc,U,92,
0x7100126018,U,404,
0x71001261ac,U,60,
0x71001261e8,U,80,
0x7100126238,U,96,
0x7100126298,U,28,
0x71001262b4,U,44,
0x71001262e0,U,220,
0x71001263bc,U,92,
0x7100126418,U,312,
0x7100126550,U,1116,
0x71001269ac,U,316,
0x7100126af0,U,168,
0x7100126ba0,U,68,
0x7100126bf0,U,1500,
0x71001271d0,U,1244,
0x71001276b0,U,108,
0x7100127720,U,1156,
0x7100127bb0,U,1036,
0x7100127fc0,U,1356,
0x7100128510,U,764,
0x7100128810,U,1424,
0x7100128da0,U,1460,
0x7100129360,U,1456,
0x7100129910,U,1752,
0x7100129ff0,U,2472,
0x710012a9a0,U,2336,
0x710012b2c0,U,108,
0x710012b330,U,1212,
0x710012b7f0,U,772,
0x710012bb00,U,464,
0x710012bcd0,U,412,
0x710012be70,U,824,
0x710012c1b0,U,500,
0x710012c3b0,U,456,
0x710012c580,U,348,
0x710012c6e0,U,120,
0x710012c760,U,108,
0x710012c7d0,U,108,
0x710012c840,U,604,
0x710012caa0,U,976,
0x710012ce70,U,1652,
0x710012d4f0,U,448,
0x710012d6b0,U,180,
0x710012d770,U,484,
0x710012d960,U,612,
0x710012dbd0,U,416,
0x710012dd70,U,312,
0x710012deb0,U,1352,
0x710012e400,U,440,
0x710012e5c0,U,1400,
0x710012eb40,U,256,
0x710012ec40,U,240,
0x710012ed30,U,628,
0x710012efb0,U,680,
0x710012f260,U,1084,
0x710012f6a0,U,176,
0x710012f750,U,300,
0x710012f880,U,3620,
0x71001306b0,U,1024,
0x7100130ab0,U,464,
0x7100130c80,U,928,
0x7100131020,U,840,
0x7100131370,U,2776,
0x7100131e48,U,256,
0x7100131f48,U,324,
0x710013208c,U,336,
0x7100132240,U,8,
0x7100132248,U,4,
0x710013224c,U,84,
0x7100132300,U,52,
0x7100132340,U,44,
0x7100132370,U,84,
0x71001323d0,U,216,
0x71001324b0,U,56,
0x71001324f0,U,224,
0x71001325d0,U,348,
0x7100132730,U,116,
0x71001327b0,U,16,
0x71001327c0,U,204,
0x7100132890,U,132,
0x7100132920,U,20,
0x7100132940,U,24,
0x7100132960,U,4,
0x7100132970,U,16,
0x7100132980,U,16,
0x7100132990,U,16,
0x71001329a0,U,16,
0x71001329b0,U,16,
0x71001329c0,U,16,
0x71001329d0,U,16,
0x71001329e0,U,16,
0x71001329f0,U,16,
0x7100132a00,U,16,
0x7100132a10,U,24,
0x7100132a30,U,56,
0x7100132a70,U,20,
0x7100132aa0,U,76,
0x7100132af0,U,20,
0x7100132b10,U,16,
0x7100132c10,U,16,
0x7100132c20,U,16,
0x7100132c30,U,44,
0x7100132c60,U,104,
0x7100132cd0,U,72,
0x7100132d20,U,16,
0x7100132d30,U,344,
0x7100132e90,U,172,
0x7100132f40,U,20,
0x7100132f60,U,8,
0x7100132f70,U,4,
0x7100132f80,U,4,
0x7100132f90,U,4,
0x7100132fa0,U,4,
0x7100132fb0,U,4,
0x7100132fc0,U,4,
0x7100132fd0,U,4,
0x7100132fe0,U,4,
0x7100132ff0,U,4,
0x7100133000,U,8,
0x7100133010,U,4,
0x7100133020,U,4,
0x7100133030,U,8,
0x7100133040,U,20,
0x7100133054,U,312,
0x710013318c,U,8,
0x7100133194,U,20,
0x71001331a8,U,472,
0x7100133380,U,228,
0x7100133464,U,260,
0x7100133568,U,348,
0x71001336c4,U,24,
0x71001336dc,U,20,
0x71001336f0,U,36,
0x7100133714,U,108,
0x7100133780,U,788,
0x7100133a94,U,336,
0x7100133be4,U,268,
0x7100133cf0,U,312,
0x7100133e28,U,500,
0x7100134020,U,2612,
0x7100134a60,U,1096,
0x7100134eb0,U,756,
0x71001351b0,U,972,
0x7100135580,U,864,
0x71001358e0,U,432,
0x7100135a94,U,244,
0x7100135c1c,U,388,
0x7100135da0,U,220,
0x7100135e7c,U,220,
0x7100135f58,U,220,
0x71001363b8,U,388,
0x710013653c,U,220,
0x710013699c,U,388,
0x7100136b20,U,220,
0x7100136bfc,U,500,
0x7100136df0,U,220,
0x7100136ecc,U,108,
0x7100136f38,U,352,
0x7100137098,U,368,
0x7100137208,U,104,
0x71001372a8,U,20,
0x7100137308,U,360,
0x7100137470,U,88,
0x7100137500,U,20,
0x7100137560,U,360,
0x71001376c8,U,88,
0x7100137758,U,20,
0x71001377b8,U,364,
0x7100137924,U,60,
0x7100137998,U,20,
0x7100137a80,U,92,
0x7100137adc,U,364,
0x7100137c48,U,60,
0x7100137cbc,U,20,
0x7100137da4,U,92,
0x7100137e00,U,364,
0x7100137f6c,U,96,
0x7100138004,U,20,
0x7100138074,U,28,
0x7100138090,U,120,
0x710013812c,U,192,
0x7100138210,U,108,
0x71001382b8,U,184,
0x7100138370,U,180,
0x7100138424,U,80,
0x7100138474,U,88,
0x71001384cc,U,192,
0x71001385b0,U,108,
0x7100138668,U,80,
0x71001386b8,U,88,
0x7100138a4c,U,184,
0x7100138b04,U,184,
0x7100138bbc,U,264,
0x7100138d0c,U,168,
0x7100138ee0,U,192,
0x7100138fa0,U,256,
0x71001390a0,U,276,
0x71001391d4,U,100,
0x7100139238,U,116,
0x71001395b8,U,220,
0x7100139694,U,328,
0x71001397dc,U,220,
0x71001398b8,U,220,
0x7100139994,U,220,
0x7100139df4,U,388,
0x7100139f78,U,220,
0x710013a3d8,U,388,
0x710013a55c,U,220,
0x710013a638,U,496,
0x710013a828,U,812,
0x710013ab54,U,192,
0x710013ac14,U,88,
0x710013ac6c,U,668,
0x710013af08,U,472,
0x710013b0e0,U,4408,
0x710013c218,U,148,
0x710013c2ac,U,284,
0x710013c3c8,U,236,
0x710013c4b4,U,280,
0x710013c5cc,U,448,
0x710013c78c,U,84,
0x710013c7e0,U,84,
0x710013c834,U,632,
0x710013caac,U,2148,
0x710013d310,U,76,
0x710013d35c,U,864,
0x710013d6bc,U,2092,
0x710013dee8,U,4,
0x710013deec,U,364,
0x710013e058,U,96,
0x710013e0f0,U,20,
0x710013e150,U,360,
0x710013e2b8,U,88,
0x710013e348,U,20,
0x710013e3a8,U,360,
0x710013e510,U,88,
0x710013e5a0,U,20,
0x710013e600,U,364,
0x710013e76c,U,60,
0x710013e804,U,20,
0x710013e940,U,364,
0x710013eaac,U,60,
0x710013eb44,U,20,
0x710013ec80,U,668,
0x710013ef1c,U,388,
0x710013f310,U,80,
0x710013f360,U,84,
0x710013f4f8,U,80,
0x710013f548,U,84,
0x710013f748,U,196,
0x710013f888,U,192,
0x710013fcf4,U,336,
0x710013fe64,U,168,
0x710013ff0c,U,176,
0x710013ffbc,U,744,
0x71001402a4,U,336,
0x7100140990,U,16,
0x71001409a0,U,80,
0x71001409f0,U,24,
0x7100140a10,U,140,
0x7100140aa0,U,140,
0x7100140b30,U,140,
0x7100140bbc,U,164,
0x7100140dc8,U,132,
0x7100140e4c,U,96,
0x7100140eac,U,84,
0x7100140f00,U,140,
0x71001413d4,U,112,
0x7100141444,U,104,
0x71001414ac,U,96,
0x710014150c,U,84,
0x71001415f0,U,36,
0x7100141614,U,36,
0x7100141638,U,28,
0x7100141654,U,36,
0x71001416d8,U,76,
0x71001418c0,U,140,
0x710014194c,U,104,
0x71001419b4,U,96,
0x7100141a20,U,140,
0x7100141aac,U,88,
0x7100141b04,U,96,
0x7100141b64,U,156,
0x7100141c00,U,140,
0x7100141c8c,U,96,
0x7100141cf0,U,140,
0x7100141d7c,U,96,
0x7100141de0,U,140,
0x7100141e6c,U,32,
0x7100141e90,U,140,
0x7100141f1c,U,444,
0x71001420d8,U,260,
0x71001421dc,U,4,
0x71001421e0,U,444,
0x710014239c,U,360,
0x7100142504,U,324,
0x7100142648,U,336,
0x7100142798,U,340,
0x71001428f0,U,140,
0x710014297c,U,64,
0x71001429bc,U,96,
0x7100142a20,U,140,
0x7100142aac,U,84,
0x7100142b00,U,140,
0x7100142b8c,U,128,
0x7100142c0c,U,112,
0x7100142c7c,U,124,
0x7100142e50,U,96,
0x7100142eb0,U,96,
0x7100142f10,U,96,
0x7100142ff4,U,156,
0x7100143090,U,104,
0x7100143160,U,140,
0x71001431ec,U,88,
0x7100143244,U,96,
0x71001432b0,U,140,
0x710014333c,U,128,
0x71001433bc,U,120,
0x7100143434,U,132,
0x71001434b8,U,192,
0x7100143578,U,60,
0x71001435b4,U,60,
0x71001435f0,U,40,
0x7100143618,U,44,
0x7100143644,U,8,
0x710014364c,U,84,
0x71001436a0,U,84,
0x71001436f4,U,156,
0x7100143790,U,104,
0x71001437f8,U,480,
0x71001439d8,U,156,
0x7100143ab0,U,140,
0x7100143b3c,U,128,
0x7100143bbc,U,112,
0x7100143c2c,U,124,
0x7100143e00,U,96,
0x7100143e60,U,96,
0x7100143ec0,U,96,
0x7100143fa4,U,156,
0x7100144040,U,104,
0x7100144110,U,140,
0x710014419c,U,168,
0x7100144244,U,128,
0x71001442c4,U,128,
0x7100144344,U,140,
0x7100144458,U,20,
0x71001445d0,U,96,
0x7100144630,U,96,
0x7100144690,U,96,
0x7100144774,U,156,
0x7100144810,U,104,
0x71001448e8,U,56,
0x71001449f4,U,56,
0x7100144b20,U,140,
0x7100144bac,U,128,
0x7100144c2c,U,112,
0x7100144c9c,U,124,
0x7100144e70,U,96,
0x7100144ed0,U,96,
0x7100144f30,U,96,
0x7100145014,U,156,
0x71001450b0,U,104,
0x7100145180,U,140,
0x710014520c,U,128,
0x710014528c,U,120,
0x7100145304,U,132,
0x7100145388,U,60,
0x71001453c4,U,60,
0x7100145400,U,60,
0x710014543c,U,84,
0x710014555c,U,156,
0x7100145610,U,140,
0x710014569c,U,116,
0x7100145710,U,112,
0x7100145780,U,124,
0x71001457fc,U,16,
0x710014580c,U,12,
0x7100145818,U,64,
0x71001458b8,U,64,
0x710014598c,U,36,
0x71001459c0,U,28,
0x7100145a68,U,68,
0x7100145aac,U,120,
0x7100145b50,U,140,
0x7100145bdc,U,164,
0x7100145c80,U,128,
0x7100145d7c,U,140,
0x7100145e08,U,140,
0x7100145e94,U,96,
0x7100145ef4,U,52,
0x7100145f28,U,20,
0x7100145f3c,U,20,
0x7100145f50,U,48,
0x7100145f80,U,604,
0x7100146380,U,48,
0x71001463b0,U,32,
0x7100146418,U,112,
0x7100146488,U,104,
0x71001464f0,U,96,
0x7100146550,U,84,
0x7100146690,U,48,
0x7100146730,U,76,
0x7100146910,U,140,
0x710014699c,U,160,
0x7100146a3c,U,128,
0x7100146abc,U,128,
0x7100146b3c,U,140,
0x7100146c50,U,188,
0x7100146d84,U,20,
0x7100146d98,U,20,
0x7100146dac,U,96,
0x7100146e0c,U,84,
0x7100146e60,U,128,
0x7100146f28,U,112,
0x7100146f98,U,104,
0x7100147000,U,96,
0x7100147060,U,84,
0x7100147144,U,100,
0x710014736c,U,92,
0x71001474fc,U,156,
0x7100147694,U,156,
0x7100147830,U,140,
0x71001478bc,U,68,
0x7100147900,U,96,
0x7100147960,U,124,
0x71001479dc,U,164,
0x7100147a80,U,140,
0x7100147b0c,U,80,
0x7100147b5c,U,96,
0x7100147bc0,U,140,
0x7100147c4c,U,88,
0x7100147ca4,U,96,
0x7100147d10,U,140,
0x7100147d9c,U,88,
0x7100147df4,U,100,
0x7100147e60,U,140,
0x7100147eec,U,92,
0x7100147f48,U,96,
0x7100147fb0,U,140,
0x710014803c,U,112,
0x71001480ac,U,124,
0x7100148128,U,8,
0x7100148130,U,24,
0x7100148148,U,24,
0x7100148160,U,24,
0x7100148178,U,24,
0x7100148190,U,220,
0x710014826c,U,88,
0x71001482c4,U,828,
0x7100148600,U,3120,
0x7100149230,U,560,
0x7100149460,U,20,
0x7100149474,U,20,
0x7100149488,U,8,
0x7100149490,U,84,
0x71001494e4,U,20,
0x71001494f8,U,408,
0x7100149690,U,156,
0x7100149810,U,288,
0x7100149930,U,552,
0x7100149b60,U,140,
0x7100149bec,U,212,
0x7100149da4,U,288,
0x7100149ed4,U,120,
0x7100149f4c,U,84,
0x7100149fa4,U,216,
0x710014a148,U,336,
0x710014a2a0,U,140,
0x710014a32c,U,88,
0x710014a384,U,576,
0x710014a5c4,U,324,
0x710014a720,U,140,
0x710014a7ac,U,192,
0x710014a92c,U,8,
0x710014a934,U,224,
0x710014aa14,U,72,
0x710014aa60,U,140,
0x710014aaec,U,32,
0x710014ab0c,U,12,
0x710014ab40,U,140,
0x710014abcc,U,96,
0x710014ac2c,U,20,
0x710014ac40,U,292,
0x710014adb0,U,140,
0x710014ae3c,U,52,
0x710014af54,U,160,
0x710014b070,U,140,
0x710014b0fc,U,20,
0x710014b110,U,4,
0x710014b200,U,140,
0x710014b28c,U,52,
0x710014b37c,U,160,
0x710014b490,U,140,
0x710014b520,U,140,
0x710014b5b0,U,244,
0x710014b6a8,U,352,
0x710014b808,U,4,
0x710014b80c,U,4,
0x710014b810,U,540,
0x710014ba2c,U,216,
0x710014bb58,U,336,
0x710014bca8,U,324,
0x710014bdec,U,140,
0x710014c1cc,U,28,
0x710014c1e8,U,396,
0x710014c588,U,28,
0x710014c5c0,U,160,
0x710014c660,U,304,
0x710014c790,U,208,
0x710014c864,U,24,
0x710014c87c,U,20,
0x710014c890,U,744,
0x710014cb78,U,32,
0x710014cb98,U,32,
0x710014cbb8,U,676,
0x710014ce5c,U,312,
0x710014cf94,U,32,
0x710014cfb4,U,60,
0x710014cff0,U,344,
0x710014d150,U,44,
0x710014d17c,U,36,
0x710014d1a0,U,1688,
0x710014d838,U,248,
0x710014d930,U,184,
0x710014d9e8,U,428,
0x710014dba0,U,140,
0x710014dc2c,U,48,
0x710014dc5c,U,60,
0x710014dc98,U,4,
0x710014dc9c,U,52,
0x710014dd00,U,140,
0x710014dd8c,U,48,
0x710014ddbc,U,60,
0x710014ddf8,U,4,
0x710014ddfc,U,52,
0x710014de60,U,140,
0x710014deec,U,52,
0x710014df20,U,60,
0x710014dff0,U,140,
0x710014e07c,U,48,
0x710014e0ac,U,196,
0x710014e170,U,4,
0x710014e174,U,116,
0x710014e210,U,340,
0x710014e364,U,48,
0x710014e394,U,88,
0x710014e3ec,U,4,
0x710014e3f0,U,148,
0x710014e4b0,U,140,
0x710014e53c,U,48,
0x710014e56c,U,88,
0x710014e5c4,U,4,
0x710014e5c8,U,84,
0x710014e640,U,140,
0x710014e6cc,U,48,
0x710014e6fc,U,88,
0x710014e754,U,4,
0x710014e758,U,52,
0x710014e7b0,U,140,
0x710014e83c,U,48,
0x710014e86c,U,100,
0x710014e8d0,U,4,
0x710014e8d4,U,68,
0x710014e940,U,228,
0x710014ea24,U,48,
0x710014ea54,U,364,
0x710014ebc0,U,4,
0x710014ebc4,U,436,
0x710014eda0,U,668,
0x710014f03c,U,56,
0x710014f074,U,612,
0x710014f2d8,U,4,
0x710014f370,U,228,
0x710014f454,U,56,
0x710014f48c,U,12,
0x710014f498,U,168,
0x710014f540,U,4,
0x710014f544,U,116,
0x710014f5e0,U,316,
0x710014f71c,U,52,
0x710014f750,U,612,
0x710014f9b4,U,4,
0x710014f9b8,U,280,
0x710014fad0,U,84,
0x710014fb50,U,1152,
0x710014ffd0,U,48,
0x7100150000,U,284,
0x710015011c,U,4,
0x7100150120,U,52,
0x7100150180,U,536,
0x7100150398,U,48,
0x71001503c8,U,472,
0x71001505a0,U,4,
0x71001505a4,U,120,
0x7100150640,U,800,
0x7100150960,U,48,
0x7100150990,U,128,
0x7100150a10,U,4,
0x7100150a40,U,272,
0x7100150b50,U,20,
0x7100150b70,U,96,
0x7100150bd0,U,20,
0x7100150bf0,U,20,
0x7100150c10,U,24,
0x7100150c30,U,28,
0x7100150c50,U,196,
0x7100150d20,U,16,
0x7100150d30,U,44,
0x7100150d60,U,64,
0x7100150da0,U,20,
0x7100150db0,U,24,
0x7100150dd0,U,16,
0x7100150de0,U,16,
0x7100150df0,U,20,
0x7100150e10,U,20,
0x7100150e30,U,20,
0x7100150e50,U,20,
0x7100150e70,U,16,
0x7100150e80,U,24,
0x7100150ea0,U,32,
0x7100150ec0,U,28,
0x7100150ee0,U,20,
0x7100150f00,U,16,
0x7100150f10,U,20,
0x7100150f30,U,20,
0x7100150f50,U,28,
0x7100150f70,U,28,
0x7100150f90,U,20,
0x7100150fb0,U,24,
0x7100150fd0,U,28,
0x7100150ff0,U,152,
0x7100151090,U,56,
0x71001510d0,U,56,
0x7100151110,U,52,
0x7100151150,U,52,
0x7100151190,U,52,
0x71001511d0,U,68,
0x7100151220,U,52,
0x7100151260,U,56,
0x71001512a0,U,56,
0x71001512e0,U,56,
0x7100151320,U,56,
0x7100151360,U,52,
0x71001513a0,U,140,
0x7100151474,U,376,
0x71001515ec,U,152,
0x7100151684,U,140,
0x7100151758,U,5164,
0x7100152b90,U,140,
0x7100152c1c,U,560,
0x7100152e4c,U,1136,
0x71001532c0,U,140,
0x7100153350,U,1076,
0x7100153790,U,48,
0x71001537c0,U,20,
0x710015383c,U,32,
0x710015385c,U,268,
0x7100153968,U,48,
0x7100153a10,U,120,
0x7100153a88,U,8,
0x7100153a90,U,48,
0x7100153ac0,U,352,
0x7100153c20,U,140,
0x7100153cb0,U,12,
0x7100153cc0,U,12,
0x7100153cd0,U,12,
0x7100153ce0,U,28,
0x7100153d00,U,8,
0x7100153d10,U,20,
0x7100153d30,U,20,
0x7100153d50,U,32,
0x7100153d70,U,28,
0x7100153d90,U,8,
0x7100153da0,U,16,
0x7100153db0,U,20,
0x7100153dd0,U,12,
0x7100153de0,U,12,
0x7100153df0,U,12,
0x7100153e00,U,12,
0x7100153e10,U,12,
0x7100153e20,U,140,
0x7100153eb0,U,140,
0x7100153f40,U,172,
0x7100153ff0,U,28,
0x7100154010,U,4,
0x7100154020,U,372,
0x71001541a0,U,184,
0x7100154260,U,12,
0x7100154270,U,84,
0x71001542d0,U,20,
0x71001542f0,U,40,
0x7100154320,U,92,
0x7100154380,U,104,
0x71001543f0,U,44,
0x7100154420,U,80,
0x7100154470,U,16,
0x7100154480,U,184,
0x7100154560,U,4,
0x7100154570,U,4,
0x7100154590,U,4,
0x71001545a0,U,4,
0x71001545b0,U,4,
0x71001545c0,U,4,
0x71001545d0,U,408,
0x7100154770,U,14672,
0x71001587f0,U,3112,
0x7100159420,U,104,
0x7100159490,U,160,
0x7100159530,U,160,
0x71001595d0,U,132,
0x7100159660,U,292,
0x7100159790,U,16,
0x71001597a0,U,76,
0x71001597f0,U,16,
0x7100159800,U,4,
0x7100159810,U,132,
0x71001598a0,U,20,
0x71001598c0,U,8,
0x71001598d0,U,24,
0x71001598f0,U,8,
0x7100159900,U,4,
0x7100159910,U,8,
0x7100154580,U,388,
0x7100159aa0,U,32,
0x7100159ac0,U,260,
0x7100159bd0,U,12,
0x7100159be0,U,12,
0x7100159bf0,U,132,
0x7100159c70,U,4,
0x7100159c80,U,96,
0x7100159ce0,U,684,
0x7100159f90,U,244,
0x710015a090,U,80,
0x710015a0e0,U,372,
0x710015a260,U,384,
0x710015a3e0,U,276,
0x710015a500,U,380,
0x710015a680,U,216,
0x710015a760,U,108,
0x710015a7d0,U,140,
0x710015a860,U,84,
0x710015a8c0,U,260,
0x710015a9d0,U,72,
0x710015aa20,U,84,
0x710015aa80,U,124,
0x710015ab00,U,172,
0x710015abb0,U,32,
0x710015abd0,U,36,
0x710015ac00,U,228,
0x710015acf0,U,736,
0x710015afd0,U,392,
0x710015b160,U,1252,
0x710015b650,U,592,
0x710015b8a0,U,1240,
0x710015bd80,U,16,
0x710015bd90,U,44,
0x710015bdc0,U,28,
0x710015bde0,U,4,
0x710015bdf0,U,4,
0x710015be00,U,8,
0x710015be10,U,8,
0x710015be20,U,4,
0x710015be30,U,4,
0x710015be40,U,4,
0x710015be60,U,140,
0x710015bef0,U,4,
0x710015bf00,U,52,
0x710015bf40,U,220,
0x710015c020,U,124,
0x710015c0a0,U,140,
0x710015c140,U,128,
0x710015c1c0,U,4,
0x710015c1d0,U,12,
0x710015c1e0,U,104,
0x710015c250,U,120,
0x710015c2d0,U,288,
0x710015c3f0,U,36,
0x710015c420,U,40,
0x710015c450,U,12,
0x710015c460,U,8,
0x710015c470,U,172,
0x710015c520,U,368,
0x710015c690,U,216,
0x710015c770,U,544,
0x710015c990,U,32,
0x710015c9b0,U,3112,
0x710015d5d8,U,288,
0x710015d700,U,32,
0x710015d720,U,56,
0x710015d760,U,412,
0x710015d900,U,636,
0x710015db80,U,16,
0x710015db90,U,116,
0x710015dc04,U,244,
0x710015dd00,U,180,
0x710015ddc0,U,380,
0x710015df40,U,224,
0x710015e020,U,228,
0x710015e110,U,212,
0x710015e1f0,U,212,
0x710015e2d0,U,232,
0x710015e3d0,U,220,
0x710015e4b0,U,232,
0x710015e5a0,U,96,
0x710015e600,U,248,
0x710015e700,U,584,
0x710015e950,U,36,
0x710015e980,U,36,
0x710015e9fc,U,1272,
0x710015f100,U,1012,
0x710015f500,U,624,
0x710015f770,U,160,
0x710015f810,U,3240,
0x71001604e0,U,164,
0x7100160590,U,292,
0x71001606c0,U,20,
0x71001606e0,U,8,
0x71001606f0,U,288,
0x7100160810,U,124,
0x7100160890,U,124,
0x7100160910,U,124,
0x7100160990,U,280,
0x7100160ab0,U,124,
0x7100160b30,U,148,
0x7100160bd0,U,84,
0x7100160c30,U,84,
0x7100160c90,U,84,
0x7100160cf0,U,84,
0x7100160d50,U,252,
0x7100160e50,U,4,
0x7100160e60,U,4,
0x7100160e70,U,4,
0x7100160e80,U,104,
0x7100160ef0,U,104,
0x7100160f60,U,632,
0x71001611e0,U,8,
0x71001611f0,U,88,
0x7100161250,U,436,
0x7100161410,U,264,
0x7100161520,U,308,
0x7100161654,U,396,
0x71001617e0,U,28,
0x7100161800,U,332,
0x7100161950,U,4,
0x7100161960,U,556,
0x7100161b90,U,456,
0x7100161d60,U,4,
0x7100161d70,U,80,
0x7100161dc0,U,72,
0x7100161e10,U,72,
0x7100161e60,U,332,
0x7100161fb0,U,28,
0x7100161fd0,U,772,
0x71001622e0,U,12,
0x71001622f0,U,8,
0x7100162300,U,40,
0x7100162330,U,508,
0x7100162530,U,1104,
0x7100162980,U,16,
0x7100162990,U,184,
0x7100162a50,U,140,
0x7100162ae0,U,140,
0x7100162b70,U,140,
0x7100162c00,U,140,
0x7100162c90,U,140,
0x7100162d20,U,140,
0x7100162db0,U,140,
0x7100162e40,U,140,
0x7100162ed0,U,140,
0x7100162f60,U,140,
0x7100162ff0,U,140,
0x7100163228,U,384,
0x7100163d34,U,384,
0x7100164180,U,384,
0x710016450c,U,384,
0x7100164d18,U,384,
0x71001650a4,U,384,
0x7100165430,U,384,
0x710016587c,U,384,
0x7100165cc8,U,384,
0x71001662f4,U,384,
0x7100166680,U,384,
0x7100166bec,U,384,
0x7100167158,U,384,
0x71001674e4,U,384,
0x7100167870,U,384,
0x7100167b3c,U,384,
0x7100167cc0,U,32,
0x7100167ce0,U,24,
0x7100168450,U,2752,
0x7100168f10,U,24,
0x7100168f28,U,4,
0x7100168f30,U,492,
0x7100169120,U,140,
0x71001691ac,U,152,
0x7100169290,U,140,
0x710016931c,U,24,
0x7100169334,U,4,
0x7100169338,U,180,
0x71001693f0,U,140,
0x710016947c,U,20,
0x7100169490,U,4,
0x7100169494,U,204,
0x7100169560,U,140,
0x71001695ec,U,20,
0x7100169600,U,4,
0x7100169604,U,188,
0x71001696c0,U,140,
0x7100169750,U,140,
0x71001697e0,U,140,
0x7100169870,U,140,
0x7100169900,U,140,
0x710016998c,U,16,
0x710016999c,U,272,
0x7100169ac0,U,240,
0x7100169be4,U,144,
0x7100169c74,U,180,
0x7100169d28,U,256,
0x7100169e28,U,268,
0x7100169f34,U,664,
0x710016a1cc,U,292,
0x710016a2f0,U,140,
0x710016a414,U,384,
0x710016a5a0,U,140,
0x710016a630,U,140,
0x710016a6bc,U,88,
0x710016a714,U,228,
0x710016a8dc,U,240,
0x710016a9cc,U,72,
0x710016aa14,U,136,
0x710016ac04,U,348,
0x710016ad60,U,208,
0x710016ae30,U,700,
0x710016b0ec,U,168,
0x710016b194,U,136,
0x710016b21c,U,304,
0x710016b34c,U,316,
0x710016b490,U,140,
0x710016bad0,U,8,
0x710016bae0,U,84,
0x710016bb40,U,316,
0x710016bc80,U,364,
0x710016bdec,U,196,
0x710016c038,U,400,
0x710016c1c8,U,260,
0x710016c2cc,U,284,
0x710016c3e8,U,216,
0x710016c5f8,U,360,
0x710016c760,U,220,
0x710016c83c,U,164,
0x710016c8e0,U,200,
0x710016c9a8,U,180,
0x710016ca5c,U,248,
0x710016cb54,U,512,
0x710016cd60,U,100,
0x710016cdd0,U,72,
0x710016cea4,U,224,
0x710016d01c,U,136,
0x710016d0a4,U,176,
0x710016d154,U,200,
0x710016d2b4,U,348,
0x710016d410,U,396,
0x710016d59c,U,304,
0x710016d764,U,100,
0x710016d854,U,392,
0x710016da74,U,112,
0x710016dae4,U,848,
0x710016de34,U,152,
0x710016dfb0,U,140,
0x710016e03c,U,264,
0x710016e15c,U,344,
0x710016e2b4,U,376,
0x710016e42c,U,60,
0x710016e468,U,604,
0x710016e6d0,U,140,
0x710016e75c,U,436,
0x710016e910,U,468,
0x710016eae4,U,188,
0x710016eba0,U,1436,
0x710016f13c,U,352,
0x710016f29c,U,732,
0x710016f68c,U,120,
0x710016f704,U,28,
0x710016f720,U,28,
0x710016f73c,U,96,
0x710016f79c,U,84,
0x710016f7f0,U,660,
0x710016fa84,U,708,
0x710016fd48,U,764,
0x7100170044,U,320,
0x7100170184,U,228,
0x7100170268,U,1300,
0x7100170e8c,U,1428,
0x7100171420,U,1376,
0x7100171980,U,1440,
0x7100171f20,U,1400,
0x7100172498,U,1348,
0x71001729dc,U,1436,
0x7100172f78,U,1396,
0x71001734ec,U,1340,
0x7100173a28,U,1404,
0x7100173fa4,U,1364,
0x71001744f8,U,1312,
0x7100174a18,U,1436,
0x7100174fb4,U,1388,
0x7100175520,U,1336,
0x7100175a58,U,1408,
0x7100175fd8,U,1360,
0x7100176528,U,1316,
0x7100176a4c,U,1404,
0x7100176fc8,U,1356,
0x7100177514,U,1316,
0x7100177a38,U,1372,
0x7100177f94,U,1332,
0x71001784c8,U,1280,
0x71001789c8,U,1484,
0x7100178f94,U,1344,
0x71001794d4,U,1352,
0x7100179a1c,U,1460,
0x7100179fd0,U,1324,
0x710017a4fc,U,1336,
0x710017aa34,U,1452,
0x710017afe0,U,1320,
0x710017b508,U,1336,
0x710017ba40,U,1420,
0x710017bfcc,U,1296,
0x710017c4dc,U,1312,
0x710017c9fc,U,1456,
0x710017cfac,U,1320,
0x710017d4d4,U,1332,
0x710017da08,U,1424,
0x710017df98,U,1300,
0x710017e4ac,U,1312,
0x710017e9cc,U,1420,
0x710017ef58,U,1296,
0x710017f468,U,1312,
0x710017f988,U,1388,
0x710017fef4,U,1272,
0x71001803ec,U,1284,
0x71001808f0,U,1436,
0x7100180e8c,U,1388,
0x71001813f8,U,1336,
0x7100181930,U,1408,
0x7100181eb0,U,1360,
0x7100182400,U,1316,
0x7100182924,U,1404,
0x7100182ea0,U,1356,
0x71001833ec,U,1316,
0x7100183910,U,1372,
0x7100183e6c,U,1332,
0x71001843a0,U,1280,
0x71001848a0,U,1408,
0x7100184e20,U,1360,
0x7100185370,U,1304,
0x7100185888,U,1380,
0x7100185dec,U,1340,
0x7100186328,U,1288,
0x7100186830,U,1376,
0x7100186d90,U,1328,
0x71001872c0,U,1288,
0x71001877c8,U,1344,
0x7100187d08,U,1304,
0x7100188220,U,1252,
0x7100188704,U,1428,
0x7100188c98,U,1296,
0x71001891a8,U,1304,
0x71001896c0,U,1400,
0x7100189c38,U,1276,
0x710018a134,U,1284,
0x710018a638,U,1396,
0x710018abac,U,1272,
0x710018b0a4,U,1284,
0x710018b5a8,U,1364,
0x710018bafc,U,1248,
0x710018bfdc,U,1260,
0x710018c4c8,U,1352,
0x710018ca10,U,1248,
0x710018cef0,U,1248,
0x710018d3d0,U,1324,
0x710018d8fc,U,1212,
0x710018ddb8,U,1232,
0x710018e288,U,1320,
0x710018e7b0,U,1224,
0x710018ec78,U,1232,
0x710018f148,U,1292,
0x710018f654,U,1180,
0x710018faf0,U,1200,
0x7100190090,U,196,
0x7100190178,U,2112,
0x71001909b8,U,212,
0x7100190a8c,U,292,
0x7100190bb0,U,3420,
0x710019190c,U,144,
0x710019199c,U,932,
0x7100191d40,U,1392,
0x71001922b0,U,1764,
0x7100192994,U,444,
0x7100192b50,U,676,
0x7100192df4,U,240,
0x7100192f08,U,100,
0x7100192f6c,U,624,
0x71001931dc,U,256,
0x71001932dc,U,116,
0x7100193350,U,124,
0x71001933cc,U,68,
0x7100193410,U,208,
0x71001934e0,U,188,
0x7100193674,U,60,
0x71001939ec,U,252,
0x7100193e50,U,128,
0x7100193fcc,U,128,
0x7100194050,U,236,
0x7100194354,U,152,
0x7100194760,U,304,
0x7100194a10,U,140,
0x710019506c,U,168,
0x7100195114,U,488,
0x71001952fc,U,8,
0x7100195304,U,12,
0x7100195310,U,92,
0x710019536c,U,100,
0x71001953d0,U,140,
0x710019545c,U,60,
0x7100195548,U,124,
0x71001955d0,U,140,
0x7100195680,U,256,
0x7100195780,U,176,
0x7100195854,U,1544,
0x7100195e5c,U,44,
0x7100195e88,U,44,
0x7100195eb4,U,128,
0x7100195f34,U,44,
0x7100195f60,U,244,
0x7100196054,U,244,
0x7100196148,U,256,
0x7100196248,U,240,
0x7100196338,U,100,
0x710019639c,U,40,
0x71001963d0,U,140,
0x7100196480,U,284,
0x710019659c,U,180,
0x7100196674,U,232,
0x710019675c,U,40,
0x7100196784,U,200,
0x710019684c,U,240,
0x710019693c,U,64,
0x710019697c,U,44,
0x71001969a8,U,44,
0x71001969d4,U,996,
0x7100196dc0,U,140,
0x7100196e64,U,24,
0x7100196e7c,U,4,
0x7100196e80,U,56,
0x7100196ec0,U,140,
0x7100196f78,U,104,
0x7100196fe0,U,140,
0x7100198aac,U,852,
0x7100198e00,U,872,
0x7100199168,U,240,
0x710019927c,U,244,
0x7100199370,U,176,
0x7100199420,U,156,
0x71001994bc,U,156,
0x7100199558,U,144,
0x71001995e8,U,68,
0x710019962c,U,32,
0x710019964c,U,148,
0x71001996e0,U,232,
0x71001997c8,U,140,
0x7100199854,U,908,
0x7100199be0,U,424,
0x7100199d88,U,156,
0x7100199e24,U,136,
0x7100199eac,U,72,
0x7100199ef4,U,72,
0x7100199f40,U,140,
0x7100199fcc,U,212,
0x710019a0a0,U,60,
0x710019a0e0,U,140,
0x710019a16c,U,332,
0x710019a2b8,U,152,
0x710019a3d8,U,44,
0x710019a404,U,36,
0x710019a430,U,184,
0x710019a4e8,U,412,
0x710019a684,U,1160,
0x710019ab0c,U,736,
0x710019adec,U,192,
0x710019aeac,U,728,
0x710019b184,U,384,
0x710019b304,U,560,
0x710019b534,U,32,
0x710019b560,U,140,
0x710019b91c,U,172,
0x710019b9c8,U,136,
0x710019ba50,U,88,
0x710019baa8,U,96,
0x710019bb08,U,404,
0x710019bca0,U,140,
0x710019bd2c,U,652,
0x710019bfb8,U,160,
0x710019c058,U,168,
0x710019c124,U,116,
0x710019c198,U,192,
0x710019c258,U,44,
0x710019c284,U,40,
0x710019c2ac,U,284,
0x710019c3c8,U,172,
0x710019c474,U,136,
0x710019c4fc,U,104,
0x710019c564,U,128,
0x710019c5f0,U,172,
0x710019c6c0,U,332,
0x710019c80c,U,220,
0x710019c90c,U,232,
0x710019c9f4,U,188,
0x710019cab0,U,1260,
0x710019cf9c,U,472,
0x710019d174,U,1032,
0x710019d57c,U,100,
0x710019d5e0,U,128,
0x710019d660,U,100,
0x710019d6c4,U,96,
0x710019d724,U,192,
0x710019d7e4,U,316,
0x710019d920,U,240,
0x710019da10,U,224,
0x710019daf0,U,24,
0x710019db08,U,108,
0x710019db74,U,128,
0x710019dbf4,U,40,
0x710019dc20,U,140,
0x710019dcac,U,380,
0x710019e088,U,8,
0x710019e090,U,112,
0x710019e100,U,360,
0x710019e268,U,324,
0x710019e3ac,U,336,
0x710019e4fc,U,144,
0x710019e58c,U,340,
0x710019e6e0,U,140,
0x710019e76c,U,192,
0x710019e82c,U,148,
0x710019e95c,U,112,
0x710019e9d0,U,140,
0x710019f4c4,U,876,
0x710019f830,U,564,
0x710019fa64,U,264,
0x710019fb6c,U,176,
0x710019fc40,U,176,
0x710019fcf0,U,76,
0x710019fd3c,U,76,
0x710019fd88,U,96,
0x710019fdf0,U,140,
0x710019fe7c,U,364,
0x710019ffe8,U,2068,
0x71001a07fc,U,16,
0x71001a080c,U,2068,
0x71001a1020,U,336,
0x71001a1170,U,388,
0x71001a1680,U,384,
0x71001a1858,U,244,
0x71001a1bd4,U,388,
0x71001a1d58,U,88,
0x71001a1db0,U,244,
0x71001a21d0,U,388,
0x71001a2354,U,88,
0x71001a23ac,U,244,
0x71001a259c,U,388,
0x71001a2720,U,88,
0x71001a2778,U,244,
0x71001a2e78,U,388,
0x71001a2ffc,U,88,
0x71001a3054,U,244,
0x71001a3488,U,388,
0x71001a360c,U,88,
0x71001a3664,U,244,
0x71001a3850,U,388,
0x71001a39d4,U,88,
0x71001a3a2c,U,244,
0x71001a3d48,U,388,
0x71001a3ecc,U,88,
0x71001a3f24,U,244,
0x71001a4114,U,388,
0x71001a4298,U,88,
0x71001a42f0,U,244,
0x71001a5224,U,388,
0x71001a53a8,U,156,
0x71001a5444,U,244,
0x71001a593c,U,360,
0x71001a5aa4,U,636,
0x71001a5d20,U,964,
0x71001a60e4,U,820,
0x71001a6418,U,380,
0x71001a65b8,U,140,
0x71001a6644,U,860,
0x71001a69a0,U,444,
0x71001a6b5c,U,876,
0x71001a6ec8,U,140,
0x71001a6f54,U,612,
0x71001a71b8,U,344,
0x71001a7310,U,256,
0x71001a7410,U,700,
0x71001a76cc,U,216,
0x71001a77a4,U,648,
0x71001a7a2c,U,464,
0x71001a7bfc,U,460,
0x71001a7dc8,U,392,
0x71001a7f50,U,356,
0x71001a80b4,U,696,
0x71001a836c,U,1164,
0x71001a87f8,U,68,
0x71001a883c,U,340,
0x71001a8990,U,340,
0x71001a8ae4,U,340,
0x71001a8c38,U,256,
0x71001a8d38,U,472,
0x71001a8f10,U,28,
0x71001a8f2c,U,28,
0x71001a8f48,U,372,
0x71001a90e0,U,28,
0x71001a90fc,U,296,
0x71001a9248,U,28,
0x71001a9288,U,28,
0x71001a92c8,U,28,
0x71001a9308,U,28,
0x71001a9348,U,28,
0x71001a9388,U,28,
0x71001a944c,U,28,
0x71001a94d8,U,28,
0x71001a9564,U,28,
0x71001a95ec,U,28,
0x71001a967c,U,28,
0x71001a9708,U,28,
0x71001a9790,U,28,
0x71001a97fc,U,196,
0x71001a98c0,U,28,
0x71001a98dc,U,156,
0x71001a9978,U,164,
0x71001a9a2c,U,28,
0x71001a9a48,U,128,
0x71001a9afc,U,28,
0x71001a9b78,U,28,
0x71001a9bd0,U,340,
0x71001a9f84,U,76,
0x71001aa028,U,72,
0x71001aa070,U,68,
0x71001aa0b4,U,24,
0x71001aa0cc,U,80,
0x71001aa11c,U,88,
0x71001aa180,U,140,
0x71001aa264,U,348,
0x71001aa3c0,U,16,
0x71001aa3d0,U,64,
0x71001aa410,U,112,
0x71001aa480,U,416,
0x71001aa620,U,680,
0x71001aa8c8,U,276,
0x71001aa9dc,U,260,
0x71001aaae0,U,48,
0x71001aacb4,U,88,
0x71001aad0c,U,348,
0x71001aae68,U,20,
0x71001aae7c,U,260,
0x71001aaf80,U,988,
0x71001ab35c,U,32,
0x71001ab37c,U,32,
0x71001ab39c,U,32,
0x71001ab3bc,U,32,
0x71001ab3dc,U,104,
0x71001ab444,U,8,
0x71001ab44c,U,32,
0x71001ab774,U,88,
0x71001ab7cc,U,348,
0x71001ab928,U,60,
0x71001ab964,U,128,
0x71001ab9e4,U,508,
0x71001abbe0,U,124,
0x71001abd04,U,492,
0x71001abef0,U,324,
0x71001ac034,U,88,
0x71001ac08c,U,348,
0x71001ac1e8,U,16,
0x71001ac1f8,U,64,
0x71001ac238,U,112,
0x71001ac2a8,U,416,
0x71001ac448,U,688,
0x71001ac6f8,U,260,
0x71001ac7fc,U,344,
0x71001acaf4,U,88,
0x71001acb4c,U,380,
0x71001accc8,U,20,
0x71001accdc,U,172,
0x71001acd88,U,1908,
0x71001ad4fc,U,3612,
0x71001ae318,U,92,
0x71001ae374,U,1120,
0x71001aeb64,U,88,
0x71001aebbc,U,348,
0x71001aed18,U,24,
0x71001aed30,U,84,
0x71001aed84,U,240,
0x71001aee74,U,2480,
0x71001af824,U,336,
0x71001afb24,U,88,
0x71001afb7c,U,328,
0x71001afcc4,U,312,
0x71001afdfc,U,140,
0x71001afe88,U,456,
0x71001b0050,U,1444,
0x71001b05f4,U,2344,
0x71001b0f1c,U,8,
0x71001b0f24,U,88,
0x71001b0f7c,U,268,
0x71001b122c,U,244,
0x71001b1324,U,340,
0x71001b1478,U,316,
0x71001b15b4,U,196,
0x71001b1680,U,940,
0x71001b1a30,U,340,
0x71001b1dd0,U,2520,
0x71001b27a8,U,4,
0x71001b27ac,U,1132,
0x71001b2c18,U,236,
0x71001b2d04,U,180,
0x71001b2db8,U,28,
0x71001b2de4,U,28,
0x71001b34c0,U,380,
0x71001b363c,U,36,
0x71001b3660,U,52,
0x71001b3694,U,192,
0x71001b3754,U,296,
0x71001b387c,U,328,
0x71001b39c4,U,88,
0x71001b3dc0,U,36,
0x71001b3df0,U,12,
0x71001b3e00,U,12,
0x71001b3e10,U,12,
0x71001b3e20,U,12,
0x71001b3e30,U,140,
0x71001b3ebc,U,136,
0x71001b3f44,U,108,
0x71001b3fb0,U,8,
0x71001b3fb8,U,1508,
0x71001b459c,U,336,
0x71001b46ec,U,200,
0x71001b47b4,U,400,
0x71001b4950,U,140,
0x71001b49dc,U,64,
0x71001b4a20,U,140,
0x71001b4aac,U,660,
0x71001b4d40,U,168,
0x71001b4de8,U,444,
0x71001b4fa4,U,116,
0x71001b5018,U,352,
0x71001b5178,U,360,
0x71001b52e0,U,104,
0x71001b5348,U,7532,
0x71001b70b4,U,76,
0x71001b7100,U,40,
0x71001b7128,U,48,
0x71001b7158,U,1016,
0x71001b7550,U,52,
0x71001b7584,U,100,
0x71001b75e8,U,36,
0x71001b760c,U,76,
0x71001b7660,U,140,
0x71001b76ec,U,752,
0x71001b79dc,U,132,
0x71001b7a60,U,288,
0x71001b7b80,U,56,
0x71001b7bb8,U,456,
0x71001b7d80,U,308,
0x71001b7eb4,U,484,
0x71001b8098,U,420,
0x71001b823c,U,444,
0x71001b83f8,U,7024,
0x71001b9f68,U,544,
0x71001ba188,U,492,
0x71001ba374,U,1264,
0x71001ba864,U,284,
0x71001ba980,U,412,
0x71001bab1c,U,20,
0x71001bab30,U,500,
0x71001bad24,U,1192,
0x71001bb1cc,U,896,
0x71001bb54c,U,44,
0x71001bb580,U,140,
0x71001bb60c,U,108,
0x71001bb678,U,76,
0x71001bb6cc,U,108,
0x71001bb738,U,8,
0x71001bb740,U,140,
0x71001bb7cc,U,508,
0x71001bb9c8,U,100,
0x71001bba2c,U,8,
0x71001bba38,U,56,
0x71001bba74,U,56,
0x71001bbab0,U,140,
0x71001bbb3c,U,124,
0x71001bbbb8,U,208,
0x71001bbc88,U,228,
0x71001bbd6c,U,356,
0x71001bbed0,U,20,
0x71001bbee4,U,184,
0x71001bbf9c,U,12,
0x71001bbfa8,U,192,
0x71001bc068,U,76,
0x71001bc0b4,U,88,
0x71001bc10c,U,68,
0x71001bc150,U,152,
0x71001bc1e8,U,104,
0x71001bc250,U,140,
0x71001bc2dc,U,108,
0x71001bc348,U,8,
0x71001bc350,U,4,
0x71001bc354,U,56,
0x71001bc38c,U,680,
0x71001bc634,U,104,
0x71001bc69c,U,72,
0x71001bc6e4,U,92,
0x71001bc740,U,356,
0x71001bc8a4,U,156,
0x71001bc940,U,208,
0x71001bca10,U,300,
0x71001bcb3c,U,8,
0x71001bcb4c,U,4,
0x71001bcb50,U,4,
0x71001bcb54,U,8,
0x71001bcb60,U,140,
0x71001bcbec,U,220,
0x71001bccc8,U,204,
0x71001bcd94,U,4,
0x71001bcd98,U,88,
0x71001bcdf0,U,1636,
0x71001bd454,U,148,
0x71001bd4e8,U,96,
0x71001bd548,U,84,
0x71001bd59c,U,12,
0x71001bd5a8,U,112,
0x71001bd618,U,8,
0x71001bd620,U,8,
0x71001bd628,U,12,
0x71001bd634,U,16,
0x71001bd644,U,16,
0x71001bd660,U,140,
0x71001bd6ec,U,208,
0x71001bd7bc,U,368,
0x71001bd92c,U,136,
0x71001bd9b4,U,60,
0x71001bd9f4,U,56,
0x71001bda2c,U,528,
0x71001bdc3c,U,96,
0x71001bdc9c,U,180,
0x71001bdd50,U,152,
0x71001bdde8,U,44,
0x71001bde20,U,140,
0x71001bdeac,U,372,
0x71001be020,U,88,
0x71001be078,U,340,
0x71001be1cc,U,604,
0x71001be428,U,8,
0x71001be430,U,60,
0x71001be46c,U,2680,
0x71001beee4,U,80,
0x71001bef34,U,308,
0x71001bf068,U,240,
0x71001bf158,U,3052,
0x71001bfd44,U,24,
0x71001bfd5c,U,328,
0x71001bfea4,U,132,
0x71001bff28,U,156,
0x71001bffc4,U,4,
0x71001bffc8,U,564,
0x71001c01fc,U,236,
0x71001c02e8,U,316,
0x71001c0424,U,152,
0x71001c04bc,U,460,
0x71001c0690,U,140,
0x71001c071c,U,380,
0x71001c0898,U,64,
0x71001c08d8,U,4,
0x71001c08dc,U,140,
0x71001c0968,U,92,
0x71001c09c4,U,1628,
0x71001c1020,U,16,
0x71001c1030,U,268,
0x71001c113c,U,364,
0x71001c12a8,U,344,
0x71001c1400,U,64,
0x71001c1440,U,16,
0x71001c1450,U,44,
0x71001c147c,U,128,
0x71001c14fc,U,12,
0x71001c1508,U,12,
0x71001c1514,U,384,
0x71001c1694,U,336,
0x71001c17e4,U,316,
0x71001c1920,U,592,
0x71001c1b70,U,256,
0x71001c1c70,U,492,
0x71001c1e5c,U,320,
0x71001c1f9c,U,568,
0x71001c21d4,U,684,
0x71001c2480,U,732,
0x71001c275c,U,8,
0x71001c2764,U,280,
0x71001c287c,U,124,
0x71001c28f8,U,308,
0x71001c2a2c,U,384,
0x71001c2bac,U,196,
0x71001c2c70,U,268,
0x71001c2d7c,U,324,
0x71001c2ec0,U,384,
0x71001c3040,U,432,
0x71001c31f0,U,16,
0x71001c3200,U,112,
0x71001c3270,U,76,
0x71001c32bc,U,88,
0x71001c3314,U,24,
0x71001c3330,U,16,
0x71001c3340,U,140,
0x71001c33cc,U,100,
0x71001c3430,U,8,
0x71001c3438,U,4,
0x71001c343c,U,56,
0x71001c3474,U,128,
0x71001c34f4,U,16,
0x71001c3504,U,176,
0x71001c35b4,U,268,
0x71001c36c0,U,176,
0x71001c3770,U,60,
0x71001c37b0,U,140,
0x71001c383c,U,80,
0x71001c388c,U,8,
0x71001c3894,U,308,
0x71001c39c8,U,52,
0x71001c3a00,U,140,
0x71001c3a8c,U,76,
0x71001c3adc,U,56,
0x71001c3b14,U,308,
0x71001c3c48,U,8,
0x71001c3c50,U,140,
0x71001c3cdc,U,124,
0x71001c3d58,U,40,
0x71001c3d80,U,268,
0x71001c3e8c,U,52,
0x71001c3ec0,U,28,
0x71001c3edc,U,404,
0x71001c4070,U,936,
0x71001c4418,U,248,
0x71001c4510,U,332,
0x71001c465c,U,52,
0x71001c4690,U,140,
0x71001c4720,U,156,
0x71001c47c0,U,184,
0x71001c6310,U,1604,
0x71001c6960,U,1592,
0x71001c6fa0,U,1600,
0x71001c75e0,U,584,
0x71001c7830,U,1348,
0x71001c7d80,U,420,
0x71001c7f24,U,880,
0x71001c8294,U,3508,
0x71001c9048,U,40,
0x71001c9070,U,972,
0x71001c943c,U,240,
0x71001c9550,U,456,
0x71001c9718,U,5108,
0x71001cab0c,U,768,
0x71001cae0c,U,404,
0x71001cafa0,U,1136,
0x71001cb410,U,268,
0x71001cb51c,U,108,
0x71001cb588,U,124,
0x71001cb604,U,3492,
0x71001cc3a8,U,68,
0x71001cc3ec,U,120,
0x71001cc464,U,236,
0x71001cc550,U,32,
0x71001cc570,U,152,
0x71001cc608,U,1840,
0x71001ccd38,U,160,
0x71001ccdd8,U,1480,
0x71001cd3a0,U,2052,
0x71001cdba4,U,372,
0x71001cdd18,U,84,
0x71001cdd6c,U,4,
0x71001cdd70,U,4,
0x71001cdd74,U,156,
0x71001cde10,U,56,
0x71001cde48,U,60,
0x71001cde84,U,708,
0x71001ce148,U,424,
0x71001ce2f0,U,548,
0x71001ce514,U,496,
0x71001ce704,U,360,
0x71001ce86c,U,436,
0x71001cea20,U,608,
0x71001cec80,U,136,
0x71001ced08,U,20,
0x71001ced1c,U,612,
0x71001cef80,U,504,
0x71001cf5e4,U,428,
0x71001cf790,U,604,
0x71001cf9ec,U,1112,
0x71001cfe44,U,712,
0x71001d010c,U,748,
0x71001d03f8,U,576,
0x71001d0638,U,564,
0x71001d086c,U,136,
0x71001d08f4,U,12,
0x71001d0900,U,160,
0x71001d09a8,U,16,
0x71001d09b8,U,24,
0x71001d09d0,U,44,
0x71001d09fc,U,20,
0x71001d0a10,U,12,
0x71001d0a1c,U,12,
0x71001d0a28,U,12,
0x71001d0a34,U,12,
0x71001d0a40,U,12,
0x71001d0a4c,U,12,
0x71001d0a58,U,12,
0x71001d0a64,U,12,
0x71001d0a70,U,12,
0x71001d0a7c,U,12,
0x71001d0a88,U,12,
0x71001d0a94,U,44,
0x71001d0ac0,U,12,
0x71001d0acc,U,12,
0x71001d0ad8,U,12,
0x71001d0ae4,U,140,
0x71001d0b70,U,276,
0x71001d0c84,U,140,
0x71001d0d10,U,2928,
0x71001d1880,U,976,
0x71001d1c50,U,552,
0x71001d1e78,U,80,
0x71001d1ec8,U,8,
0x71001d1ed0,U,8,
0x71001d1ed8,U,124,
0x71001d1f54,U,124,
0x71001d1fd0,U,132,
0x71001d2054,U,12,
0x71001d2060,U,12,
0x71001d206c,U,12,
0x71001d2078,U,104,
0x71001d20e0,U,104,
0x71001d2148,U,2108,
0x71001d2984,U,512,
0x71001d2b84,U,8,
0x71001d2b8c,U,200,
0x71001d2c54,U,172,
0x71001d2d00,U,204,
0x71001d2dcc,U,64,
0x71001d2e0c,U,152,
0x71001d2ea4,U,72,
0x71001d2eec,U,212,
0x71001d2fc0,U,864,
0x71001d3320,U,924,
0x71001d36bc,U,1704,
0x71001d3d64,U,1184,
0x71001d4204,U,284,
0x71001d4320,U,368,
0x71001d4490,U,8,
0x71001d4498,U,36,
0x71001d44bc,U,656,
0x71001d474c,U,16,
0x71001d475c,U,16,
0x71001d476c,U,352,
0x71001d48cc,U,792,
0x71001d4be4,U,472,
0x71001d4dbc,U,456,
0x71001d4f84,U,316,
0x71001d50c0,U,4,
0x71001d50c4,U,20,
0x71001d50d8,U,16,
0x71001d50e8,U,16,
0x71001d50f8,U,660,
0x71001d538c,U,96,
0x71001d53ec,U,16,
0x71001d53fc,U,16,
0x71001d540c,U,20,
0x71001d5420,U,20,
0x71001d5434,U,172,
0x71001d54e0,U,5380,
0x71001d69e4,U,24,
0x71001d69fc,U,16,
0x71001d6a0c,U,196,
0x71001d6ad0,U,196,
0x71001d6b94,U,188,
0x71001d6c50,U,8,
0x71001d6c58,U,424,
0x71001d6e00,U,548,
0x71001d7024,U,136,
0x71001d70ac,U,12,
0x71001d70b8,U,616,
0x71001d7320,U,8,
0x71001d7328,U,196,
0x71001d73ec,U,88,
0x71001d7444,U,260,
0x71001d7548,U,396,
0x71001d76d4,U,332,
0x71001d7820,U,332,
0x71001d796c,U,504,
0x71001d7b64,U,396,
0x71001d7cf0,U,296,
0x71001d7e18,U,488,
0x71001d8000,U,444,
0x71001d81bc,U,60,
0x71001d81f8,U,136,
0x71001d8280,U,84,
0x71001d82d4,U,92,
0x71001d85b8,U,712,
0x71001d8880,U,196,
0x71001d8944,U,1236,
0x71001d8e18,U,736,
0x71001d9350,U,316,
0x71001d948c,U,1264,
0x71001d997c,U,388,
0x71001d9c28,U,1112,
0x71001da140,U,288,
0x71001da260,U,644,
0x71001da4e4,U,364,
0x71001da650,U,492,
0x71001da83c,U,2684,
0x71001db2b8,U,252,
0x71001db3b4,U,1460,
0x71001db968,U,240,
0x71001dba58,U,284,
0x71001dbb74,U,712,
0x71001dbe3c,U,372,
0x71001dbfb0,U,240,
0x71001dc0a0,U,796,
0x71001dc3bc,U,588,
0x71001dc608,U,3488,
0x71001dd3a8,U,2136,
0x71001ddc00,U,1960,
0x71001de3a8,U,428,
0x71001de554,U,272,
0x71001de664,U,1064,
0x71001dea8c,U,348,
0x71001debe8,U,380,
0x71001ded64,U,504,
0x71001dfc74,U,2536,
0x71001e065c,U,196,
0x71001e0778,U,60,
0x71001e0820,U,2364,
0x71001e1160,U,140,
0x71001e1250,U,140,
0x71001e12dc,U,220,
0x71001e13b8,U,200,
0x71001e1684,U,260,
0x71001e1788,U,436,
0x71001e193c,U,2120,
0x71001e2184,U,432,
0x71001e2334,U,484,
0x71001e2518,U,396,
0x71001e26a4,U,1044,
0x71001e2e30,U,4024,
0x71001e3df0,U,1304,
0x71001e4310,U,1000,
0x71001e4700,U,1308,
0x71001e4c20,U,1168,
0x71001e5284,U,208,
0x71001e543c,U,92,
0x71001e5498,U,76,
0x71001e54e4,U,688,
0x71001e5794,U,900,
0x71001e5b18,U,2472,
0x71001e6510,U,140,
0x71001e659c,U,272,
0x71001e68a4,U,88,
0x71001e68fc,U,1016,
0x71001e6cf4,U,1852,
0x71001e7430,U,140,
0x71001e74bc,U,232,
0x71001e76bc,U,92,
0x71001e7718,U,76,
0x71001e7764,U,692,
0x71001e7a18,U,1196,
0x71001e7ec4,U,1148,
0x71001e8340,U,140,
0x71001e83cc,U,372,
0x71001e8670,U,436,
0x71001e8824,U,508,
0x71001e8a20,U,180,
0x71001e9010,U,60,
0x71001e9ab4,U,112,
0x71001e9b30,U,36,
0x71001e9b54,U,240,
0x71001e9c44,U,528,
0x71001e9e54,U,424,
0x71001e9ffc,U,152,
0x71001ea094,U,4,
0x71001ea098,U,84,
0x71001ea0ec,U,252,
0x71001ea1e8,U,424,
0x71001ea3a0,U,140,
0x71001ea42c,U,168,
0x71001ea4d4,U,68,
0x71001ea518,U,72,
0x71001ea560,U,72,
0x71001ea5a8,U,76,
0x71001ea5f4,U,472,
0x71001ea7d0,U,140,
0x71001ea860,U,456,
0x71001eaa28,U,640,
0x71001eaca8,U,268,
0x71001eadd8,U,76,
0x71001eae24,U,4,
0x71001eae28,U,276,
0x71001eaf3c,U,364,
0x71001eb0a8,U,24,
0x71001eb0c0,U,1524,
0x71001eb6b4,U,316,
0x71001eb7f0,U,548,
0x71001eba14,U,288,
0x71001ebb34,U,68,
0x71001ebb78,U,364,
0x71001ebce4,U,332,
0x71001ebe30,U,40,
0x71001ebe58,U,40,
0x71001ebe80,U,540,
0x71001ec09c,U,380,
0x71001ec218,U,352,
0x71001ec378,U,776,
0x71001ec680,U,424,
0x71001ec830,U,140,
0x71001ec8c0,U,328,
0x71001eca08,U,220,
0x71001ecae4,U,220,
0x71001ecbc0,U,220,
0x71001ed020,U,388,
0x71001ed1a4,U,220,
0x71001ed280,U,220,
0x71001ed6e0,U,388,
0x71001ed864,U,220,
0x71001ed940,U,464,
0x71001edb10,U,220,
0x71001edbec,U,220,
0x71001edcc8,U,312,
0x71001ede00,U,336,
0x71001edf50,U,336,
0x71001ee0a0,U,336,
0x71001ee1f0,U,336,
0x71001ee340,U,532,
0x71001ee578,U,384,
0x71001ee6f8,U,140,
0x71001ee784,U,384,
0x71001ee904,U,32,
0x71001ee924,U,112,
0x71001ee994,U,900,
0x71001eed18,U,88,
0x71001eed70,U,488,
0x71001eef58,U,28,
0x71001eef74,U,28,
0x71001eef90,U,20,
0x71001eefa4,U,16,
0x71001eefb4,U,64,
0x71001eeff4,U,20,
0x71001ef008,U,16,
0x71001ef018,U,16,
0x71001ef028,U,16,
0x71001ef038,U,252,
0x71001ef134,U,332,
0x71001ef280,U,228,
0x71001ef364,U,148,
0x71001ef3f8,U,156,
0x71001ef494,U,460,
0x71001ef660,U,540,
0x71001ef87c,U,28,
0x71001ef898,U,268,
0x71001ef9a4,U,152,
0x71001efa3c,U,264,
0x71001efb44,U,168,
0x71001efbec,U,164,
0x71001efc90,U,332,
0x71001efddc,U,332,
0x71001eff28,U,332,
0x71001f0074,U,268,
0x71001f0180,U,188,
0x71001f023c,U,148,
0x71001f02d0,U,148,
0x71001f0364,U,32,
0x71001f0384,U,8,
0x71001f038c,U,364,
0x71001f04f8,U,96,
0x71001f0590,U,20,
0x71001f05f0,U,360,
0x71001f0758,U,60,
0x71001f07c4,U,20,
0x71001f0824,U,360,
0x71001f098c,U,60,
0x71001f09f8,U,20,
0x71001f0a58,U,364,
0x71001f0bc4,U,96,
0x71001f0c5c,U,20,
0x71001f0cbc,U,364,
0x71001f0e28,U,60,
0x71001f0ed8,U,20,
0x71001f1008,U,364,
0x71001f1174,U,60,
0x71001f1224,U,20,
0x71001f1354,U,364,
0x71001f14c0,U,96,
0x71001f1558,U,20,
0x71001f15b8,U,364,
0x71001f1724,U,96,
0x71001f17bc,U,20,
0x71001f181c,U,664,
0x71001f1ab4,U,236,
0x71001f1e50,U,80,
0x71001f1ea0,U,84,
0x71001f2038,U,80,
0x71001f2088,U,84,
0x71001f20e4,U,100,
0x71001f2374,U,144,
0x71001f2404,U,144,
0x71001f2494,U,144,
0x71001f2548,U,132,
0x71001f2650,U,952,
0x71001f2a08,U,220,
0x71001f2ae4,U,212,
0x71001f2ddc,U,372,
0x71001f2f50,U,368,
0x71001f30c0,U,296,
0x71001f3224,U,140,
0x71001f32b0,U,72,
0x71001f3310,U,52,
0x71001f3344,U,44,
0x71001f3370,U,72,
0x71001f3438,U,168,
0x71001f34f0,U,140,
0x71001f357c,U,220,
0x71001f3658,U,212,
0x71001bb6c4,U,12,
0x71001bb6c8,U,12,
0x71001f3868,U,252,
0x71001f3964,U,256,
0x71001f3a64,U,384,
0x71001f3be4,U,380,
0x71001f3d60,U,296,
0x71001f3e88,U,44,
0x71001f3eb4,U,72,
0x71001f3fa0,U,140,
0x71001f402c,U,220,
0x71001f4108,U,212,
0x71001bba34,U,12,
0x71001f4268,U,8,
0x71001f4338,U,252,
0x71001f4434,U,368,
0x71001f45a4,U,520,
0x71001f47ac,U,692,
0x71001f4a60,U,444,
0x71001f4c48,U,72,
0x71001f4c94,U,24,
0x71001f4d40,U,140,
0x71001f4dcc,U,304,
0x71001f4efc,U,244,
0x71001f52a0,U,108,
0x71001f530c,U,6396,
0x71001f6c08,U,232,
0x71001f6df8,U,372,
0x71001f6f6c,U,368,
0x71001f70dc,U,324,
0x71001f7220,U,300,
0x71001f7388,U,124,
0x71001f7404,U,72,
0x71001f7474,U,52,
0x71001f74d4,U,72,
0x71001f751c,U,2652,
0x71001f7f78,U,560,
0x71001f81b8,U,672,
0x71001f8460,U,140,
0x71001f84ec,U,212,
0x71001bcb48,U,12,
0x71001f8750,U,240,
0x71001f8978,U,256,
0x71001f8a78,U,384,
0x71001f8bf8,U,380,
0x71001f8d74,U,296,
0x71001f8ec8,U,72,
0x71001f8fb0,U,140,
0x71001f92a8,U,384,
0x71001f942c,U,388,
0x71001f95b0,U,456,
0x71001f9778,U,360,
0x71001f98e0,U,516,
0x71001f9ae4,U,220,
0x71001f9bc0,U,124,
0x71001f9c3c,U,152,
0x71001f9d74,U,192,
0x71001f9e34,U,88,
0x71001f9e8c,U,188,
0x71001f9f60,U,96,
0x71001fa004,U,20,
0x71001fa098,U,364,
0x71001fa204,U,96,
0x71001fa29c,U,20,
0x71001fa6d0,U,68,
0x71001faa40,U,212,
0x71001fabb8,U,8,
0x71001fada4,U,72,
0x71001fae00,U,140,
0x71001fae8c,U,220,
0x71001faf68,U,212,
0x71001fb1b8,U,100,
0x71001fb294,U,204,
0x71001fb360,U,372,
0x71001fb4d4,U,380,
0x71001fb650,U,324,
0x71001fb794,U,140,
0x71001fb894,U,72,
0x71001fb8dc,U,52,
0x71001fb920,U,140,
0x71001fb9ac,U,220,
0x71001fbc54,U,388,
0x71001fbde0,U,268,
0x71001fbeec,U,728,
0x71001fc1c4,U,636,
0x71001fc440,U,268,
0x71001fc54c,U,336,
0x71001fc69c,U,56,
0x71001fc6d4,U,124,
0x71001fc750,U,108,
0x71001fc7bc,U,56,
0x71001fc7f4,U,80,
0x71001fc844,U,72,
0x71001fc88c,U,60,
0x71001fc8c8,U,60,
0x71001fc904,U,60,
0x71001fc940,U,284,
0x71001fca5c,U,580,
0x71001fcca0,U,172,
0x71001fcd4c,U,64,
0x71001fcd8c,U,56,
0x71001fcdc4,U,60,
0x71001fce00,U,56,
0x71001fce38,U,64,
0x71001fce78,U,60,
0x71001fceb4,U,72,
0x71001fcefc,U,88,
0x71001fcf54,U,296,
0x71001fd07c,U,312,
0x71001fd1b4,U,312,
0x71001fd2ec,U,68,
0x71001fd330,U,296,
0x71001fd458,U,56,
0x71001fd490,U,56,
0x71001fd4c8,U,60,
0x71001fd504,U,60,
0x71001fd584,U,68,
0x71001fd604,U,60,
0x71001fd640,U,64,
0x71001fd680,U,64,
0x71001fd6c0,U,64,
0x71001fd700,U,68,
0x71001fd744,U,56,
0x71001fd77c,U,56,
0x71001fd7b4,U,120,
0x71001fd82c,U,60,
0x71001fd868,U,56,
0x71001fd8a0,U,60,
0x71001fd8dc,U,56,
0x71001fd914,U,56,
0x71001fd94c,U,60,
0x71001fd988,U,8,
0x71001fd990,U,12,
0x71001fd99c,U,16,
0x71001fd9ac,U,56,
0x71001fd9e4,U,56,
0x71001fda1c,U,56,
0x71001fda54,U,60,
0x71001fda90,U,60,
0x71001fdacc,U,300,
0x71001fdbf8,U,364,
0x71001fdd64,U,96,
0x71001fddfc,U,20,
0x71001fde84,U,248,
0x71001fdf7c,U,248,
0x71001fe078,U,244,
0x71001fe16c,U,244,
0x71001fe260,U,304,
0x71001fe390,U,384,
0x71001fe698,U,508,
0x71001fe894,U,380,
0x71001fea10,U,220,
0x71001feaec,U,220,
0x71001febc8,U,220,
0x71001ff028,U,388,
0x71001ff1ac,U,220,
0x71001ff60c,U,388,
0x71001ff790,U,220,
0x71001ff86c,U,496,
0x71001ffa5c,U,220,
0x71001ffb38,U,720,
0x71001ffe08,U,156,
0x71001ffea4,U,4,
0x71001ffea8,U,388,
0x710020002c,U,240,
0x710020011c,U,28,
0x7100200138,U,12,
0x7100200144,U,8,
0x710020014c,U,12,
0x7100200158,U,8,
0x7100200160,U,28,
0x710020017c,U,324,
0x71002002c0,U,300,
0x71002003ec,U,236,
0x71002004d8,U,28,
0x71002004f4,U,8320,
0x7100202574,U,8,
0x710020257c,U,336,
0x71002026cc,U,220,
0x71002027a8,U,244,
0x710020289c,U,40,
0x71002028c4,U,168,
0x710020296c,U,148,
0x7100202a00,U,20,
0x7100202a14,U,172,
0x7100202ac0,U,172,
0x7100202b6c,U,240,
0x7100202c5c,U,128,
0x7100202cdc,U,20,
0x7100202cf0,U,16,
0x7100202d00,U,20,
0x7100202d14,U,16,
0x7100202d24,U,32,
0x7100202d44,U,24,
0x7100202d5c,U,64,
0x7100202d9c,U,56,
0x7100202dd4,U,52,
0x7100202e18,U,48,
0x7100202e48,U,52,
0x7100202e7c,U,52,
0x7100202eb0,U,20,
0x7100202ec4,U,32,
0x7100202ee4,U,28,
0x7100202f00,U,28,
0x7100202f1c,U,28,
0x7100202f38,U,28,
0x7100202f54,U,28,
0x7100202f70,U,16,
0x7100202f80,U,16,
0x7100202f90,U,16,
0x7100202fa0,U,44,
0x7100202fcc,U,16,
0x7100202fdc,U,364,
0x7100203148,U,96,
0x71002031e0,U,20,
0x7100203240,U,360,
0x71002033a8,U,88,
0x7100203438,U,20,
0x7100203498,U,360,
0x7100203600,U,88,
0x7100203690,U,20,
0x71002036f0,U,364,
0x710020385c,U,60,
0x71002038f4,U,20,
0x7100203a30,U,364,
0x7100203b9c,U,60,
0x7100203c34,U,20,
0x7100203d70,U,364,
0x7100203edc,U,96,
0x7100203f74,U,20,
0x7100204338,U,296,
0x7100204460,U,368,
0x71002045d0,U,808,
0x7100204b94,U,80,
0x7100204be4,U,84,
0x7100204d7c,U,80,
0x7100204dcc,U,84,
0x7100204fcc,U,196,
0x710020510c,U,192,
0x7100205598,U,168,
0x7100205640,U,176,
0x71002056f0,U,296,
0x7100205bc4,U,220,
0x7100205ca0,U,212,
0x7100205d98,U,92,
0x7100205f98,U,104,
0x7100206000,U,120,
0x7100206078,U,220,
0x7100206154,U,64,
0x7100206194,U,256,
0x7100206294,U,340,
0x71002063e8,U,384,
0x7100206568,U,380,
0x7100206720,U,140,
0x7100206800,U,52,
0x7100206860,U,72,
0x71002068c0,U,140,
0x710020694c,U,248,
0x7100206a44,U,212,
0x7100206d8c,U,220,
0x710016aa9c,U,376,
0x7100206e78,U,12,
0x7100206e84,U,12,
0x7100206ecc,U,152,
0x7100206fac,U,64,
0x7100207004,U,52,
0x7100207064,U,72,
0x71002070e0,U,140,
0x710020716c,U,236,
0x7100207258,U,212,
0x7100207628,U,172,
0x71002076d4,U,528,
0x71002078e4,U,60,
0x7100207920,U,136,
0x71002079a8,U,204,
0x7100207a74,U,372,
0x7100207be8,U,368,
0x7100207d58,U,324,
0x7100207e9c,U,300,
0x7100208004,U,124,
0x7100208080,U,72,
0x71002080f0,U,52,
0x7100208124,U,44,
0x7100208150,U,72,
0x71002081b0,U,140,
0x710020823c,U,252,
0x7100208338,U,212,
0x71002084a8,U,4,
0x71002084ac,U,8,
0x71002084b4,U,68,
0x71002084f8,U,712,
0x71002087c0,U,192,
0x7100208880,U,448,
0x7100208a40,U,36,
0x7100208bb4,U,244,
0x7100208ca8,U,116,
0x7100208d1c,U,60,
0x7100208d58,U,204,
0x7100208e24,U,384,
0x7100208fa4,U,380,
0x7100209120,U,324,
0x7100209264,U,304,
0x7100209394,U,52,
0x71002093c8,U,44,
0x71002093f4,U,72,
0x7100209450,U,140,
0x71002094dc,U,256,
0x71002095dc,U,212,
0x71002098a4,U,188,
0x7100209960,U,8,
0x7100209968,U,276,
0x7100209b48,U,312,
0x7100209c80,U,380,
0x7100209dfc,U,296,
0x7100209f60,U,140,
0x7100209fec,U,72,
0x710020a034,U,52,
0x710020a094,U,72,
0x710020a100,U,140,
0x710020a18c,U,320,
0x710020a2cc,U,212,
0x710020a43c,U,8,
0x710020a444,U,8,
0x710020a4c4,U,220,
0x710020a5a0,U,228,
0x710020a6e8,U,380,
0x710020a864,U,368,
0x710020a9d4,U,296,
0x710020aafc,U,252,
0x710020ac34,U,140,
0x710020ad08,U,60,
0x710020ad44,U,52,
0x710020ad90,U,72,
0x710020adf0,U,140,
0x710020ae7c,U,240,
0x710020af6c,U,212,
0x710020b148,U,196,
0x710020b20c,U,372,
0x710020b380,U,368,
0x710020b4f0,U,296,
0x710020b654,U,140,
0x710020b728,U,52,
0x710020b774,U,72,
0x710020b850,U,140,
0x710020b8dc,U,240,
0x710020b9cc,U,212,
0x710020bb3c,U,168,
0x710020bbe4,U,228,
0x710020bcc8,U,384,
0x710020be48,U,380,
0x710020bfc4,U,296,
0x710020c128,U,140,
0x710020c1fc,U,52,
0x710020c248,U,72,
0x710020c300,U,140,
0x710020c38c,U,224,
0x710020c46c,U,40,
0x710020c494,U,20,
0x710020c4a8,U,16,
0x710020c4b8,U,20,
0x710020c4cc,U,16,
0x710020c4dc,U,212,
0x71001bd9f0,U,12,
0x710020c63c,U,8,
0x710020c644,U,252,
0x710020c740,U,64,
0x710020c780,U,240,
0x710020c8ac,U,256,
0x710020c9ac,U,184,
0x710020ca64,U,256,
0x710020cb64,U,384,
0x710020cce4,U,380,
0x710020ce60,U,296,
0x710020cf88,U,52,
0x710020cfe8,U,72,
0x710020d050,U,140,
0x710020d0dc,U,224,
0x710020d1bc,U,212,
0x710020d32c,U,8,
0x710020d334,U,8,
0x710020d33c,U,380,
0x710020d4b8,U,256,
0x710020d5b8,U,396,
0x710020d744,U,360,
0x710020d8ac,U,308,
0x710020db44,U,148,
0x710020dbd8,U,308,
0x710020dd0c,U,52,
0x710020dd40,U,100,
0x710020dda4,U,256,
0x710020deb0,U,44,
0x710020dedc,U,72,
0x710020df30,U,140,
0x710020dfbc,U,76,
0x710020e270,U,140,
0x710020e2fc,U,176,
0x710020e8b0,U,140,
0x710020e93c,U,20,
0x710020e960,U,1368,
0x710020f0b0,U,140,
0x710020f13c,U,76,
0x710020f3c0,U,140,
0x710020f678,U,60,
0x710020f784,U,136,
0x710020f80c,U,176,
0x710020fa90,U,140,
0x710020fb1c,U,56,
0x710020fd20,U,140,
0x710020fdac,U,180,
0x710020ff30,U,140,
0x710020ffbc,U,104,
0x71002102b0,U,140,
0x710021033c,U,1048,
0x7100210754,U,360,
0x7100210900,U,144,
0x7100210a04,U,2284,
0x71002112f0,U,336,
0x7100211440,U,336,
0x7100211590,U,840,
0x7100211960,U,292,
0x7100211a84,U,12,
0x7100211b08,U,92,
0x7100211bd8,U,108,
0x7100211f8c,U,180,
0x7100212040,U,180,
0x71002120f4,U,180,
0x71002122c0,U,140,
0x710021234c,U,236,
0x7100212438,U,248,
0x7100212530,U,76,
0x710021257c,U,300,
0x71002126b0,U,140,
0x710021273c,U,88,
0x7100212794,U,352,
0x71002128f4,U,396,
0x7100212a80,U,2296,
0x7100213380,U,3752,
0x7100214230,U,2028,
0x7100214a20,U,1308,
0x7100214f40,U,1716,
0x7100215600,U,1236,
0x7100215ae0,U,140,
0x7100215b70,U,140,
0x7100215c00,U,140,
0x7100215c90,U,140,
0x7100215d20,U,140,
0x7100215dac,U,32,
0x7100215dcc,U,80,
0x7100215e1c,U,4,
0x7100215e38,U,40,
0x7100215e8c,U,28,
0x7100215ea8,U,28,
0x7100215ec4,U,24,
0x7100215edc,U,24,
0x7100215ef4,U,52,
0x7100215f60,U,192,
0x7100216090,U,552,
0x71002162b8,U,284,
0x71002163d4,U,152,
0x710021646c,U,252,
0x7100216568,U,128,
0x71002165e8,U,176,
0x71002167d0,U,140,
0x710021685c,U,48,
0x710021688c,U,168,
0x7100216934,U,4,
0x710021693c,U,60,
0x7100216978,U,76,
0x71002169c4,U,28,
0x71002169e0,U,288,
0x7100216b00,U,300,
0x7100216c2c,U,120,
0x7100216ca4,U,140,
0x7100216d30,U,56,
0x7100216d70,U,140,
0x7100216dfc,U,252,
0x7100216ef8,U,76,
0x7100216f90,U,140,
0x71002174c8,U,384,
0x7100217914,U,384,
0x7100217e50,U,12,
0x7100217e60,U,124,
0x7100217ee0,U,124,
0x7100217f60,U,28,
0x7100217f80,U,140,
0x7100218010,U,140,
0x71002180a0,U,140,
0x710021812c,U,256,
0x710021822c,U,4,
0x7100218230,U,140,
0x71002183e0,U,1572,
0x7100218a04,U,24,
0x7100218a1c,U,16,
0x7100218b04,U,100,
0x7100218b68,U,368,
0x7100218ce0,U,1108,
0x7100219134,U,112,
0x71002191a4,U,108,
0x7100219210,U,132,
0x7100219294,U,8,
0x710021929c,U,20,
0x71002192b0,U,8,
0x71002192b8,U,4,
0x71002192bc,U,8,
0x71002192c4,U,4,
0x71002192c8,U,120,
0x7100219340,U,348,
0x710021949c,U,8,
0x71002194a4,U,68,
0x71002194e8,U,92,
0x7100219544,U,8,
0x7100219558,U,8,
0x7100219560,U,40,
0x7100219588,U,272,
0x7100219698,U,172,
0x7100219744,U,60,
0x7100219780,U,60,
0x71002197bc,U,52,
0x71002197f0,U,4,
0x71002197f4,U,8,
0x71002197fc,U,8,
0x7100219804,U,200,
0x71002198cc,U,164,
0x7100219970,U,4,
0x7100219974,U,60,
0x71002199b0,U,4,
0x71002199b4,U,4,
0x71002199b8,U,24,
0x71002199d0,U,8,
0x71002199d8,U,92,
0x7100219a34,U,172,
0x7100219ae0,U,212,
0x7100219bb4,U,24,
0x7100219bcc,U,8,
0x7100219bd4,U,8,
0x7100219bdc,U,84,
0x7100219c30,U,8,
0x7100219c38,U,12,
0x7100219c44,U,8,
0x7100219c4c,U,4,
0x7100219c50,U,12,
0x7100219c6c,U,16,
0x7100219c84,U,8,
0x7100219c8c,U,12,
0x7100219c98,U,12,
0x7100219ca4,U,12,
0x7100219cb0,U,88,
0x7100219d08,U,68,
0x7100219d4c,U,88,
0x7100219da4,U,16,
0x7100219db4,U,8,
0x7100219dbc,U,12,
0x7100219dc8,U,4,
0x7100219dcc,U,4,
0x7100219dd0,U,64,
0x7100219e10,U,8,
0x7100219e18,U,44,
0x7100219e44,U,20,
0x7100219e58,U,12,
0x7100219e64,U,8,
0x7100219e6c,U,8,
0x7100219e74,U,8,
0x7100219e7c,U,12,
0x7100219e88,U,108,
0x7100219ef4,U,112,
0x7100219f64,U,8,
0x7100219f6c,U,52,
0x7100219fa0,U,44,
0x7100219fcc,U,8,
0x7100219fd4,U,8,
0x7100219fdc,U,8,
0x7100219fe4,U,8,
0x7100219fec,U,8,
0x7100219ff4,U,44,
0x710021a020,U,44,
0x710021a04c,U,20,
0x710021a060,U,20,
0x710021a074,U,20,
0x710021a088,U,20,
0x710021a09c,U,24,
0x710021a0b4,U,8,
0x710021a0bc,U,8,
0x710021a0c4,U,36,
0x710021a0e8,U,8,
0x710021a0f0,U,8,
0x710021a0f8,U,28,
0x710021a114,U,252,
0x710021a210,U,96,
0x710021a2d0,U,84,
0x710021acb0,U,16,
0x710021acc0,U,140,
0x710021ad50,U,140,
0x710021ade0,U,244,
0x710021aed8,U,340,
0x710021b02c,U,72,
0x710021b2ac,U,72,
0x710021b3d8,U,20,
0x710021b3ec,U,28,
0x710021b430,U,28,
0x710021b460,U,160,
0x710021b504,U,240,
0x710021b5f8,U,380,
0x710021b774,U,56,
0x710021b7ac,U,20,
0x710021b7c4,U,8,
0x710021b7cc,U,8,
0x710021b7d4,U,140,
0x710021b860,U,68,
0x710021b8a4,U,60,
0x710021b8e0,U,100,
0x710021b944,U,100,
0x710021b9a8,U,60,
0x710021b9e4,U,92,
0x710021ba40,U,92,
0x710021ba9c,U,28,
0x710021baf0,U,28,
0x710021bc30,U,160,
0x710021bcd0,U,68,
0x710021bd20,U,68,
0x710021bd70,U,68,
0x710021bdc0,U,140,
0x710021c118,U,384,
0x710021c4cc,U,828,
0x710021c808,U,212,
0x710021c8dc,U,252,
0x710021c9d8,U,224,
0x710021cab8,U,484,
0x710021cc9c,U,228,
0x710021cd80,U,408,
0x710021cf18,U,720,
0x710021d238,U,348,
0x710021d3d4,U,440,
0x710021d58c,U,352,
0x710021d6ec,U,308,
0x710021d820,U,140,
0x710021d8b0,U,240,
0x710021dd84,U,352,
0x710021dee4,U,220,
0x710021dfc0,U,368,
0x710021e130,U,104,
0x710021e198,U,120,
0x710021e23c,U,20,
0x710021e258,U,112,
0x710021e2c8,U,112,
0x710021e36c,U,132,
0x710021e3f0,U,132,
0x710021e488,U,28,
0x710021e630,U,184,
0x710021e6e8,U,396,
0x710021e874,U,492,
0x710021ea60,U,488,
0x710021ecb4,U,524,
0x710021eec0,U,16,
0x710021eed0,U,664,
0x710021f168,U,144,
0x710021f2a8,U,1116,
0x710021f704,U,340,
0x710021f858,U,248,
0x710021f950,U,208,
0x710021fa20,U,220,
0x710021fafc,U,184,
0x710021fbb4,U,348,
0x710021fd10,U,252,
0x710021fe0c,U,384,
0x710021ff8c,U,436,
0x7100220140,U,112,
0x71002201b0,U,120,
0x7100220228,U,176,
0x71002202d8,U,8,
0x710022037c,U,348,
0x71002204d8,U,404,
0x7100220670,U,140,
0x71002206fc,U,20,
0x7100220710,U,44,
0x710022073c,U,128,
0x71002207bc,U,44,
0x71002207e8,U,148,
0x7100220880,U,464,
0x7100220a50,U,140,
0x7100220ae0,U,244,
0x7100220bd8,U,340,
0x7100220d2c,U,964,
0x71002211b4,U,596,
0x7100221408,U,264,
0x7100221534,U,248,
0x710022162c,U,108,
0x7100221698,U,672,
0x7100221b00,U,60,
0x7100221d48,U,1400,
0x71002222c0,U,1380,
0x710022286c,U,28,
0x710022289c,U,28,
0x71002228d0,U,160,
0x7100222970,U,324,
0x7100222ab4,U,252,
0x7100222bb0,U,208,
0x7100222cc8,U,204,
0x7100222d94,U,384,
0x7100222f14,U,256,
0x7100223014,U,252,
0x71002231b0,U,140,
0x710022323c,U,220,
0x7100223318,U,132,
0x71002233c4,U,604,
0x7100223620,U,140,
0x71002236ac,U,320,
0x71002237f0,U,108,
0x7100223860,U,284,
0x7100223980,U,524,
0x7100223b8c,U,160,
0x7100223c2c,U,2496,
0x71002245ec,U,268,
0x7100224904,U,12,
0x7100224910,U,496,
0x7100224b00,U,204,
0x7100224bcc,U,136,
0x7100224c54,U,24,
0x7100224d44,U,92,
0x7100224da0,U,68,
0x7100224de4,U,104,
0x7100224e4c,U,112,
0x7100224ebc,U,56,
0x7100224ef4,U,56,
0x7100224f2c,U,144,
0x7100224fbc,U,240,
0x71002250ac,U,616,
0x7100225314,U,428,
0x71002254c0,U,140,
0x7100225550,U,24,
0x7100225570,U,24,
0x7100225590,U,140,
0x7100225620,U,244,
0x7100225718,U,340,
0x710022586c,U,224,
0x710022594c,U,208,
0x7100225b84,U,424,
0x7100225d2c,U,232,
0x7100225e14,U,60,
0x7100225fd0,U,104,
0x7100226068,U,156,
0x7100226104,U,288,
0x7100226224,U,140,
0x71002262b0,U,28,
0x71002262e0,U,28,
0x7100226430,U,160,
0x71002264d4,U,244,
0x71002265cc,U,340,
0x7100226720,U,96,
0x71002268dc,U,260,
0x71002269e0,U,140,
0x7100226b70,U,556,
0x7100226d9c,U,276,
0x7100226eb8,U,28,
0x7100226ee8,U,28,
0x7100226f10,U,160,
0x7100226fb0,U,140,
0x7100227040,U,140,
0x71002270d0,U,140,
0x7100227160,U,140,
0x71002271f0,U,140,
0x7100227280,U,140,
0x7100227310,U,140,
0x7100227448,U,244,
0x7100228840,U,360,
0x71002289a8,U,380,
0x7100228b24,U,380,
0x7100228ca0,U,580,
0x7100228ee4,U,380,
0x7100229060,U,220,
0x710022913c,U,376,
0x71002292b4,U,380,
0x7100229430,U,380,
0x71002295ac,U,220,
0x7100229688,U,220,
0x7100229764,U,220,
0x7100229840,U,220,
0x710022991c,U,220,
0x7100229d7c,U,388,
0x7100229f00,U,220,
0x710022a360,U,388,
0x710022a4e4,U,220,
0x710022a5c0,U,496,
0x710022a7b0,U,220,
0x710022a88c,U,220,
0x710022acec,U,388,
0x710022ae70,U,220,
0x710022b2d0,U,388,
0x710022b454,U,220,
0x710022b530,U,488,
0x710022b718,U,220,
0x710022b7f4,U,220,
0x710022bc54,U,388,
0x710022bdd8,U,220,
0x710022c238,U,388,
0x710022c3bc,U,220,
0x710022c498,U,496,
0x710022c688,U,220,
0x710022c764,U,220,
0x710022cbc4,U,388,
0x710022cd48,U,220,
0x710022d1a8,U,388,
0x710022d32c,U,220,
0x710022d408,U,464,
0x710022d5d8,U,220,
0x710022d6b4,U,220,
0x710022d790,U,220,
0x710022dbf0,U,388,
0x710022dd74,U,220,
0x710022e1d4,U,388,
0x710022e358,U,220,
0x710022e434,U,480,
0x710022e614,U,220,
0x710022e6f0,U,220,
0x710022eb50,U,388,
0x710022ecd4,U,220,
0x710022f134,U,388,
0x710022f2b8,U,220,
0x710022f394,U,468,
0x710022f568,U,160,
0x710022f608,U,388,
0x710022f78c,U,380,
0x710022f908,U,220,
0x710022f9e4,U,220,
0x710022fe44,U,388,
0x710022ffc8,U,220,
0x7100230428,U,388,
0x71002305ac,U,220,
0x7100230688,U,500,
0x710023087c,U,220,
0x7100230958,U,220,
0x7100230db8,U,388,
0x7100230f3c,U,220,
0x710023139c,U,388,
0x7100231520,U,220,
0x71002315fc,U,468,
0x71002317d0,U,220,
0x71002318ac,U,220,
0x7100231988,U,220,
0x7100231a64,U,220,
0x7100231b40,U,220,
0x7100231c1c,U,220,
0x7100231cf8,U,308,
0x7100231e2c,U,84,
0x7100231e80,U,340,
0x7100231fd4,U,252,
0x7100232124,U,60,
0x7100232160,U,444,
0x710023231c,U,4,
0x7100232320,U,192,
0x71002323e0,U,272,
0x71002324f0,U,172,
0x710023259c,U,92,
0x71002325f8,U,92,
0x7100232654,U,124,
0x71002326d0,U,92,
0x710023272c,U,184,
0x71002327e4,U,128,
0x7100232864,U,120,
0x7100232938,U,80,
0x710023298c,U,80,
0x71002329e8,U,88,
0x7100232a48,U,232,
0x7100232b30,U,192,
0x7100232c68,U,40,
0x7100232c90,U,188,
0x7100232d4c,U,352,
0x7100232eac,U,108,
0x7100232f18,U,180,
0x7100232fcc,U,176,
0x710023307c,U,436,
0x7100233230,U,176,
0x71002332e0,U,308,
0x7100233414,U,4,
0x7100233418,U,4,
0x710023341c,U,112,
0x710023348c,U,112,
0x71002334fc,U,136,
0x71002335d4,U,176,
0x7100233684,U,320,
0x71002337c4,U,12,
0x71002337d0,U,36,
0x71002337f4,U,284,
0x7100233910,U,96,
0x7100233970,U,100,
0x71002339d4,U,100,
0x7100233a38,U,1044,
0x7100233f24,U,28,
0x7100233f84,U,396,
0x710023415c,U,192,
0x7100234410,U,260,
0x7100234514,U,364,
0x7100234680,U,96,
0x7100234718,U,20,
0x7100234780,U,260,
0x7100234884,U,368,
0x71002349f4,U,104,
0x7100234a94,U,20,
0x7100234af4,U,368,
0x7100234c64,U,104,
0x7100234ccc,U,288,
0x7100234e1c,U,20,
0x7100234e38,U,92,
0x7100234e94,U,92,
0x7100234f78,U,308,
0x71002350ac,U,364,
0x7100235218,U,96,
0x71002352b0,U,20,
0x7100235310,U,360,
0x7100235478,U,88,
0x7100235508,U,20,
0x7100235568,U,360,
0x71002356d0,U,88,
0x7100235760,U,20,
0x71002357c0,U,364,
0x710023592c,U,60,
0x71002359c4,U,20,
0x7100235b00,U,364,
0x7100235c6c,U,60,
0x7100235d04,U,20,
0x7100235e40,U,360,
0x7100235fa8,U,56,
0x7100236010,U,20,
0x7100236070,U,360,
0x71002361d8,U,56,
0x7100236240,U,20,
0x71002362a0,U,364,
0x710023640c,U,60,
0x71002364c8,U,20,
0x710023661c,U,364,
0x7100236788,U,60,
0x7100236844,U,20,
0x7100236998,U,360,
0x7100236b00,U,88,
0x7100236b90,U,20,
0x7100236bf0,U,360,
0x7100236d58,U,88,
0x7100236de8,U,20,
0x7100236e48,U,364,
0x7100236fb4,U,60,
0x7100236ff4,U,124,
0x710023708c,U,20,
0x7100237158,U,200,
0x7100237220,U,200,
0x71002372e8,U,364,
0x7100237454,U,60,
0x7100237494,U,124,
0x710023752c,U,20,
0x71002375f8,U,200,
0x71002376c0,U,200,
0x7100237788,U,360,
0x71002378f0,U,60,
0x710023795c,U,20,
0x71002379bc,U,360,
0x7100237b24,U,60,
0x7100237b90,U,20,
0x7100237bf0,U,364,
0x7100237d5c,U,60,
0x7100237dc8,U,20,
0x7100237e08,U,128,
0x7100237ef8,U,276,
0x710023800c,U,364,
0x7100238178,U,60,
0x71002381e4,U,20,
0x7100238224,U,128,
0x7100238314,U,276,
0x7100238428,U,352,
0x7100238588,U,104,
0x7100238660,U,20,
0x71002386d8,U,92,
0x7100238734,U,360,
0x710023889c,U,88,
0x710023892c,U,20,
0x710023898c,U,360,
0x7100238af4,U,88,
0x7100238b84,U,20,
0x7100238be4,U,364,
0x7100238d50,U,60,
0x7100238e38,U,20,
0x7100238eac,U,96,
0x71002390b4,U,364,
0x7100239220,U,60,
0x7100239308,U,20,
0x710023937c,U,96,
0x7100239584,U,364,
0x71002396f0,U,64,
0x7100239760,U,20,
0x71002397c0,U,364,
0x710023992c,U,64,
0x710023999c,U,20,
0x71002399fc,U,364,
0x7100239b68,U,60,
0x7100239c50,U,20,
0x7100239e0c,U,220,
0x7100239ee8,U,364,
0x710023a054,U,60,
0x710023a13c,U,20,
0x710023a2f8,U,220,
0x710023a3d4,U,364,
0x710023a540,U,96,
0x710023a5d8,U,20,
0x710023a638,U,364,
0x710023a7a4,U,96,
0x710023a83c,U,20,
0x710023a89c,U,364,
0x710023aa08,U,60,
0x710023aa80,U,20,
0x710023aad4,U,248,
0x710023ac4c,U,492,
0x710023ae38,U,224,
0x710023af18,U,224,
0x710023b068,U,236,
0x710023b1c0,U,172,
0x710023b29c,U,392,
0x710023b424,U,348,
0x710023b580,U,564,
0x710023b7b4,U,364,
0x710023b920,U,60,
0x710023b998,U,20,
0x710023b9ec,U,248,
0x710023bb64,U,492,
0x710023bd50,U,364,
0x710023bebc,U,64,
0x710023bf2c,U,20,
0x710023bf8c,U,364,
0x710023c0f8,U,64,
0x710023c168,U,20,
0x710023c1c8,U,364,
0x710023c334,U,60,
0x710023c3a0,U,20,
0x710023c550,U,512,
0x710023c750,U,364,
0x710023c8bc,U,60,
0x710023c928,U,20,
0x710023cad8,U,512,
0x710023ccd8,U,364,
0x710023ce44,U,96,
0x710023cedc,U,20,
0x710023cf3c,U,364,
0x710023d0a8,U,96,
0x710023d140,U,20,
0x710023d1a0,U,364,
0x710023d30c,U,96,
0x710023d3a4,U,20,
0x710023d404,U,364,
0x710023d570,U,96,
0x710023d608,U,20,
0x710023d668,U,360,
0x710023d7d0,U,88,
0x710023d860,U,20,
0x710023d8c0,U,360,
0x710023da28,U,88,
0x710023da80,U,288,
0x710023dbd0,U,20,
0x710023dbec,U,92,
0x710023dc48,U,92,
0x710023dd2c,U,308,
0x710023de64,U,20,
0x710023df08,U,336,
0x710023e068,U,28,
0x710023e0f8,U,68,
0x710023e348,U,148,
0x710023e498,U,220,
0x710023e574,U,360,
0x710023e6dc,U,88,
0x710023e76c,U,20,
0x710023e8f0,U,168,
0x710023e9e4,U,196,
0x710023ecf8,U,80,
0x710023ed48,U,84,
0x710023eee0,U,80,
0x710023ef30,U,84,
0x710023f130,U,196,
0x710023f270,U,192,
0x710023f6dc,U,336,
0x710023f84c,U,168,
0x710023f8f4,U,176,
0x710023fbf4,U,80,
0x710023fc44,U,84,
0x710023fddc,U,80,
0x710023fe2c,U,84,
0x710023fedc,U,188,
0x710023ff98,U,188,
0x71002403f4,U,208,
0x71002404c4,U,208,
0x7100240594,U,476,
0x71002409ac,U,84,
0x7100240a00,U,280,
0x7100240b18,U,280,
0x7100240c44,U,172,
0x7100240df0,U,188,
0x7100241050,U,80,
0x71002410a0,U,84,
0x71002411d0,U,188,
0x71002412f4,U,80,
0x7100241344,U,84,
0x71002413a0,U,128,
0x7100241440,U,284,
0x710024158c,U,260,
0x7100241690,U,260,
0x7100241888,U,144,
0x7100241a1c,U,276,
0x7100241b30,U,328,
0x7100241c78,U,356,
0x7100241ddc,U,480,
0x7100241fbc,U,480,
0x71002421bc,U,296,
0x71002422e4,U,304,
0x7100242558,U,128,
0x71002425d8,U,268,
0x7100242714,U,404,
0x71002428a8,U,80,
0x71002428f8,U,84,
0x7100242a90,U,128,
0x7100242b20,U,80,
0x7100242b70,U,84,
0x7100242bcc,U,208,
0x7100242ff4,U,4,
0x7100242ff8,U,240,
0x71002430e8,U,384,
0x7100243298,U,88,
0x71002433e8,U,96,
0x7100243450,U,248,
0x7100243548,U,80,
0x7100243598,U,84,
0x71002436a0,U,96,
0x7100243710,U,80,
0x7100243760,U,84,
0x7100243850,U,232,
0x7100243b58,U,204,
0x7100243c24,U,672,
0x7100243ec4,U,612,
0x7100244148,U,328,
0x7100244290,U,336,
0x710024460c,U,264,
0x7100244744,U,736,
0x7100244a24,U,80,
0x7100244c78,U,80,
0x7100244d80,U,264,
0x7100244f18,U,108,
0x7100244f84,U,284,
0x710024515c,U,220,
0x7100245238,U,308,
0x710024536c,U,300,
0x7100245578,U,252,
0x71002456f0,U,200,
0x71002457c8,U,76,
0x7100245814,U,144,
0x71002458a4,U,252,
0x7100245a68,U,248,
0x7100245c4c,U,432,
0x7100245dfc,U,372,
0x7100245f70,U,80,
0x7100246024,U,248,
0x710024612c,U,432,
0x71002462dc,U,400,
0x710024646c,U,80,
0x7100246658,U,68,
0x710024669c,U,140,
0x7100246890,U,172,
0x710024693c,U,344,
0x7100246a94,U,276,
0x7100246ba8,U,456,
0x7100246d70,U,328,
0x7100246eb8,U,564,
0x71002470ec,U,596,
0x7100247340,U,592,
0x71002475b0,U,316,
0x71002476ec,U,324,
0x7100247ac0,U,264,
0x7100247bf8,U,656,
0x7100247e88,U,80,
0x7100248140,U,80,
0x71002481d0,U,92,
0x710024822c,U,264,
0x71002484a8,U,108,
0x7100248514,U,244,
0x710024862c,U,124,
0x71002486a8,U,260,
0x71002487ac,U,308,
0x71002488f4,U,292,
0x7100248a18,U,288,
0x7100248b38,U,412,
0x7100248ce8,U,352,
0x7100248e50,U,7800,
0x710024acd0,U,1468,
0x710024b290,U,1264,
0x710024b780,U,1672,
0x710024be10,U,3216,
0x710024caa0,U,404,
0x710024e2e8,U,220,
0x710024e3c8,U,244,
0x710024e4c0,U,388,
0x710024e644,U,220,
0x710024e720,U,220,
0x710024eb80,U,388,
0x710024ed04,U,220,
0x710024f164,U,388,
0x710024f2e8,U,220,
0x710024f3c4,U,500,
0x710024f5b8,U,220,
0x710024f694,U,64,
0x710024f6d4,U,20,
0x710024f71c,U,340,
0x710024f870,U,60,
0x710024f8ac,U,100,
0x710024f910,U,8,
0x710024f918,U,244,
0x710024fa0c,U,192,
0x710024facc,U,4,
0x710024fad0,U,80,
0x710024fb20,U,4,
0x710024fb24,U,4,
0x710024fb28,U,4,
0x710024fb2c,U,32,
0x710024fb58,U,12,
0x710024fb64,U,68,
0x710024fba8,U,32,
0x710024fbc8,U,64,
0x710024fc08,U,4,
0x710024fc0c,U,4,
0x710024fc10,U,1288,
0x7100250118,U,28,
0x710025019c,U,360,
0x7100250304,U,88,
0x7100250394,U,20,
0x71002503f4,U,360,
0x710025055c,U,88,
0x71002505ec,U,20,
0x710025064c,U,364,
0x71002507b8,U,60,
0x710025082c,U,20,
0x7100250878,U,128,
0x71002508f8,U,164,
0x7100250a44,U,364,
0x7100250bb0,U,60,
0x7100250c24,U,20,
0x7100250c70,U,128,
0x7100250cf0,U,164,
0x7100250e3c,U,364,
0x7100250fa8,U,96,
0x7100251040,U,20,
0x71002510b0,U,28,
0x7100251278,U,128,
0x71002512f8,U,268,
0x7100251434,U,80,
0x7100251484,U,84,
0x710025161c,U,128,
0x71002516ac,U,80,
0x71002516fc,U,84,
0x7100251758,U,172,
0x7100251bd0,U,196,
0x7100251e10,U,360,
0x7100251f78,U,356,
0x71002520fc,U,152,
0x7100252194,U,168,
0x7100252568,U,88,
0x71002525c0,U,244,
0x7100252f3c,U,388,
0x71002530c0,U,380,
0x710025323c,U,380,
0x71002533b8,U,380,
0x7100253534,U,380,
0x71002536b0,U,140,
0x710025373c,U,196,
0x7100253824,U,16,
0x7100253834,U,340,
0x7100253988,U,332,
0x7100253ad4,U,28,
0x7100253af0,U,144,
0x7100253b80,U,1944,
0x7100254318,U,68,
0x710025435c,U,472,
0x7100254534,U,28,
0x7100254568,U,28,
0x71002547e0,U,220,
0x71002548c0,U,356,
0x7100254a30,U,140,
0x7100254b14,U,244,
0x7100254c0c,U,352,
0x7100254d6c,U,280,
0x7100254e84,U,308,
0x7100255158,U,272,
0x7100255268,U,60,
0x71002552a4,U,144,
0x7100255334,U,52,
0x7100255368,U,52,
0x710025539c,U,2380,
0x7100255ce8,U,1180,
0x7100256184,U,120,
0x71002561fc,U,108,
0x7100256268,U,372,
0x71002563dc,U,784,
0x710025670c,U,28,
0x71002567b8,U,28,
0x7100256810,U,1660,
0x7100256e90,U,348,
0x7100256ff0,U,728,
0x71002572d0,U,160,
0x7100257370,U,220,
0x710025744c,U,220,
0x71002578ac,U,388,
0x7100257a30,U,220,
0x7100257e90,U,388,
0x7100258014,U,220,
0x71002580f0,U,504,
0x71002582e8,U,220,
0x71002583c4,U,220,
0x7100258fd8,U,388,
0x710025915c,U,372,
0x71002592d0,U,372,
0x7100259444,U,384,
0x71002595c4,U,376,
0x710025973c,U,372,
0x71002598b0,U,220,
0x710025998c,U,220,
0x7100259a68,U,220,
0x7100259b44,U,220,
0x7100259fa4,U,388,
0x710025a128,U,220,
0x710025a588,U,388,
0x710025a70c,U,220,
0x710025a7e8,U,504,
0x710025a9e0,U,428,
0x710025ab8c,U,384,
0x710025ad0c,U,824,
0x710025b068,U,528,
0x710025b278,U,1404,
0x710025b7f4,U,924,
0x710025bb90,U,240,
0x710025bc80,U,288,
0x710025bda0,U,1028,
0x710025c1a4,U,508,
0x710025c3a0,U,364,
0x710025c50c,U,96,
0x710025c5a4,U,20,
0x710025c604,U,364,
0x710025c770,U,96,
0x710025c808,U,20,
0x710025c868,U,364,
0x710025c9d4,U,60,
0x710025ca48,U,20,
0x710025ca94,U,136,
0x710025cb1c,U,172,
0x710025cc78,U,364,
0x710025cde4,U,60,
0x710025ce58,U,20,
0x710025cea4,U,136,
0x710025cf2c,U,172,
0x710025d088,U,364,
0x710025d1f4,U,96,
0x710025d28c,U,20,
0x710025d2ec,U,364,
0x710025d458,U,96,
0x710025d4f0,U,20,
0x710025d550,U,260,
0x710025d654,U,480,
0x710025d890,U,156,
0x710025d990,U,260,
0x710025daa0,U,264,
0x710025dbb0,U,260,
0x710025dcc0,U,264,
0x710025ddc8,U,364,
0x710025df34,U,96,
0x710025dfcc,U,20,
0x710025e02c,U,364,
0x710025e198,U,96,
0x710025e230,U,20,
0x710025e290,U,364,
0x710025e3fc,U,96,
0x710025e494,U,20,
0x710025e4f4,U,364,
0x710025e660,U,96,
0x710025e6f8,U,20,
0x710025e758,U,364,
0x710025e8c4,U,60,
0x710025e904,U,88,
0x710025e978,U,20,
0x710025ea24,U,144,
0x710025eab4,U,144,
0x710025eb44,U,364,
0x710025ecb0,U,60,
0x710025ecf0,U,88,
0x710025ed64,U,20,
0x710025ee10,U,144,
0x710025eea0,U,144,
0x710025effc,U,136,
0x710025f17c,U,416,
0x710025f31c,U,404,
0x710025f4b0,U,80,
0x710025f5d4,U,136,
0x710025f66c,U,80,
0x710025f6fc,U,260,
0x710025fa40,U,144,
0x710025fb24,U,236,
0x710025fc54,U,320,
0x710025fdf4,U,412,
0x710025ff90,U,468,
0x7100260164,U,428,
0x7100260310,U,340,
0x7100260488,U,276,
0x710026059c,U,292,
0x7100260704,U,20,
0x7100260718,U,528,
0x7100260d40,U,80,
0x7100260e88,U,80,
0x7100260f18,U,120,
0x71002610a8,U,100,
0x710026110c,U,100,
0x71002611bc,U,200,
0x7100261284,U,180,
0x71002613ac,U,376,
0x7100261c94,U,2100,
0x71002624c8,U,388,
0x710026264c,U,180,
0x7100262700,U,376,
0x7100262878,U,220,
0x7100262954,U,220,
0x7100262a30,U,516,
0x7100262c34,U,416,
0x7100262dd4,U,380,
0x7100262f74,U,820,
0x71002632a8,U,592,
0x71002634f8,U,272,
0x7100263608,U,168,
0x71002636b0,U,104,
0x7100263720,U,264,
0x7100263828,U,364,
0x7100263994,U,96,
0x7100263a2c,U,20,
0x7100263a8c,U,364,
0x7100263bf8,U,96,
0x7100263c90,U,20,
0x7100263cf0,U,96,
0x7100263d94,U,20,
0x7100263e6c,U,20,
0x7100263ea8,U,408,
0x710026421c,U,412,
0x71002643b8,U,216,
0x7100264490,U,384,
0x7100264610,U,140,
0x71002646a0,U,140,
0x7100264730,U,140,
0x7100264814,U,244,
0x7100264a14,U,372,
0x7100264b88,U,220,
0x7100264c64,U,220,
0x71002650d0,U,388,
0x7100265254,U,220,
0x71002656c0,U,388,
0x7100265844,U,220,
0x7100265920,U,504,
0x7100265b1c,U,240,
0x7100265ca0,U,388,
0x7100266264,U,8,
0x710026626c,U,8,
0x7100266274,U,28,
0x7100266290,U,348,
0x7100266410,U,368,
0x7100266580,U,104,
0x7100266620,U,20,
0x7100266680,U,368,
0x71002667f0,U,104,
0x7100266890,U,20,
0x71002668f0,U,364,
0x7100266a5c,U,60,
0x7100266ad4,U,20,
0x7100266b28,U,156,
0x7100266c44,U,328,
0x7100266d8c,U,364,
0x7100266ef8,U,60,
0x7100266f70,U,20,
0x7100266fc4,U,156,
0x71002670e0,U,328,
0x7100267238,U,28,
0x710026735c,U,156,
0x71002673f8,U,368,
0x7100267598,U,236,
0x7100267684,U,500,
0x7100267878,U,80,
0x71002678c8,U,88,
0x7100267954,U,156,
0x7100267a00,U,268,
0x7100267b0c,U,80,
0x7100267b5c,U,88,
0x7100268074,U,308,
0x71002681a8,U,320,
0x71002682e8,U,396,
0x7100268474,U,480,
0x7100268654,U,580,
0x7100268898,U,544,
0x7100268ab8,U,428,
0x7100268c64,U,340,
0x7100268dd8,U,224,
0x7100268eb8,U,232,
0x7100268fb4,U,28,
0x7100268fd0,U,176,
0x7100269080,U,128,
0x7100269100,U,112,
0x7100269170,U,132,
0x71002696e4,U,244,
0x71002697dc,U,364,
0x7100269948,U,220,
0x7100269a24,U,220,
0x7100269b00,U,220,
0x7100269f60,U,388,
0x710026a0e4,U,220,
0x710026a544,U,388,
0x710026a6c8,U,220,
0x710026a7a4,U,496,
0x710026a994,U,104,
0x710026a9fc,U,124,
0x710026aa7c,U,28,
0x710026aa98,U,368,
0x710026ac08,U,104,
0x710026aca8,U,20,
0x710026ad08,U,360,
0x710026ae70,U,88,
0x710026af00,U,20,
0x710026af60,U,360,
0x710026b0c8,U,88,
0x710026b158,U,20,
0x710026b1b8,U,364,
0x710026b324,U,60,
0x710026b3bc,U,20,
0x710026b4f8,U,364,
0x710026b664,U,60,
0x710026b6fc,U,20,
0x710026b848,U,28,
0x710026bad0,U,80,
0x710026bb20,U,84,
0x710026bcb8,U,80,
0x710026bd08,U,84,
0x710026bf08,U,196,
0x710026c048,U,192,
0x710026c4b4,U,336,
0x710026c624,U,168,
0x710026c6cc,U,176,
0x710026ca80,U,88,
0x710026cad8,U,244,
0x710026cbd0,U,352,
0x710026cd30,U,156,
0x710026cdcc,U,164,
0x710026ce70,U,8,
0x710026d2e4,U,448,
0x710026d538,U,28,
0x710026d564,U,28,
0x710026d630,U,160,
0x710026d6d4,U,244,
0x710026d7cc,U,388,
0x710026d954,U,388,
0x710026dad8,U,220,
0x710026dbb4,U,220,
0x710026e014,U,388,
0x710026e198,U,220,
0x710026e5f8,U,388,
0x710026e77c,U,220,
0x710026e858,U,500,
0x710026ea4c,U,132,
0x710026ead0,U,140,
0x710026eb5c,U,140,
0x710026ee04,U,1860,
0x710026f548,U,252,
0x710026f644,U,76,
0x710026f690,U,256,
0x710026f790,U,3256,
0x71002707c0,U,3296,
0x71002714a0,U,460,
0x710027166c,U,28,
0x7100271690,U,364,
0x71002717fc,U,96,
0x7100271894,U,20,
0x71002718f4,U,364,
0x7100271a60,U,96,
0x7100271af8,U,20,
0x7100271b58,U,364,
0x7100271cc4,U,60,
0x7100271d04,U,96,
0x7100271d80,U,20,
0x7100271e30,U,144,
0x7100271ec0,U,144,
0x7100271f50,U,364,
0x71002720bc,U,60,
0x71002720fc,U,96,
0x7100272178,U,20,
0x7100272228,U,144,
0x71002722b8,U,144,
0x7100272348,U,300,
0x7100272474,U,292,
0x7100272598,U,336,
0x71002726e8,U,268,
0x7100272804,U,28,
0x7100272820,U,204,
0x7100272930,U,92,
0x7100272a04,U,104,
0x7100272ddc,U,452,
0x7100272fa0,U,80,
0x71002730e8,U,80,
0x7100273240,U,368,
0x71002733b0,U,508,
0x710027370c,U,164,
0x71002737b0,U,400,
0x7100273940,U,404,
0x7100273ad4,U,220,
0x7100273bb0,U,272,
0x7100273ce4,U,216,
0x7100273dbc,U,228,
0x7100273ea0,U,16,
0x7100273f00,U,4,
0x7100273f04,U,4,
0x7100273f08,U,232,
0x7100273ff0,U,232,
0x7100274548,U,88,
0x71002745a0,U,244,
0x7100274698,U,352,
0x71002747f8,U,388,
0x710027497c,U,460,
0x7100274b48,U,680,
0x7100274df0,U,860,
0x710027514c,U,1228,
0x710027563c,U,16324,
0x7100279600,U,444,
0x71002797bc,U,336,
0x710027990c,U,336,
0x7100279a5c,U,336,
0x7100279bac,U,244,
0x7100279ca0,U,308,
0x7100279dd4,U,472,
0x7100279fac,U,672,
0x710027a24c,U,200,
0x710027a314,U,12,
0x710027a320,U,8,
0x710027a328,U,20,
0x710027a33c,U,204,
0x710027a408,U,8,
0x710027a410,U,12,
0x710027a41c,U,468,
0x710027a5f0,U,288,
0x710027a710,U,540,
0x710027a92c,U,1172,
0x710027adc0,U,536,
0x710027afe0,U,356,
0x710027b144,U,576,
0x710027b384,U,1020,
0x710027b780,U,1136,
0x710027bbf0,U,1348,
0x710027c134,U,356,
0x710027c298,U,456,
0x710027c460,U,868,
0x710027c7c4,U,260,
0x710027c8c8,U,976,
0x710027cc98,U,168,
0x710027cd40,U,272,
0x710027ce50,U,688,
0x710027d100,U,128,
0x710027d180,U,460,
0x710027d34c,U,1148,
0x710027d7c8,U,652,
0x710027da54,U,80,
0x710027daa4,U,20,
0x710027dab8,U,1212,
0x710027df74,U,184,
0x710027e02c,U,352,
0x710027e18c,U,176,
0x710027e23c,U,28,
0x710027e258,U,472,
0x710027e440,U,28,
0x710027e494,U,268,
0x710027e5a0,U,364,
0x710027e70c,U,268,
0x710027e818,U,292,
0x710027e93c,U,412,
0x710027ead8,U,268,
0x710027ebe4,U,596,
0x710027ee38,U,432,
0x710027efe8,U,432,
0x710027f198,U,432,
0x710027f348,U,516,
0x710027f54c,U,432,
0x710027f6fc,U,432,
0x710027f8ac,U,292,
0x710027f9d0,U,320,
0x710027fb10,U,376,
0x710027fc88,U,516,
0x710027fe8c,U,432,
0x710028003c,U,536,
0x7100280254,U,336,
0x71002803a4,U,440,
0x710028055c,U,580,
0x71002807a0,U,404,
0x7100280934,U,536,
0x7100280b4c,U,336,
0x7100280c9c,U,536,
0x7100280eb4,U,336,
0x7100281010,U,160,
0x71002810b0,U,132,
0x7100281134,U,128,
0x71002811b4,U,220,
0x7100281290,U,600,
0x71002814e8,U,848,
0x7100281838,U,492,
0x7100281a24,U,4376,
0x7100282b3c,U,272,
0x7100282c4c,U,572,
0x7100282e88,U,476,
0x7100283064,U,416,
0x7100283204,U,520,
0x710028340c,U,1380,
0x7100283970,U,2420,
0x71002842e4,U,1216,
0x71002847a4,U,1288,
0x7100284cac,U,1784,
0x71002853a4,U,1716,
0x7100285a58,U,1636,
0x71002860bc,U,476,
0x7100286298,U,392,
0x7100286420,U,236,
0x7100286510,U,140,
0x710028659c,U,136,
0x7100286624,U,132,
0x71002866a8,U,240,
0x7100286798,U,392,
0x7100286920,U,68,
0x7100286964,U,68,
0x71002869a8,U,100,
0x7100286a0c,U,200,
0x7100286ad4,U,220,
0x7100286bb0,U,220,
0x7100286c8c,U,1196,
0x7100287140,U,140,
0x71002871cc,U,64,
0x710028720c,U,140,
0x7100287298,U,92,
0x71002872f4,U,4,
0x71002872f8,U,16,
0x7100287310,U,140,
0x71002873a0,U,140,
0x7100287430,U,140,
0x71002874bc,U,20,
0x71002874d0,U,12,
0x71002874dc,U,4,
0x71002874e0,U,16,
0x71002874f0,U,168,
0x7100287598,U,36,
0x71002875bc,U,28,
0x71002875d8,U,52,
0x710028760c,U,4,
0x7100287610,U,156,
0x71002876ac,U,156,
0x7100287748,U,256,
0x7100287850,U,140,
0x71002878dc,U,40,
0x7100287904,U,32,
0x7100287924,U,48,
0x7100287954,U,4,
0x7100287958,U,4,
0x710028795c,U,4,
0x7100287960,U,140,
0x71002879ec,U,1020,
0x7100287de8,U,576,
0x7100288028,U,172,
0x71002880d4,U,508,
0x71002882d0,U,80,
0x7100288320,U,712,
0x71002885e8,U,76,
0x7100288634,U,720,
0x7100288904,U,76,
0x7100288950,U,188,
0x7100288a0c,U,572,
0x7100288c48,U,336,
0x7100288da0,U,140,
0x7100288e30,U,244,
0x7100288f28,U,368,
0x7100289098,U,144,
0x7100289128,U,236,
0x7100289214,U,304,
0x7100289344,U,420,
0x71002894e8,U,108,
0x7100289554,U,276,
0x71002896f0,U,2000,
0x7100289ec0,U,284,
0x7100289fdc,U,1928,
0x710028a764,U,1348,
0x710028aca8,U,220,
0x710028ad84,U,2464,
0x710028b724,U,5880,
0x710028ce1c,U,2900,
0x710028d970,U,624,
0x710028dbe0,U,2876,
0x710028e71c,U,524,
0x710028e928,U,1952,
0x710028f12c,U,1520,
0x710028f780,U,468,
0x710028f954,U,4556,
0x7100290b20,U,2060,
0x7100291390,U,856,
0x71002916e8,U,748,
0x71002919d4,U,5196,
0x7100292e20,U,708,
0x7100293148,U,2576,
0x7100293b58,U,728,
0x7100293e30,U,1308,
0x71002943b0,U,2696,
0x7100294e9c,U,1716,
0x7100295550,U,300,
0x710029567c,U,1708,
0x7100295d28,U,2404,
0x710029668c,U,2656,
0x71002970ec,U,356,
0x7100297250,U,536,
0x7100297468,U,1120,
0x71002978c8,U,1040,
0x7100297cd8,U,2232,
0x7100298590,U,984,
0x7100298968,U,1184,
0x7100298e08,U,1924,
0x710029958c,U,2360,
0x7100299ec4,U,1276,
0x710029a3c0,U,4636,
0x710029b5dc,U,2228,
0x710029be90,U,1292,
0x710029c39c,U,292,
0x710029c4c0,U,1768,
0x710029cba8,U,324,
0x710029ccec,U,6692,
0x710029e710,U,8048,
0x71002a0680,U,292,
0x71002a07a4,U,604,
0x71002a0a00,U,432,
0x71002a0bb0,U,356,
0x71002a0d14,U,2660,
0x71002a1778,U,308,
0x71002a18ac,U,784,
0x71002a1bbc,U,1084,
0x71002a1ff8,U,360,
0x71002a2160,U,420,
0x71002a2304,U,648,
0x71002a25f0,U,772,
0x71002a28f4,U,1136,
0x71002a2dc8,U,704,
0x71002a3088,U,860,
0x71002a33e4,U,1732,
0x71002a3b0c,U,688,
0x71002a3dbc,U,500,
0x71002a3fb0,U,1564,
0x71002a45cc,U,584,
0x71002a4814,U,1608,
0x71002a4e74,U,1752,
0x71002a554c,U,1072,
0x71002a597c,U,220,
0x71002a5a58,U,220,
0x71002a5b34,U,28,
0x71002a5d1c,U,308,
0x71002a5e50,U,408,
0x71002a5fe8,U,316,
0x71002a6124,U,292,
0x71002a6248,U,576,
0x71002a6488,U,272,
0x71002a6598,U,1312,
0x71002a6ab8,U,292,
0x71002a6bdc,U,348,
0x71002a6d38,U,508,
0x71002a6f34,U,680,
0x71002a7240,U,84,
0x71002a7340,U,84,
0x71002a7394,U,84,
0x71002a73e8,U,84,
0x71002a76a4,U,432,
0x71002a7864,U,28,
0x71002a790c,U,312,
0x71002a7a44,U,84,
0x71002a7a98,U,84,
0x71002a7aec,U,84,
0x71002a7b40,U,84,
0x71002a7b94,U,84,
0x71002a7bf0,U,12,
0x71002a7bfc,U,336,
0x71002a7dc4,U,4,
0x71002a7dc8,U,4,
0x71002a9170,U,916,
0x71002a9504,U,84,
0x71002a9558,U,440,
0x71002a9710,U,592,
0x71002a9960,U,320,
0x71002a9aa0,U,388,
0x71002a9c24,U,460,
0x71002a9df0,U,444,
0x71002a9fac,U,248,
0x71002aa0a4,U,504,
0x71002aa29c,U,548,
0x71002aa4c0,U,84,
0x71002aa690,U,2504,
0x71002ab060,U,1084,
0x71002ab4a0,U,844,
0x71002ab7f0,U,1108,
0x71002abc50,U,444,
0x71002abe10,U,924,
0x71002ac2f4,U,20,
0x71002ac36c,U,232,
0x71002ac624,U,252,
0x71002ac720,U,300,
0x71002ac84c,U,472,
0x71002aca24,U,28,
0x71002aca40,U,364,
0x71002acbac,U,308,
0x71002acce0,U,144,
0x71002acd74,U,244,
0x71002ace6c,U,376,
0x71002acfe4,U,248,
0x71002ad0dc,U,800,
0x71002ad420,U,212,
0x71002ad4f4,U,404,
0x71002ad688,U,752,
0x71002ad978,U,568,
0x71002adbb0,U,204,
0x71002adc7c,U,16,
0x71002adc8c,U,328,
0x71002addd4,U,244,
0x71002adec8,U,32,
0x71002adf48,U,108,
0x71002adfb4,U,180,
0x71002ae068,U,136,
0x71002ae0f0,U,144,
0x71002ae2bc,U,28,
0x71002ae2f0,U,464,
0x71002ae4d4,U,28,
0x71002ae5f4,U,244,
0x71002ae6e8,U,244,
0x71002ae824,U,44,
0x71002ae850,U,44,
0x71002ae87c,U,400,
0x71002aea0c,U,400,
0x71002aeb9c,U,400,
0x71002aed2c,U,400,
0x71002aeebc,U,436,
0x71002af070,U,436,
0x71002af224,U,436,
0x71002af3d8,U,436,
0x71002af590,U,160,
0x71002af630,U,112,
0x71002af6a0,U,92,
0x71002af6fc,U,356,
0x71002af860,U,220,
0x71002af93c,U,48,
0x71002af96c,U,4,
0x71002af970,U,216,
0x71002afa48,U,412,
0x71002afbe4,U,80,
0x71002afc34,U,80,
0x71002afc84,U,84,
0x71002afcd8,U,392,
0x71002afe60,U,72,
0x71002afea8,U,180,
0x71002aff5c,U,256,
0x71002b005c,U,16,
0x71002b007c,U,32,
0x71002b009c,U,24,
0x71002b00b4,U,1996,
0x71002b0880,U,1528,
0x71002b0e78,U,312,
0x71002b0fb0,U,188,
0x71002b106c,U,516,
0x71002b1270,U,212,
0x71002b1350,U,140,
0x71002b13dc,U,792,
0x71002b16f4,U,172,
0x71002b17a0,U,508,
0x71002b199c,U,160,
0x71002b1a3c,U,576,
0x71002b1c7c,U,356,
0x71002b1de0,U,204,
0x71002b1eac,U,536,
0x71002b20c4,U,336,
0x71002b2220,U,140,
0x71002b22ac,U,132,
0x71002b2330,U,416,
0x71002b24e8,U,112,
0x71002b2558,U,224,
0x71002b2638,U,196,
0x71002b26fc,U,216,
0x71002b27d4,U,184,
0x71002b288c,U,476,
0x71002b2a70,U,140,
0x71002b2afc,U,116,
0x71002b2b70,U,60,
0x71002b2bac,U,212,
0x71002b2c80,U,396,
0x71002b2e10,U,140,
0x71002b2e9c,U,204,
0x71002b2f68,U,428,
0x71002b3114,U,532,
0x71002b3328,U,508,
0x71002b3524,U,248,
0x71002b361c,U,444,
0x71002b37d8,U,80,
0x71002b3828,U,632,
0x71002b3aa0,U,228,
0x71002b3b84,U,220,
0x71002b3c60,U,56,
0x71002b3c98,U,12,
0x71002b3ca4,U,28,
0x71002b3ccc,U,2096,
0x71002b44fc,U,60,
0x71002b4538,U,436,
0x71002b46ec,U,400,
0x71002b4880,U,180,
0x71002b4934,U,36,
0x71002b497c,U,116,
0x71002b49f0,U,1556,
0x71002b5004,U,460,
0x71002b51d0,U,140,
0x71002b525c,U,72,
0x71002b52a4,U,148,
0x71002b5338,U,624,
0x71002b55b0,U,140,
0x71002b563c,U,92,
0x71002b5698,U,112,
0x71002b5708,U,40,
0x71002b5730,U,140,
0x71002b57bc,U,260,
0x71002b58c0,U,488,
0x71002b5aa8,U,488,
0x71002b5c90,U,508,
0x71002b5e8c,U,520,
0x71002b6094,U,492,
0x71002b6280,U,288,
0x71002b63a0,U,876,
0x71002b6710,U,140,
0x71002b679c,U,76,
0x71002b67e8,U,104,
0x71002b6850,U,208,
0x71002b6920,U,64,
0x71002b6960,U,108,
0x71002b69d0,U,140,
0x71002b6a5c,U,220,
0x71002b6b38,U,220,
0x71002b6c14,U,220,
0x71002b6cf0,U,220,
0x71002b7150,U,388,
0x71002b72d4,U,220,
0x71002b7734,U,388,
0x71002b78b8,U,220,
0x71002b7994,U,480,
0x71002b7b78,U,240,
0x71002b7e44,U,364,
0x71002b7fb0,U,120,
0x71002b8028,U,192,
0x71002b80ec,U,116,
0x71002b8160,U,28,
0x71002b8184,U,368,
0x71002b82f4,U,104,
0x71002b8394,U,20,
0x71002b83f4,U,352,
0x71002b8554,U,104,
0x71002b8600,U,20,
0x71002b8694,U,360,
0x71002b87fc,U,88,
0x71002b888c,U,20,
0x71002b88ec,U,360,
0x71002b8a54,U,88,
0x71002b8ae4,U,20,
0x71002b8b44,U,364,
0x71002b8cb0,U,60,
0x71002b8cf0,U,112,
0x71002b8d7c,U,20,
0x71002b8e3c,U,176,
0x71002b8eec,U,176,
0x71002b8f9c,U,364,
0x71002b9108,U,60,
0x71002b9148,U,112,
0x71002b91d4,U,20,
0x71002b9294,U,176,
0x71002b9344,U,176,
0x71002b9630,U,80,
0x71002b9680,U,84,
0x71002b97e4,U,80,
0x71002b9834,U,84,
0x71002b9890,U,100,
0x71002b9b2c,U,144,
0x71002b9c74,U,612,
0x71002b9ed8,U,564,
0x71002ba12c,U,260,
0x71002ba230,U,268,
0x71002ba350,U,28,
0x71002ba378,U,244,
0x71002ba46c,U,244,
0x71002ba560,U,844,
0x71002ba8b0,U,244,
0x71002ba9a8,U,388,
0x71002babd4,U,28,
0x71002bac04,U,28,
0x71002bac20,U,176,
0x71002badc4,U,244,
0x71002baeb8,U,244,
0x71002bafb0,U,160,
0x71002bb054,U,244,
0x71002bb590,U,388,
0x71002bb714,U,380,
0x71002bb890,U,380,
0x71002bbae4,U,28,
0x71002bbb14,U,28,
0x71002bbb30,U,188,
0x71002bbcf0,U,252,
0x71002bbdec,U,252,
0x71002bc010,U,160,
0x71002bc0b4,U,244,
0x71002bc5f0,U,388,
0x71002bc774,U,380,
0x71002bc8f0,U,380,
0x71002bcb70,U,28,
0x71002bcba0,U,28,
0x71002bcbbc,U,188,
0x71002bcd7c,U,252,
0x71002bce78,U,252,
0x71002bd0a0,U,160,
0x71002bd144,U,244,
0x71002bd378,U,352,
0x71002bd4d8,U,220,
0x71002bd6a4,U,28,
0x71002bd6c0,U,344,
0x71002bd818,U,88,
0x71002bd8b4,U,20,
0x71002bd95c,U,28,
0x71002bd9c0,U,160,
0x71002bda60,U,220,
0x71002bdb3c,U,220,
0x71002bdc18,U,220,
0x71002be078,U,388,
0x71002be1fc,U,220,
0x71002be65c,U,388,
0x71002be7e0,U,220,
0x71002be8bc,U,480,
0x71002beaa0,U,240,
0x71002bec5c,U,364,
0x71002bedc8,U,64,
0x71002bee08,U,120,
0x71002bee84,U,60,
0x71002beec0,U,28,
0x71002beedc,U,368,
0x71002bf04c,U,104,
0x71002bf0ec,U,20,
0x71002bf14c,U,360,
0x71002bf2b4,U,88,
0x71002bf344,U,20,
0x71002bf3a4,U,360,
0x71002bf50c,U,88,
0x71002bf59c,U,20,
0x71002bf5fc,U,364,
0x71002bf768,U,60,
0x71002bf7a8,U,112,
0x71002bf834,U,20,
0x71002bf8f4,U,176,
0x71002bf9a4,U,176,
0x71002bfa54,U,364,
0x71002bfbc0,U,60,
0x71002bfc00,U,112,
0x71002bfc8c,U,20,
0x71002bfd4c,U,176,
0x71002bfdfc,U,176,
0x71002c00e8,U,80,
0x71002c0138,U,84,
0x71002c029c,U,80,
0x71002c02ec,U,84,
0x71002c0348,U,100,
0x71002c05e4,U,144,
0x71002c072c,U,612,
0x71002c0990,U,564,
0x71002c0be4,U,260,
0x71002c0ce8,U,268,
0x71002c0e08,U,28,
0x71002c12c0,U,244,
0x71002c1484,U,388,
0x71002c1714,U,28,
0x71002c1744,U,28,
0x71002c1760,U,184,
0x71002c1a70,U,160,
0x71002c1b14,U,244,
0x71002c1cd8,U,388,
0x71002c1fc8,U,28,
0x71002c1ff8,U,28,
0x71002c2014,U,184,
0x71002c2320,U,160,
0x71002c23c4,U,244,
0x71002c2588,U,388,
0x71002c27d4,U,28,
0x71002c2804,U,28,
0x71002c2820,U,184,
0x71002c2b30,U,160,
0x71002c2bd4,U,244,
0x71002c2d94,U,388,
0x71002c2fa0,U,28,
0x71002c2fd0,U,28,
0x71002c2fec,U,180,
0x71002c32c0,U,160,
0x71002c3364,U,244,
0x71002c3524,U,388,
0x71002c36d0,U,148,
0x71002c3764,U,28,
0x71002c3794,U,28,
0x71002c37b0,U,180,
0x71002c3a80,U,160,
0x71002c3b24,U,244,
0x71002c3ce4,U,388,
0x71002c3ef0,U,28,
0x71002c3f20,U,28,
0x71002c3f3c,U,180,
0x71002c4210,U,160,
0x71002c42b4,U,244,
0x71002c4474,U,388,
0x71002c45f8,U,180,
0x71002c46ac,U,4,
0x71002c46d4,U,148,
0x71002c4768,U,28,
0x71002c4798,U,28,
0x71002c47b4,U,180,
0x71002c4a80,U,160,
0x71002c4b24,U,244,
0x71002c4ce8,U,388,
0x71002c4f24,U,28,
0x71002c4f54,U,28,
0x71002c4f70,U,184,
0x71002c5280,U,160,
0x71002c5320,U,116,
0x71002c5394,U,188,
0x71002c550c,U,8,
0x71002c5514,U,696,
0x71002c57cc,U,76,
0x71002c5818,U,140,
0x71002c58a4,U,40,
0x71002c58cc,U,720,
0x71002c5b9c,U,88,
0x71002c5c00,U,1616,
0x71002c6250,U,348,
0x71002c63b0,U,724,
0x71002c6684,U,504,
0x71002c6880,U,140,
0x71002c6910,U,240,
0x71002c6b0c,U,352,
0x71002c6c6c,U,112,
0x71002c6cdc,U,276,
0x71002c6e14,U,28,
0x71002c6e44,U,28,
0x71002c6e60,U,112,
0x71002c6ee0,U,160,
0x71002c6f80,U,180,
0x71002c7098,U,84,
0x71002c70f0,U,140,
0x71002c74e0,U,388,
0x71002c7664,U,220,
0x71002c7740,U,220,
0x71002c7ba0,U,388,
0x71002c7d24,U,220,
0x71002c8184,U,388,
0x71002c8308,U,220,
0x71002c83e4,U,500,
0x71002c85d8,U,1396,
0x71002c8b4c,U,388,
0x71002c8cd0,U,220,
0x71002c8dac,U,220,
0x71002c920c,U,388,
0x71002c9390,U,220,
0x71002c97f0,U,388,
0x71002c9974,U,220,
0x71002c9a50,U,500,
0x71002c9c44,U,364,
0x71002c9db0,U,96,
0x71002c9e48,U,20,
0x71002c9ea8,U,364,
0x71002ca014,U,96,
0x71002ca0ac,U,20,
0x71002ca10c,U,364,
0x71002ca278,U,60,
0x71002ca310,U,20,
0x71002ca44c,U,364,
0x71002ca5b8,U,60,
0x71002ca650,U,20,
0x71002ca78c,U,364,
0x71002ca8f8,U,96,
0x71002ca990,U,20,
0x71002ca9f0,U,364,
0x71002cab5c,U,96,
0x71002cabf4,U,20,
0x71002cac54,U,364,
0x71002cadc0,U,60,
0x71002cae38,U,20,
0x71002cae8c,U,160,
0x71002cafac,U,336,
0x71002cb0fc,U,364,
0x71002cb268,U,60,
0x71002cb2e0,U,20,
0x71002cb334,U,160,
0x71002cb454,U,336,
0x71002cb7ec,U,80,
0x71002cb924,U,80,
0x71002cbc20,U,444,
0x71002cbddc,U,444,
0x71002cbf98,U,496,
0x71002cc188,U,496,
0x71002cc378,U,412,
0x71002cc534,U,168,
0x71002cc72c,U,96,
0x71002cc78c,U,96,
0x71002cc7ec,U,136,
0x71002cc9fc,U,228,
0x71002ccae0,U,160,
0x71002ccbe0,U,280,
0x71002cccf8,U,420,
0x71002cce9c,U,80,
0x71002ccf54,U,228,
0x71002cd038,U,160,
0x71002cd0e8,U,80,
0x71002cd178,U,224,
0x71002cd4c0,U,252,
0x71002cd720,U,308,
0x71002cd854,U,356,
0x71002cd9b8,U,460,
0x71002cdb84,U,588,
0x71002cddd0,U,588,
0x71002ce01c,U,436,
0x71002ce1d0,U,344,
0x71002ce34c,U,228,
0x71002ce430,U,240,
0x71002ce520,U,1624,
0x71002ceb7c,U,240,
0x71002d0298,U,388,
0x71002d0420,U,244,
0x71002d07b4,U,388,
0x71002d093c,U,244,
0x71002d0cd0,U,388,
0x71002d0e58,U,244,
0x71002d11ec,U,388,
0x71002d1370,U,276,
0x71002d1484,U,28,
0x71002d14bc,U,28,
0x71002d17ac,U,28,
0x71002d1abc,U,28,
0x71002d1af0,U,28,
0x71002d1e00,U,28,
0x71002d1e34,U,28,
0x71002d2144,U,28,
0x71002d2170,U,220,
0x71002d2250,U,244,
0x71002d2348,U,372,
0x71002d26dc,U,100,
0x71002d296c,U,8,
0x71002d2974,U,48,
0x71002d29a4,U,52,
0x71002d29d8,U,48,
0x71002d2a08,U,52,
0x71002d2a3c,U,48,
0x71002d2a6c,U,52,
0x71002d3068,U,28,
0x71002d313c,U,28,
0x71002d3158,U,132,
0x71002d3200,U,160,
0x71002d32f8,U,244,
0x71002d38a0,U,388,
0x71002d3a24,U,332,
0x71002d3b70,U,384,
0x71002d3cf4,U,28,
0x71002d3d10,U,448,
0x71002d3f10,U,120,
0x71002d4020,U,28,
0x71002d403c,U,204,
0x71002d4108,U,564,
0x71002d44dc,U,540,
0x71002d4920,U,1328,
0x71002d4e50,U,264,
0x71002d4f58,U,280,
0x71002d5070,U,360,
0x71002d51d8,U,280,
0x71002d52f0,U,584,
0x71002d5538,U,252,
0x71002d5658,U,64,
0x71002d5698,U,76,
0x71002d56e4,U,100,
0x71002d5748,U,100,
0x71002d57ac,U,240,
0x71002d589c,U,72,
0x71002d58e4,U,116,
0x71002d596c,U,284,
0x71002d5af8,U,352,
0x71002d5c60,U,140,
0x71002d5cf0,U,244,
0x71002d5de8,U,388,
0x71002d5f6c,U,72,
0x71002d5fb4,U,4,
0x71002d5fdc,U,40,
0x71002d603c,U,20,
0x71002d6074,U,80,
0x71002d60c4,U,24,
0x71002d62e8,U,28,
0x71002d6328,U,28,
0x71002d63c0,U,160,
0x71002d6464,U,244,
0x71002d6844,U,352,
0x71002d69a4,U,380,
0x71002d6b20,U,220,
0x71002d6bfc,U,220,
0x71002d7068,U,388,
0x71002d71ec,U,220,
0x71002d7658,U,388,
0x71002d77dc,U,220,
0x71002d78b8,U,504,
0x71002d7ab4,U,240,
0x71002d7cb0,U,388,
0x71002d8010,U,576,
0x71002d8274,U,64,
0x71002d82b4,U,64,
0x71002d82f4,U,60,
0x71002d8330,U,28,
0x71002d834c,U,368,
0x71002d84bc,U,104,
0x71002d855c,U,20,
0x71002d85bc,U,368,
0x71002d872c,U,104,
0x71002d87cc,U,20,
0x71002d882c,U,364,
0x71002d8998,U,60,
0x71002d8a10,U,20,
0x71002d8a64,U,200,
0x71002d8bac,U,416,
0x71002d8d4c,U,364,
0x71002d8eb8,U,60,
0x71002d8f30,U,20,
0x71002d8f84,U,200,
0x71002d90cc,U,416,
0x71002d9280,U,28,
0x71002d9344,U,220,
0x71002d9420,U,360,
0x71002d9588,U,88,
0x71002d9618,U,20,
0x71002d9740,U,200,
0x71002d9994,U,504,
0x71002d9b8c,U,80,
0x71002d9bdc,U,88,
0x71002d9d28,U,200,
0x71002d9e00,U,80,
0x71002d9e50,U,88,
0x71002d9ed8,U,472,
0x71002da0e0,U,376,
0x71002da258,U,372,
0x71002da4e4,U,116,
0x71002da558,U,284,
0x71002da674,U,304,
0x71002da7a4,U,276,
0x71002da8b8,U,548,
0x71002daadc,U,484,
0x71002dacc0,U,332,
0x71002dae2c,U,268,
0x71002db060,U,28,
0x71002db104,U,176,
0x71002db1b4,U,236,
0x71002db388,U,272,
0x71002db7a8,U,244,
0x71002db8a0,U,360,
0x71002dba08,U,56,
0x71002dba40,U,8,
0x71002dba48,U,12,
0x71002dba54,U,252,
0x71002dbb50,U,44,
0x71002dbb7c,U,12,
0x71002dbb98,U,28,
0x71002dbbe8,U,28,
0x71002dbc50,U,160,
0x71002dbcf4,U,240,
0x71002dbe78,U,388,
0x71002dbffc,U,220,
0x71002dc0d8,U,220,
0x71002dc1b4,U,220,
0x71002dc614,U,388,
0x71002dc798,U,220,
0x71002dcbf8,U,388,
0x71002dcd7c,U,220,
0x71002dce58,U,480,
0x71002dd038,U,352,
0x71002dd198,U,104,
0x71002dd244,U,20,
0x71002dd2d8,U,360,
0x71002dd440,U,88,
0x71002dd4d0,U,20,
0x71002dd530,U,360,
0x71002dd698,U,88,
0x71002dd728,U,20,
0x71002dd788,U,364,
0x71002dd8f4,U,60,
0x71002dd934,U,112,
0x71002dd9c0,U,20,
0x71002dda80,U,176,
0x71002ddb30,U,176,
0x71002ddbe0,U,364,
0x71002ddd4c,U,60,
0x71002ddd8c,U,112,
0x71002dde18,U,20,
0x71002dded8,U,176,
0x71002ddf88,U,176,
0x71002de058,U,28,
0x71002de148,U,136,
0x71002de1d0,U,136,
0x71002de488,U,80,
0x71002de4d8,U,84,
0x71002de63c,U,80,
0x71002de68c,U,84,
0x71002de6e8,U,100,
0x71002de984,U,144,
0x71002deacc,U,612,
0x71002ded30,U,564,
0x71002def84,U,260,
0x71002df088,U,268,
0x71002df4ec,U,244,
0x71002df5e4,U,360,
0x71002df74c,U,80,
0x71002df7f4,U,80,
0x71002df844,U,216,
0x71002df91c,U,216,
0x71002df9f4,U,36,
0x71002dfa18,U,216,
0x71002dfaf0,U,28,
0x71002dfc18,U,28,
0x71002dfcb0,U,160,
0x71002dfda8,U,244,
0x71002dff30,U,352,
0x71002e0090,U,448,
0x71002e0250,U,28,
0x71002e02ec,U,28,
0x71002e04c4,U,244,
0x71002e05bc,U,388,
0x71002e0740,U,60,
0x71002e077c,U,304,
0x71002e0924,U,28,
0x71002e0974,U,28,
0x71002e0a40,U,160,
0x71002e0b38,U,244,
0x71002e0c30,U,388,
0x71002e0db8,U,28,
0x71002e0e68,U,28,
0x71002e0f88,U,136,
0x71002e1010,U,136,
0x71002e10a0,U,160,
0x71002e1198,U,244,
0x71002e1760,U,388,
0x71002e18e8,U,28,
0x71002e1904,U,204,
0x71002e19d0,U,212,
0x71002e1ab8,U,28,
0x71002e1ad4,U,260,
0x71002e1ccc,U,244,
0x71002e1dc0,U,240,
0x71002e1eb0,U,160,
0x71002e1f54,U,244,
0x71002e204c,U,388,
0x71002e21d0,U,60,
0x71002e2340,U,28,
0x71002e2390,U,28,
0x71002e23ac,U,204,
0x71002e24a0,U,160,
0x71002e2544,U,244,
0x71002e263c,U,360,
0x71002e27a4,U,56,
0x71002e27dc,U,4,
0x71002e2804,U,60,
0x71002e288c,U,16,
0x71002e289c,U,52,
0x71002e28d0,U,136,
0x71002e2958,U,128,
0x71002e29d8,U,28,
0x71002e2a04,U,28,
0x71002e2a70,U,160,
0x71002e2b68,U,244,
0x71002e2de4,U,388,
0x71002e2f6c,U,28,
0x71002e2f88,U,448,
0x71002e3180,U,28,
0x71002e319c,U,200,
0x71002e3264,U,548,
0x71002e3608,U,524,
0x71002e3820,U,160,
0x71002e38c4,U,244,
0x71002e39bc,U,360,
0x71002e3b24,U,52,
0x71002e3b58,U,4,
0x71002e3bd8,U,12,
0x71002e3be4,U,28,
0x71002e3c10,U,28,
0x71002e3ca0,U,160,
0x71002e3d98,U,244,
0x71002e3e90,U,388,
0x71002e4018,U,28,
0x71002e40c8,U,28,
0x71002e41e8,U,136,
0x71002e4270,U,136,
0x71002e4300,U,160,
0x71002e43a4,U,244,
0x71002e449c,U,388,
0x71002e4620,U,60,
0x71002e465c,U,64,
0x71002e4828,U,28,
0x71002e4878,U,28,
0x71002e4894,U,212,
0x71002e4990,U,160,
0x71002e4a88,U,244,
0x71002e4c7c,U,388,
0x71002e4e04,U,28,
0x71002e4eb4,U,28,
0x71002e5120,U,160,
0x71002e51c4,U,244,
0x71002e52bc,U,360,
0x71002e5424,U,196,
0x71002e54e8,U,124,
0x71002e5564,U,132,
0x71002e56d0,U,28,
0x71002e56fc,U,28,
0x71002e5760,U,160,
0x71002e5858,U,244,
0x71002e5a20,U,388,
0x71002e5ba8,U,28,
0x71002e5bc4,U,124,
0x71002e5c40,U,296,
0x71002e5d7c,U,28,
0x71002e6134,U,340,
0x71002e6288,U,324,
0x71002e63d0,U,160,
0x71002e6474,U,244,
0x71002e656c,U,360,
0x71002e66d4,U,64,
0x71002e6714,U,4,
0x71002e6794,U,136,
0x71002e681c,U,916,
0x71002e6be0,U,28,
0x71002e6c0c,U,28,
0x71002e6c80,U,160,
0x71002e6d78,U,244,
0x71002e7294,U,388,
0x71002e741c,U,28,
0x71002e7438,U,212,
0x71002e7520,U,28,
0x71002e753c,U,280,
0x71002e7788,U,260,
0x71002e788c,U,256,
0x71002e7990,U,160,
0x71002e7a88,U,244,
0x71002e7b80,U,388,
0x71002e7d08,U,28,
0x71002e7db8,U,28,
0x71002e7ed8,U,136,
0x71002e7f60,U,136,
0x71002e7ff0,U,160,
0x71002e8094,U,244,
0x71002e818c,U,388,
0x71002e8310,U,112,
0x71002e8380,U,28,
0x71002e83d0,U,28,
0x71002e83ec,U,204,
0x71002e8540,U,160,
0x71002e85e4,U,244,
0x71002e86dc,U,360,
0x71002e8960,U,28,
0x71002e898c,U,28,
0x71002e8a30,U,160,
0x71002e8b28,U,244,
0x71002e90b4,U,388,
0x71002e923c,U,28,
0x71002e92ec,U,28,
0x71002e95d0,U,160,
0x71002e970c,U,244,
0x71002e9ef4,U,352,
0x71002ea054,U,380,
0x71002ea1d0,U,336,
0x71002ea320,U,372,
0x71002ea494,U,448,
0x71002ea654,U,388,
0x71002ea7d8,U,516,
0x71002ea9dc,U,220,
0x71002eaab8,U,220,
0x71002eab94,U,220,
0x71002eaff4,U,388,
0x71002eb178,U,220,
0x71002eb5d8,U,388,
0x71002eb75c,U,220,
0x71002eb838,U,484,
0x71002eba7c,U,412,
0x71002ebc18,U,584,
0x71002ebe84,U,1152,
0x71002ec304,U,880,
0x71002ec674,U,536,
0x71002ec88c,U,8,
0x71002eca64,U,136,
0x71002ecaec,U,344,
0x71002ecc44,U,28,
0x71002ecc60,U,96,
0x71002ecd80,U,20,
0x71002ece48,U,156,
0x71002ecee4,U,368,
0x71002ed054,U,104,
0x71002ed0bc,U,92,
0x71002ed144,U,20,
0x71002ed160,U,84,
0x71002ed1b4,U,84,
0x71002ed228,U,104,
0x71002ed290,U,104,
0x71002ed2f8,U,360,
0x71002ed460,U,88,
0x71002ed4f0,U,20,
0x71002ed550,U,360,
0x71002ed6b8,U,88,
0x71002ed748,U,20,
0x71002ed7a8,U,364,
0x71002ed914,U,60,
0x71002ed988,U,20,
0x71002eda70,U,92,
0x71002edacc,U,212,
0x71002edba0,U,364,
0x71002edd0c,U,60,
0x71002edd80,U,20,
0x71002ede68,U,92,
0x71002edec4,U,212,
0x71002edfa8,U,28,
0x71002edffc,U,68,
0x71002ee14c,U,144,
0x71002ee1dc,U,220,
0x71002ee2b8,U,360,
0x71002ee420,U,88,
0x71002ee4b0,U,20,
0x71002ee65c,U,128,
0x71002ee9f8,U,524,
0x71002eec04,U,80,
0x71002eec54,U,84,
0x71002eeda8,U,80,
0x71002eedf8,U,84,
0x71002ef25c,U,116,
0x71002ef2d0,U,500,
0x71002ef4e4,U,100,
0x71002ef548,U,116,
0x71002ef5bc,U,176,
0x71002ef66c,U,568,
0x71002ef8a4,U,400,
0x71002eff6c,U,88,
0x71002effc4,U,244,
0x71002f0504,U,352,
0x71002f0664,U,376,
0x71002f07e0,U,240,
0x71002f0e0c,U,388,
0x71002f0f90,U,380,
0x71002f110c,U,376,
0x71002f1284,U,220,
0x71002f1360,U,220,
0x71002f17c0,U,388,
0x71002f1944,U,220,
0x71002f1a20,U,220,
0x71002f1e80,U,388,
0x71002f2004,U,220,
0x71002f20e0,U,480,
0x71002f22c0,U,220,
0x71002f239c,U,220,
0x71002f2478,U,372,
0x71002f25ec,U,304,
0x71002f271c,U,600,
0x71002f2974,U,288,
0x71002f2c64,U,204,
0x71002f2d30,U,52,
0x71002f2d64,U,28,
0x71002f2d80,U,312,
0x71002f2edc,U,360,
0x71002f3044,U,88,
0x71002f30d4,U,20,
0x71002f3134,U,360,
0x71002f329c,U,88,
0x71002f332c,U,20,
0x71002f338c,U,352,
0x71002f34ec,U,104,
0x71002f3598,U,20,
0x71002f362c,U,364,
0x71002f3798,U,60,
0x71002f37d8,U,112,
0x71002f3864,U,20,
0x71002f3924,U,176,
0x71002f39d4,U,176,
0x71002f3a84,U,364,
0x71002f3bf0,U,60,
0x71002f3c30,U,112,
0x71002f3cbc,U,20,
0x71002f3d7c,U,176,
0x71002f3e2c,U,176,
0x71002f3edc,U,368,
0x71002f404c,U,104,
0x71002f40b4,U,92,
0x71002f413c,U,20,
0x71002f4158,U,84,
0x71002f41ac,U,84,
0x71002f4220,U,104,
0x71002f4288,U,104,
0x71002f42f0,U,368,
0x71002f4460,U,104,
0x71002f4500,U,20,
0x71002f4570,U,28,
0x71002f4758,U,28,
0x71002f4a40,U,28,
0x71002f4a5c,U,440,
0x71002f4c38,U,440,
0x71002f4df0,U,340,
0x71002f4f44,U,100,
0x71002f535c,U,80,
0x71002f53ac,U,84,
0x71002f5510,U,80,
0x71002f5560,U,84,
0x71002f55bc,U,100,
0x71002f5858,U,144,
0x71002f59a0,U,612,
0x71002f5c04,U,564,
0x71002f5e58,U,260,
0x71002f5f5c,U,268,
0x71002f608c,U,120,
0x71002f650c,U,192,
0x71002f6620,U,976,
0x71002f69f0,U,80,
0x71002f6a40,U,128,
0x71002f6ac0,U,264,
0x71002f6bc8,U,168,
0x71002f6c70,U,168,
0x71002f6d18,U,420,
0x71002f6ebc,U,388,
0x71002f7048,U,104,
0x71002f70b0,U,512,
0x71002f72b0,U,4,
0x71002f7324,U,256,
0x71002f75ac,U,412,
0x71002f77f8,U,88,
0x71002f7850,U,88,
0x71002f78a8,U,136,
0x71002f7930,U,252,
0x71002f7a2c,U,476,
0x71002f7c08,U,508,
0x71002f7e04,U,248,
0x71002f7efc,U,384,
0x71002f8080,U,276,
0x71002f8198,U,244,
0x71002f8290,U,388,
0x71002f8414,U,432,
0x71002f85c4,U,644,
0x71002f8848,U,920,
0x71002f8be0,U,456,
0x71002f8da8,U,60,
0x71002f8de4,U,624,
0x71002f9254,U,4,
0x71002f9258,U,4,
0x71002f927c,U,88,
0x71002f92d4,U,212,
0x71002f93a8,U,184,
0x71002f9460,U,564,
0x71002f9694,U,400,
0x71002f9a90,U,12,
0x71002f9aa0,U,276,
0x71002f9bb4,U,564,
0x71002f9de8,U,304,
0x71002f9f18,U,336,
0x71002fa068,U,8,
0x71002fa070,U,8,
0x71002fa298,U,4,
0x71002fa2a0,U,28,
0x71002fa2bc,U,312,
0x71002fa3f4,U,320,
0x71002fa5fc,U,44,
0x71002fa764,U,164,
0x71002fa89c,U,28,
0x71002fab10,U,264,
0x71002fac20,U,160,
0x71002facc4,U,244,
0x71002fb6b8,U,388,
0x71002fb83c,U,696,
0x71002fbaf8,U,244,
0x71002fc43c,U,388,
0x71002fc5c0,U,380,
0x71002fc73c,U,376,
0x71002fc8b4,U,180,
0x71002fc970,U,1280,
0x71002fce70,U,1084,
0x71002fd2ac,U,516,
0x71002fd4b0,U,368,
0x71002fd6bc,U,112,
0x71002fd72c,U,72,
0x71002fd814,U,304,
0x71002fd944,U,268,
0x71002fda50,U,368,
0x71002fdbc0,U,532,
0x71002fddd4,U,256,
0x71002fded4,U,136,
0x71002fdf5c,U,80,
0x71002fdfac,U,284,
0x71002fe160,U,236,
0x71002fe318,U,344,
0x71002fe470,U,88,
0x71002fe4c8,U,64,
0x71002fe508,U,64,
0x71002fe548,U,72,
0x71002fe5f8,U,536,
0x71002fe810,U,28,
0x71002fe9c0,U,4848,
0x71002ffcb0,U,504,
0x71002fff58,U,372,
0x71003000cc,U,692,
0x7100300380,U,304,
0x71003004b0,U,304,
0x71003005e0,U,304,
0x7100300710,U,304,
0x7100300840,U,304,
0x7100300970,U,304,
0x7100300aa0,U,304,
0x7100300bd0,U,292,
0x7100300cf4,U,152,
0x7100300d8c,U,304,
0x7100300ec0,U,516,
0x71003010e0,U,536,
0x71003012f8,U,244,
0x71003013ec,U,244,
0x71003014e0,U,268,
0x7100301600,U,256,
0x710030171c,U,52,
0x71003017a0,U,112,
0x7100301810,U,80,
0x7100301860,U,148,
0x71003018f4,U,276,
0x7100301a08,U,192,
0x7100301ac8,U,284,
0x7100301be4,U,40,
0x7100301c0c,U,228,
0x7100301cf0,U,304,
0x7100301e20,U,304,
0x7100301f50,U,196,
0x7100302014,U,220,
0x71003020f0,U,144,
0x7100302180,U,244,
0x7100302274,U,28,
0x710030231c,U,28,
0x710030236c,U,28,
0x7100302408,U,28,
0x7100302424,U,232,
0x71003025c0,U,412,
0x710030275c,U,404,
0x7100302b38,U,220,
0x7100302d14,U,412,
0x7100303054,U,220,
0x7100303134,U,244,
0x710030322c,U,352,
0x7100303390,U,244,
0x7100303910,U,388,
0x7100303a94,U,696,
0x7100303d4c,U,992,
0x7100304140,U,128,
0x7100304bd4,U,176,
0x7100304c84,U,1028,
0x7100305088,U,536,
0x71003052a0,U,292,
0x71003053c4,U,252,
0x7100305818,U,76,
0x7100305864,U,448,
0x7100305a24,U,512,
0x7100305c24,U,332,
0x7100305da4,U,28,
0x7100305dc0,U,1340,
0x7100306360,U,28,
0x71003063b0,U,28,
0x7100306414,U,28,
0x7100306498,U,536,
0x71003066b0,U,336,
0x7100306800,U,272,
0x7100306914,U,244,
0x7100306a0c,U,352,
0x7100306b70,U,244,
0x710030850c,U,388,
0x7100308690,U,696,
0x7100308950,U,320,
0x7100308a90,U,484,
0x7100308c74,U,128,
0x71003091a0,U,100,
0x7100309204,U,868,
0x7100309568,U,8,
0x710030968c,U,4,
0x7100309690,U,108,
0x71003096fc,U,436,
0x71003098b0,U,1832,
0x7100309fd8,U,2016,
0x710030a7b8,U,104,
0x710030a820,U,220,
0x710030a8fc,U,2892,
0x710030b448,U,1132,
0x710030b8b4,U,352,
0x710030ba88,U,596,
0x710030bcdc,U,688,
0x710030bf8c,U,308,
0x710030c0c0,U,148,
0x710030c154,U,108,
0x710030c1c0,U,384,
0x710030c340,U,700,
0x710030c5fc,U,428,
0x710030c7a8,U,1860,
0x710030d358,U,160,
0x710030d464,U,1004,
0x710030d850,U,220,
0x710030d92c,U,1144,
0x710030dda8,U,328,
0x710030def0,U,260,
0x710030dff4,U,3496,
0x710030ed9c,U,5064,
0x7100310164,U,900,
0x71003104e8,U,3368,
0x7100311210,U,3320,
0x7100311f08,U,220,
0x7100311fe4,U,460,
0x71003121b0,U,2648,
0x7100312c08,U,716,
0x7100312ed4,U,416,
0x7100313074,U,448,
0x7100313234,U,1136,
0x71003139c0,U,1868,
0x7100314288,U,180,
0x710031433c,U,456,
0x7100314508,U,324,
0x710031464c,U,28,
0x7100314668,U,508,
0x71003148b8,U,28,
0x7100314988,U,4,
0x7100314990,U,8,
0x7100314998,U,4,
0x71003149a0,U,8,
0x7100314aac,U,28,
0x7100314be8,U,28,
0x7100314c88,U,268,
0x710031526c,U,1004,
0x7100315658,U,960,
0x7100315a18,U,1532,
0x7100316018,U,260,
0x7100316120,U,392,
0x71003164b4,U,384,
0x7100316638,U,244,
0x7100316870,U,388,
0x71003169f8,U,244,
0x71003173cc,U,388,
0x7100317550,U,696,
0x7100317808,U,1148,
0x7100317c84,U,1196,
0x7100318130,U,328,
0x71003182d8,U,12,
0x710031833c,U,1052,
0x7100318758,U,112,
0x7100318808,U,3668,
0x710031965c,U,208,
0x7100319958,U,392,
0x7100319aec,U,460,
0x7100319e98,U,676,
0x710031a13c,U,352,
0x710031a460,U,952,
0x710031a818,U,56,
0x710031a958,U,900,
0x710031acdc,U,5420,
0x710031c208,U,808,
0x710031c530,U,616,
0x710031c798,U,32,
0x710031c7b8,U,272,
0x710031c8c8,U,340,
0x710031ca1c,U,220,
0x710031caf8,U,220,
0x710031cbd4,U,220,
0x710031ccb0,U,220,
0x710031cd8c,U,220,
0x710031ce68,U,928,
0x710031d208,U,308,
0x710031d33c,U,604,
0x710031d888,U,28,
0x710031d8c4,U,28,
0x710031d904,U,276,
0x710031da18,U,328,
0x710031dbe4,U,28,
0x710031dc60,U,28,
0x710031dd88,U,164,
0x710031dea4,U,4,
0x710031dea8,U,4,
0x710031df20,U,264,
0x710031e030,U,2668,
0x710031eaa0,U,1636,
0x710031f110,U,1080,
0x710031f550,U,1404,
0x710031fad0,U,504,
0x710031fcd0,U,996,
0x7100320270,U,244,
0x7100320368,U,388,
0x71003204ec,U,332,
0x7100320638,U,384,
0x7100320904,U,384,
0x7100320a88,U,244,
0x7100323154,U,388,
0x71003232d8,U,696,
0x7100323590,U,128,
0x710032366c,U,884,
0x71003239e0,U,228,
0x7100323b60,U,564,
0x7100324180,U,248,
0x7100324284,U,116,
0x7100324394,U,220,
0x7100324470,U,308,
0x71003245a4,U,308,
0x71003246d8,U,216,
0x71003247b0,U,28,
0x710032485c,U,416,
0x7100324a0c,U,48,
0x7100324ab0,U,28,
0x7100324af0,U,260,
0x7100324c00,U,260,
0x7100324d10,U,260,
0x7100324f18,U,28,
0x71003250a8,U,28,
0x7100325184,U,260,
0x71003255a4,U,244,
0x710032569c,U,388,
0x7100325824,U,244,
0x7100326ec0,U,388,
0x7100327044,U,696,
0x71003272fc,U,908,
0x7100327688,U,384,
0x7100327808,U,336,
0x7100327958,U,236,
0x7100327a44,U,384,
0x7100327bc4,U,336,
0x7100327d14,U,12,
0x7100327d20,U,812,
0x710032804c,U,860,
0x7100328b3c,U,300,
0x7100328e68,U,240,
0x7100328f58,U,444,
0x7100329114,U,836,
0x7100329458,U,832,
0x7100329798,U,180,
0x710032995c,U,1560,
0x7100329f74,U,1088,
0x710032a3b4,U,504,
0x710032aad8,U,304,
0x710032ac08,U,296,
0x710032ad30,U,1528,
0x710032b328,U,288,
0x710032bc90,U,220,
0x710032c000,U,4796,
0x710032d2bc,U,760,
0x710032d5b4,U,24,
0x710032d5cc,U,132,
0x710032d650,U,52,
0x710032d684,U,2172,
0x710032df00,U,220,
0x710032dfdc,U,580,
0x710032e220,U,264,
0x710032e328,U,848,
0x710032e678,U,772,
0x710032e97c,U,292,
0x710032eaa0,U,484,
0x710032ec84,U,332,
0x710032edd0,U,560,
0x710032f678,U,408,
0x710032f9b0,U,424,
0x710033003c,U,1576,
0x7100330664,U,588,
0x7100330c3c,U,660,
0x7100331218,U,112,
0x7100331288,U,32,
0x71003312a8,U,168,
0x7100331350,U,188,
0x710033140c,U,312,
0x7100331544,U,444,
0x71003317c0,U,28,
0x71003317dc,U,28,
0x710033187c,U,716,
0x7100331c7c,U,272,
0x7100331d9c,U,28,
0x7100331e18,U,28,
0x7100332100,U,164,
0x7100332224,U,152,
0x71003322bc,U,84,
0x710033240c,U,88,
0x71003324c4,U,264,
0x71003327a4,U,264,
0x71003328ac,U,204,
0x7100332978,U,476,
0x7100332b54,U,300,
0x7100332c80,U,324,
0x7100332dc4,U,376,
0x7100333544,U,180,
0x71003335fc,U,244,
0x71003336f4,U,388,
0x710033387c,U,244,
0x71003344a8,U,388,
0x710033462c,U,500,
0x7100334820,U,268,
0x710033492c,U,696,
0x7100334be4,U,380,
0x7100334d60,U,128,
0x7100334de0,U,68,
0x7100334e24,U,628,
0x71003350c4,U,916,
0x7100335458,U,284,
0x7100335574,U,84,
0x71002f9a9c,U,84,
0x71003356ac,U,264,
0x71003357b4,U,164,
0x7100335858,U,648,
0x7100335b58,U,864,
0x7100335eb8,U,624,
0x7100336128,U,844,
0x7100336760,U,196,
0x71003368fc,U,116,
0x7100336970,U,28,
0x7100336994,U,52,
0x71003369f8,U,28,
0x7100336a48,U,28,
0x7100336ac4,U,28,
0x7100336b54,U,328,
0x7100336ca0,U,2564,
0x71003376b0,U,964,
0x7100337a80,U,764,
0x7100337d80,U,996,
0x7100338170,U,880,
0x71003384e0,U,308,
0x7100338620,U,2224,
0x7100338ed0,U,652,
0x7100339160,U,516,
0x7100339370,U,668,
0x7100339610,U,752,
0x7100339900,U,332,
0x7100339a50,U,760,
0x7100339d48,U,332,
0x7100339ea0,U,760,
0x710033a31c,U,244,
0x710033a414,U,352,
0x710033a578,U,244,
0x710033aeac,U,388,
0x710033b030,U,696,
0x710033b2e8,U,956,
0x710033b6a4,U,128,
0x710033bc80,U,228,
0x710033bf64,U,524,
0x710033c174,U,368,
0x710033c2e4,U,108,
0x710033c350,U,380,
0x710033c4cc,U,52,
0x710033c500,U,2128,
0x710033cd50,U,464,
0x710033cf20,U,32,
0x710033cf48,U,836,
0x710033d340,U,936,
0x710033dc00,U,220,
0x710033e288,U,64,
0x710033e348,U,180,
0x710033e3fc,U,32,
0x710033e41c,U,76,
0x710033e494,U,4,
0x710033e498,U,472,
0x710033e670,U,24,
0x710033f0ac,U,28,
0x710033f0c8,U,204,
0x710033f194,U,492,
0x710033f3dc,U,28,
0x710033f4d8,U,164,
0x710033f5f4,U,4,
0x710033f5f8,U,4,
0x710033f60c,U,28,
0x710033f670,U,28,
0x710033f82c,U,264,
0x710033f940,U,232,
0x710033fa2c,U,244,
0x710033fb24,U,388,
0x710033fcd0,U,28,
0x710033fcfc,U,28,
0x710033fd70,U,160,
0x710033fe10,U,340,
0x710033ff68,U,244,
0x7100340b4c,U,352,
0x7100340cac,U,380,
0x7100340e28,U,380,
0x7100340fa4,U,380,
0x7100341120,U,380,
0x71003412a0,U,244,
0x71003425fc,U,388,
0x7100342780,U,696,
0x7100342a38,U,812,
0x7100342d64,U,384,
0x7100342ee4,U,368,
0x7100343054,U,1872,
0x71003437a4,U,1032,
0x7100343c18,U,136,
0x7100343ca8,U,524,
0x7100343eb4,U,200,
0x7100343f7c,U,352,
0x71003440dc,U,100,
0x71003448d4,U,24,
0x71003448ec,U,24,
0x7100344904,U,2172,
0x7100345180,U,72,
0x71003451c8,U,668,
0x7100345464,U,956,
0x7100345820,U,2252,
0x71003460ec,U,2892,
0x7100346c38,U,2312,
0x7100347540,U,804,
0x71003478c4,U,428,
0x7100347a70,U,360,
0x7100347bd8,U,1032,
0x7100347fe0,U,5112,
0x71003493d8,U,1688,
0x7100349b30,U,1016,
0x7100349f28,U,584,
0x710034a170,U,1604,
0x710034a7b4,U,612,
0x710034aa18,U,12916,
0x710034dc8c,U,200,
0x710034dd54,U,220,
0x710034de30,U,220,
0x710034df0c,U,428,
0x710034e0b8,U,180,
0x710034e22c,U,612,
0x710034e490,U,1560,
0x710034eaa8,U,32,
0x710034eac8,U,36,
0x710034eaec,U,132,
0x710034eb70,U,1200,
0x710034f220,U,184,
0x710034f2d8,U,72,
0x710034f374,U,464,
0x710034f544,U,8,
0x710034f54c,U,908,
0x710034f8d8,U,4,
0x710034f8dc,U,88,
0x710034f934,U,1616,
0x710034ff84,U,3288,
0x7100350c5c,U,324,
0x7100350da0,U,1404,
0x710035131c,U,320,
0x710035145c,U,288,
0x710035157c,U,72,
0x71003515c4,U,76,
0x7100351610,U,168,
0x71003516b8,U,376,
0x7100351830,U,400,
0x71003519c0,U,1300,
0x7100351ed4,U,268,
0x7100351fe0,U,220,
0x71003520bc,U,388,
0x7100352240,U,380,
0x71003523bc,U,488,
0x71003525a4,U,1072,
0x71003529d4,U,16,
0x71003529e4,U,72,
0x7100352a2c,U,232,
0x7100352b14,U,1472,
0x71003530d4,U,724,
0x710035343c,U,864,
0x710035379c,U,220,
0x7100353878,U,28,
0x7100353928,U,28,
0x7100353be8,U,556,
0x7100353e24,U,4,
0x7100353e2c,U,8,
0x7100353e44,U,28,
0x71003540d8,U,412,
0x7100354334,U,28,
0x710035451c,U,164,
0x710035462c,U,4,
0x7100354630,U,4,
0x7100354788,U,104,
0x710035480c,U,264,
0x71003561c0,U,3152,
0x7100356e10,U,2060,
0x7100359118,U,492,
0x710035962c,U,716,
0x71003598f8,U,384,
0x7100359cb0,U,244,
0x710035b304,U,388,
0x710035b488,U,380,
0x710035b604,U,380,
0x710035b780,U,380,
0x710035b8fc,U,380,
0x710035ba78,U,380,
0x710035bbf4,U,380,
0x710035bd70,U,380,
0x710035bf14,U,28,
0x710035bf40,U,28,
0x710035c410,U,160,
0x710035c5fc,U,384,
0x710035c9e8,U,384,
0x710035cb6c,U,240,
0x710035cf10,U,388,
0x710035d1c0,U,28,
0x710035d4e0,U,12,
0x710035d4ec,U,108,
0x710035d558,U,108,
0x710035d5c4,U,504,
0x710035d7bc,U,548,
0x710035d9e0,U,328,
0x710035db30,U,760,
0x710035de30,U,140,
0x710035ded8,U,588,
0x710035e2c0,U,636,
0x710035e53c,U,8,
0x710035e544,U,60,
0x710035e580,U,64,
0x710035e5c0,U,56,
0x710035e5f8,U,736,
0x710035e8d8,U,2416,
0x710035f248,U,696,
0x710035f500,U,524,
0x710035f70c,U,260,
0x710035f980,U,140,
0x710035fa10,U,244,
0x710035fda8,U,388,
0x710035ff54,U,112,
0x7100360044,U,220,
0x7100360120,U,16,
0x7100360130,U,124,
0x71003601ac,U,164,
0x7100360250,U,28,
0x7100360308,U,28,
0x7100360380,U,160,
0x7100360424,U,240,
0x7100360518,U,388,
0x710036069c,U,36,
0x71003606c0,U,4,
0x71003606c8,U,456,
0x7100360890,U,28,
0x71003608ac,U,252,
0x71003609a8,U,16,
0x71003609b8,U,460,
0x7100360b84,U,5828,
0x7100362248,U,220,
0x7100362324,U,128,
0x71003623a4,U,16,
0x71003623b4,U,220,
0x7100362490,U,8,
0x71003624f4,U,340,
0x7100362648,U,196,
0x71003627d0,U,40,
0x71003627f8,U,304,
0x7100362a50,U,472,
0x7100362c28,U,28,
0x7100362c8c,U,28,
0x7100362d60,U,160,
0x7100362e04,U,240,
0x710036409c,U,352,
0x71003641fc,U,564,
0x7100364430,U,596,
0x71003646a8,U,8,
0x71003646b0,U,32,
0x71003646d0,U,28,
0x7100364750,U,28,
0x7100364780,U,160,
0x7100364820,U,220,
0x71003648fc,U,220,
0x71003649d8,U,220,
0x7100364ab4,U,220,
0x7100364f14,U,388,
0x7100365098,U,220,
0x71003654f8,U,388,
0x710036567c,U,220,
0x7100365758,U,480,
0x710036593c,U,240,
0x7100366604,U,388,
0x7100366a3c,U,88,
0x7100366a94,U,88,
0x7100366aec,U,28,
0x7100366b08,U,368,
0x7100366c78,U,104,
0x7100366d18,U,20,
0x7100366d78,U,352,
0x7100366ed8,U,104,
0x7100366f84,U,20,
0x7100367018,U,360,
0x7100367180,U,88,
0x7100367210,U,20,
0x7100367270,U,360,
0x71003673d8,U,88,
0x7100367468,U,20,
0x71003674c8,U,364,
0x7100367634,U,60,
0x7100367674,U,112,
0x7100367700,U,20,
0x71003677c0,U,176,
0x7100367870,U,176,
0x7100367920,U,364,
0x7100367a8c,U,60,
0x7100367acc,U,112,
0x7100367b58,U,20,
0x7100367c18,U,176,
0x7100367cc8,U,176,
0x7100367fb4,U,80,
0x7100368004,U,84,
0x7100368168,U,80,
0x71003681b8,U,84,
0x7100368214,U,100,
0x71003684b0,U,144,
0x71003685f8,U,612,
0x710036885c,U,564,
0x7100368ab0,U,260,
0x7100368bb4,U,268,
0x7100368cd0,U,28,
0x7100368d80,U,844,
0x71003690d0,U,244,
0x71003691c8,U,356,
0x710036932c,U,84,
0x7100369380,U,132,
0x7100369404,U,140,
0x7100369490,U,120,
0x7100369508,U,172,
0x71003695b4,U,4,
0x71003695b8,U,68,
0x71003695fc,U,84,
0x7100369650,U,132,
0x71003696d4,U,60,
0x7100369710,U,60,
0x710036974c,U,164,
0x71003697f0,U,1108,
0x7100369c44,U,316,
0x7100369d80,U,56,
0x7100369db8,U,444,
0x7100369fec,U,28,
0x710036a298,U,132,
0x710036a3c8,U,28,
0x710036a450,U,160,
0x710036a4f4,U,244,
0x710036a5ec,U,388,
0x710036a774,U,36,
0x710036a7a0,U,28,
0x710036a820,U,28,
0x710036a8a0,U,160,
0x710036a944,U,244,
0x710036b3f4,U,388,
0x710036b578,U,696,
0x710036bcbc,U,208,
0x710036bd8c,U,216,
0x710036be6c,U,28,
0x710036be88,U,564,
0x710036c1e4,U,28,
0x710036c338,U,24,
0x710036c350,U,160,
0x710036c3f4,U,244,
0x710036cde4,U,388,
0x710036cf68,U,808,
0x710036d408,U,28,
0x710036d424,U,340,
0x710036d5ac,U,28,
0x710036d5c8,U,160,
0x710036d690,U,160,
0x710036d734,U,244,
0x710036db98,U,388,
0x710036dd1c,U,248,
0x710036e124,U,28,
0x710036e140,U,268,
0x710036e280,U,28,
0x710036e2f0,U,160,
0x710036e394,U,244,
0x710036f4f4,U,388,
0x710036f678,U,392,
0x710036f800,U,312,
0x710036f938,U,3008,
0x7100370800,U,28,
0x710037081c,U,648,
0x7100370c0c,U,28,
0x7100370c80,U,160,
0x7100370d24,U,244,
0x7100370e1c,U,388,
0x7100370fd4,U,144,
0x7100371064,U,28,
0x71003710b4,U,28,
0x7100371140,U,160,
0x71003711e4,U,244,
0x7100371640,U,364,
0x71003717ac,U,56,
0x7100371808,U,656,
0x7100371aa0,U,28,
0x7100371ad0,U,28,
0x7100371b10,U,160,
0x7100371bb4,U,244,
0x7100371d7c,U,388,
0x7100371fdc,U,28,
0x7100371ff8,U,124,
0x7100372074,U,132,
0x7100372108,U,28,
0x71003721a0,U,160,
0x7100372244,U,244,
0x7100372604,U,388,
0x7100372788,U,220,
0x71003729a8,U,220,
0x7100372b84,U,28,
0x7100372ba0,U,132,
0x7100372c24,U,140,
0x7100372cc0,U,28,
0x7100372d30,U,160,
0x7100372dd4,U,244,
0x7100372fe8,U,388,
0x7100373184,U,28,
0x7100373220,U,28,
0x71003732b0,U,160,
0x7100373354,U,244,
0x7100373620,U,388,
0x71003737fc,U,140,
0x7100373888,U,28,
0x71003738a4,U,196,
0x710037399c,U,28,
0x7100373a50,U,160,
0x7100373af4,U,244,
0x7100373dc4,U,388,
0x7100373f48,U,104,
0x7100373fb8,U,92,
0x7100374014,U,28,
0x7100374030,U,124,
0x71003740ac,U,132,
0x7100374140,U,28,
0x71003741e0,U,160,
0x7100374284,U,244,
0x7100374554,U,388,
0x71003746d8,U,256,
0x71003747e0,U,92,
0x710037483c,U,28,
0x7100374858,U,124,
0x71003748d4,U,132,
0x7100374968,U,28,
0x7100374a00,U,160,
0x7100374aa4,U,244,
0x7100374d70,U,388,
0x7100374ef4,U,32,
0x7100374f1c,U,128,
0x7100374f9c,U,28,
0x7100374fb8,U,124,
0x7100375034,U,132,
0x71003750c8,U,28,
0x7100375160,U,160,
0x7100375204,U,244,
0x71003754d0,U,388,
0x7100375654,U,32,
0x710037567c,U,104,
0x71003756e4,U,28,
0x7100375700,U,124,
0x710037577c,U,132,
0x7100375810,U,28,
0x71003758b0,U,160,
0x7100375954,U,244,
0x7100375c28,U,388,
0x7100375dac,U,216,
0x7100376104,U,324,
0x7100376248,U,28,
0x7100376264,U,196,
0x710037635c,U,28,
0x71003763d0,U,160,
0x7100376474,U,244,
0x7100376670,U,388,
0x71003767f4,U,144,
0x710037688c,U,92,
0x71003768e8,U,28,
0x7100376904,U,124,
0x7100376980,U,132,
0x7100376a14,U,28,
0x7100376ab0,U,160,
0x7100376b54,U,244,
0x7100376e44,U,388,
0x7100376fc8,U,32,
0x7100376ff0,U,104,
0x7100377058,U,28,
0x7100377074,U,128,
0x71003770f4,U,136,
0x710037718c,U,28,
0x7100377240,U,160,
0x71003772e4,U,244,
0x71003774dc,U,388,
0x71003777b0,U,28,
0x7100377800,U,28,
0x7100377880,U,160,
0x7100377924,U,244,
0x7100377b94,U,388,
0x7100377d68,U,28,
0x7100377db8,U,28,
0x7100377e40,U,160,
0x7100377ee4,U,244,
0x710037834c,U,388,
0x7100378590,U,84,
0x71003785ec,U,28,
0x7100378608,U,124,
0x7100378684,U,132,
0x7100378718,U,28,
0x71003787c0,U,160,
0x7100378864,U,244,
0x7100378c00,U,388,
0x7100378e34,U,28,
0x7100378e50,U,124,
0x7100378ecc,U,132,
0x7100378f60,U,28,
0x7100378f7c,U,92,
0x7100379000,U,160,
0x71003790a4,U,244,
0x7100379374,U,388,
0x71003794f8,U,308,
0x710037963c,U,28,
0x7100379658,U,124,
0x71003796d4,U,132,
0x7100379768,U,28,
0x7100379784,U,88,
0x7100379800,U,160,
0x71003798a4,U,244,
0x710037a28c,U,388,
0x710037a410,U,172,
0x710037a4bc,U,452,
0x710037a680,U,356,
0x710037a7e4,U,3360,
0x710037b524,U,160,
0x710037b5c4,U,496,
0x710037b7b4,U,944,
0x710037bb64,U,2788,
0x710037c648,U,28,
0x710037c884,U,432,
0x710037ca68,U,28,
0x710037cb60,U,200,
0x710037cc2c,U,244,
0x710037cfb4,U,388,
0x710037d138,U,356,
0x710037d524,U,28,
0x710037d540,U,196,
0x710037d638,U,28,
0x710037d6b0,U,160,
0x710037d754,U,244,
0x710037d950,U,388,
0x710037dad4,U,196,
0x710037dbc8,U,1048,
0x710037e000,U,28,
0x710037e01c,U,124,
0x710037e098,U,132,
0x710037e12c,U,28,
0x710037e1a0,U,160,
0x710037e244,U,244,
0x710037e440,U,388,
0x710037e5c4,U,196,
0x710037ea74,U,28,
0x710037ea90,U,124,
0x710037eb0c,U,132,
0x710037eba0,U,28,
0x710037ec10,U,160,
0x710037ecb4,U,244,
0x710037edac,U,388,
0x710037ef30,U,136,
0x710037efb8,U,940,
0x710037f36c,U,28,
0x710037f424,U,28,
0x710037f4b0,U,160,
0x710037f554,U,244,
0x710037fca0,U,376,
0x710037fe18,U,236,
0x710037ff04,U,108,
0x710037ff70,U,1576,
0x7100380598,U,192,
0x7100380660,U,500,
0x7100380854,U,28,
0x7100380870,U,128,
0x71003808f0,U,136,
0x7100380988,U,28,
0x7100380a20,U,160,
0x7100380ac4,U,244,
0x7100380cc0,U,388,
0x7100380e48,U,236,
0x7100380f34,U,112,
0x7100380fac,U,28,
0x7100380fc8,U,124,
0x7100381044,U,132,
0x7100381170,U,28,
0x7100381224,U,116,
0x71003812a0,U,160,
0x7100381344,U,244,
0x71003815e8,U,376,
0x71003817f0,U,552,
0x7100381a20,U,28,
0x7100381abc,U,28,
0x7100381b40,U,160,
0x7100381be4,U,244,
0x7100381cdc,U,388,
0x7100381e60,U,752,
0x7100382150,U,220,
0x7100382240,U,28,
0x7100382290,U,28,
0x7100382310,U,160,
0x71003823b4,U,244,
0x71003825ac,U,388,
0x7100382730,U,260,
0x710038283c,U,28,
0x710038288c,U,28,
0x7100382910,U,160,
0x71003829b4,U,244,
0x7100382ca0,U,388,
0x7100382f00,U,28,
0x7100382f2c,U,28,
0x7100382fc0,U,160,
0x7100383064,U,244,
0x710038388c,U,388,
0x7100383a10,U,240,
0x7100383b64,U,284,
0x7100383c80,U,2344,
0x71003845a8,U,588,
0x71003847f4,U,384,
0x7100384974,U,120,
0x71003849ec,U,1068,
0x7100384e20,U,28,
0x7100384e3c,U,124,
0x7100384eb8,U,132,
0x7100384f4c,U,28,
0x7100384fc0,U,160,
0x7100385064,U,244,
0x71003854c8,U,388,
0x710038564c,U,216,
0x7100385798,U,1344,
0x7100385cd8,U,220,
0x7100385db4,U,388,
0x7100385f38,U,144,
0x7100385fc8,U,664,
0x7100386268,U,28,
0x7100386284,U,124,
0x7100386300,U,132,
0x7100386394,U,28,
0x7100386400,U,160,
0x71003864a4,U,244,
0x7100386c24,U,388,
0x7100386da8,U,252,
0x7100387760,U,28,
0x710038777c,U,124,
0x71003877f8,U,132,
0x71003878c8,U,632,
0x7100387b8c,U,896,
0x7100387f1c,U,28,
0x7100387f88,U,120,
0x7100388000,U,160,
0x71003880a4,U,244,
0x710038819c,U,388,
0x7100388344,U,236,
0x7100388430,U,140,
0x710038852c,U,28,
0x7100388570,U,400,
0x7100388710,U,28,
0x7100388790,U,160,
0x7100388834,U,244,
0x7100388c9c,U,388,
0x7100388e20,U,396,
0x71003893dc,U,1160,
0x7100389864,U,544,
0x710038a06c,U,28,
0x710038a088,U,292,
0x710038a1e0,U,28,
0x710038a270,U,160,
0x710038a314,U,244,
0x710038a40c,U,388,
0x710038a590,U,228,
0x710038a6a4,U,28,
0x710038a6f4,U,28,
0x710038a770,U,160,
0x710038a814,U,244,
0x710038b2ec,U,388,
0x710038b470,U,636,
0x710038b6ec,U,872,
0x710038c4c8,U,1016,
0x710038c8c0,U,1180,
0x710038cd5c,U,320,
0x710038d164,U,28,
0x710038d180,U,564,
0x710038d3e8,U,28,
0x710038d404,U,228,
0x710038d520,U,168,
0x710038d5d0,U,160,
0x710038d674,U,244,
0x710038da18,U,388,
0x710038db9c,U,368,
0x710038e37c,U,28,
0x710038e398,U,196,
0x710038e490,U,28,
0x710038e500,U,160,
0x710038e5a4,U,244,
0x710038e940,U,376,
0x710038eae4,U,720,
0x710038edb4,U,124,
0x710038eeac,U,28,
0x710038ef48,U,28,
0x710038eff0,U,160,
0x710038f094,U,244,
0x710038f35c,U,388,
0x710038f680,U,28,
0x710038f6ac,U,28,
0x710038f730,U,160,
0x710038f7d4,U,244,
0x710038f998,U,388,
0x710038fb1c,U,716,
0x710038fde8,U,384,
0x7100390034,U,400,
0x71003905fc,U,28,
0x7100390758,U,28,
0x7100390ac4,U,244,
0x71003910b8,U,388,
0x7100391378,U,28,
0x71003913a4,U,28,
0x7100391430,U,160,
0x71003914d4,U,244,
0x71003917a4,U,388,
0x7100391928,U,204,
0x7100391a80,U,28,
0x7100391a9c,U,124,
0x7100391b18,U,132,
0x7100391bac,U,28,
0x7100391c20,U,160,
0x7100391cc4,U,244,
0x7100392394,U,388,
0x7100392518,U,268,
0x71003927a0,U,28,
0x71003927cc,U,28,
0x71003928a0,U,160,
0x7100392944,U,244,
0x710039304c,U,388,
0x71003931d0,U,120,
0x7100393248,U,268,
0x7100393378,U,232,
0x7100393510,U,28,
0x710039353c,U,28,
0x7100393558,U,132,
0x7100393600,U,160,
0x71003936a4,U,244,
0x710039389c,U,388,
0x7100393ab4,U,28,
0x7100393ae4,U,28,
0x7100393b60,U,160,
0x7100393c04,U,244,
0x7100393cfc,U,364,
0x7100393e68,U,56,
0x7100393ea0,U,4,
0x7100393eec,U,28,
0x7100393f18,U,28,
0x7100393f50,U,160,
0x7100393ff4,U,244,
0x710039437c,U,364,
0x71003944e8,U,72,
0x7100394530,U,4,
0x7100394588,U,316,
0x7100394708,U,28,
0x710039473c,U,28,
0x7100394780,U,160,
0x7100394824,U,244,
0x710039491c,U,364,
0x7100394a88,U,64,
0x7100394ac8,U,100,
0x7100394b30,U,160,
0x7100394bd0,U,4,
0x7100394bd4,U,4,
0x7100394bd8,U,4,
0x7100394bdc,U,592,
0x7100394e2c,U,536,
0x7100395044,U,536,
0x710039525c,U,536,
0x7100395474,U,136,
0x71003954fc,U,132,
0x7100395580,U,128,
0x7100395600,U,128,
0x7100395680,U,220,
0x710039575c,U,28,
0x7100395778,U,368,
0x71003958e8,U,104,
0x7100395988,U,20,
0x71003959f8,U,28,
0x7100395a30,U,260,
0x7100395b34,U,260,
0x7100395c38,U,260,
0x7100395d3c,U,260,
0x7100395e40,U,228,
0x7100395f28,U,244,
0x7100396020,U,364,
0x710039618c,U,92,
0x71003961e8,U,164,
0x7100396290,U,476,
0x710039657c,U,336,
0x710039678c,U,28,
0x71003967b8,U,28,
0x71003967f0,U,160,
0x7100396894,U,244,
0x7100396a90,U,388,
0x7100396c14,U,72,
0x7100396c5c,U,172,
0x7100396d08,U,28,
0x7100396d24,U,124,
0x7100396da0,U,132,
0x7100396e34,U,28,
0x7100396ed0,U,160,
0x7100396f74,U,244,
0x7100397170,U,388,
0x710039739c,U,92,
0x71003973f8,U,28,
0x7100397414,U,124,
0x7100397490,U,132,
0x7100397524,U,28,
0x71003975c0,U,160,
0x7100397664,U,244,
0x7100397ae4,U,388,
0x71003980e0,U,28,
0x710039810c,U,28,
0x71003981b0,U,160,
0x7100398254,U,244,
0x7100398468,U,388,
0x7100398808,U,28,
0x7100398834,U,28,
0x71003988c0,U,160,
0x7100398964,U,244,
0x7100398a5c,U,388,
0x7100398c30,U,28,
0x7100398c5c,U,28,
0x7100398cd0,U,160,
0x7100398d74,U,244,
0x7100398e6c,U,388,
0x7100399064,U,28,
0x7100399090,U,28,
0x7100399110,U,160,
0x71003991b4,U,244,
0x71003992ac,U,388,
0x7100399484,U,28,
0x71003994b0,U,28,
0x7100399530,U,160,
0x71003995d4,U,244,
0x71003996cc,U,388,
0x710039988c,U,28,
0x71003998b8,U,28,
0x7100399930,U,160,
0x71003999d4,U,244,
0x7100399bc8,U,388,
0x7100399dc0,U,28,
0x7100399dec,U,28,
0x7100399e70,U,160,
0x7100399f14,U,244,
0x710039a00c,U,388,
0x710039a1b8,U,52,
0x710039a1ec,U,28,
0x710039a218,U,28,
0x710039a290,U,160,
0x710039a334,U,244,
0x710039a42c,U,388,
0x710039a604,U,28,
0x710039a630,U,28,
0x710039a6b0,U,160,
0x710039a754,U,244,
0x710039a84c,U,388,
0x710039a9f8,U,100,
0x710039aa5c,U,28,
0x710039aa88,U,28,
0x710039ab00,U,160,
0x710039aba4,U,244,
0x710039afac,U,388,
0x710039b130,U,196,
0x710039b274,U,160,
0x710039b314,U,28,
0x710039b340,U,28,
0x710039b35c,U,108,
0x710039b3f0,U,160,
0x710039b494,U,244,
0x710039bce8,U,388,
0x710039be6c,U,484,
0x710039c3cc,U,28,
0x710039c3f8,U,28,
0x710039c414,U,180,
0x710039c4f0,U,160,
0x710039c594,U,244,
0x710039c68c,U,388,
0x710039c880,U,28,
0x710039c8d0,U,28,
0x710039c950,U,160,
0x710039c9f4,U,244,
0x710039caec,U,388,
0x710039cc98,U,104,
0x710039cd00,U,28,
0x710039cd2c,U,28,
0x710039cda0,U,160,
0x710039ce44,U,244,
0x710039d29c,U,388,
0x710039d420,U,340,
0x710039d574,U,196,
0x710039d854,U,28,
0x710039d880,U,28,
0x710039d8f0,U,160,
0x710039d994,U,244,
0x710039db88,U,388,
0x710039ddc0,U,28,
0x710039ddec,U,28,
0x710039de60,U,160,
0x710039df04,U,244,
0x710039e218,U,388,
0x710039e694,U,28,
0x710039e6c0,U,28,
0x710039e740,U,160,
0x710039e7e4,U,244,
0x710039e8dc,U,388,
0x710039eafc,U,28,
0x710039eb28,U,28,
0x710039eba0,U,160,
0x710039ec44,U,244,
0x710039ef10,U,388,
0x710039f094,U,124,
0x710039f110,U,132,
0x710039f218,U,28,
0x710039f244,U,28,
0x710039f2e0,U,160,
0x710039f384,U,244,
0x710039f47c,U,388,
0x710039f664,U,28,
0x710039f690,U,28,
0x710039f710,U,160,
0x710039f7b4,U,244,
0x710039f8ac,U,388,
0x710039fa6c,U,28,
0x710039fabc,U,28,
0x710039fb30,U,160,
0x710039fbd4,U,244,
0x710039fccc,U,388,
0x710039fe6c,U,28,
0x710039febc,U,28,
0x710039ff30,U,160,
0x710039ffd4,U,244,
0x71003a00cc,U,388,
0x71003a02ac,U,28,
0x71003a02d8,U,28,
0x71003a0350,U,160,
0x71003a03f4,U,244,
0x71003a04ec,U,388,
0x71003a06ac,U,28,
0x71003a06fc,U,28,
0x71003a0770,U,160,
0x71003a0814,U,244,
0x71003a090c,U,388,
0x71003a0b2c,U,28,
0x71003a0b7c,U,28,
0x71003a0bf0,U,160,
0x71003a0c94,U,244,
0x71003a0e90,U,388,
0x71003a1014,U,340,
0x71003a1178,U,28,
0x71003a1194,U,124,
0x71003a1210,U,132,
0x71003a12a4,U,28,
0x71003a1310,U,200,
0x71003a13e0,U,160,
0x71003a1484,U,244,
0x71003a157c,U,388,
0x71003a1700,U,56,
0x71003a1748,U,28,
0x71003a1798,U,28,
0x71003a1810,U,160,
0x71003a18b4,U,244,
0x71003a19ac,U,388,
0x71003a1b30,U,108,
0x71003a1b9c,U,28,
0x71003a1bec,U,28,
0x71003a1c60,U,160,
0x71003a1d04,U,244,
0x71003a1dfc,U,388,
0x71003a1fac,U,28,
0x71003a1ffc,U,28,
0x71003a2070,U,160,
0x71003a2114,U,244,
0x71003a2384,U,388,
0x71003a2508,U,452,
0x71003a26dc,U,28,
0x71003a272c,U,28,
0x71003a27a0,U,160,
0x71003a2844,U,244,
0x71003a2b14,U,388,
0x71003a2d34,U,28,
0x71003a2d50,U,124,
0x71003a2dcc,U,132,
0x71003a2e60,U,28,
0x71003a2ecc,U,196,
0x71003a2f90,U,160,
0x71003a3034,U,244,
0x71003a32fc,U,388,
0x71003a3480,U,280,
0x71003a3598,U,28,
0x71003a35e8,U,28,
0x71003a3660,U,160,
0x71003a3704,U,244,
0x71003a39f4,U,388,
0x71003a3b78,U,132,
0x71003a3bfc,U,140,
0x71003a3d38,U,228,
0x71003a3e1c,U,28,
0x71003a3e48,U,28,
0x71003a3f00,U,160,
0x71003a3fa4,U,244,
0x71003a433c,U,388,
0x71003a44c0,U,196,
0x71003a4774,U,220,
0x71003a4850,U,28,
0x71003a487c,U,28,
0x71003a4898,U,104,
0x71003a4930,U,160,
0x71003a49d4,U,244,
0x71003a4acc,U,364,
0x71003a4c38,U,60,
0x71003a4c74,U,72,
0x71003a4cc0,U,296,
0x71003a4de8,U,104,
0x71003a4e50,U,28,
0x71003a4ea4,U,28,
0x71003a4ee0,U,160,
0x71003a4f84,U,244,
0x71003a507c,U,388,
0x71003a5314,U,28,
0x71003a5340,U,28,
0x71003a53c0,U,160,
0x71003a5464,U,244,
0x71003a5658,U,388,
0x71003a5914,U,28,
0x71003a5940,U,28,
0x71003a59c0,U,160,
0x71003a5a64,U,244,
0x71003a5c58,U,388,
0x71003a5f1c,U,28,
0x71003a5f48,U,28,
0x71003a5fd0,U,160,
0x71003a6074,U,244,
0x71003a6268,U,388,
0x71003a652c,U,28,
0x71003a6558,U,28,
0x71003a65e0,U,160,
0x71003a6684,U,244,
0x71003a6878,U,388,
0x71003a6b68,U,28,
0x71003a6b94,U,28,
0x71003a6c20,U,160,
0x71003a6cc4,U,244,
0x71003a6dbc,U,388,
0x71003a6f68,U,88,
0x71003a7410,U,28,
0x71003a743c,U,28,
0x71003a74d0,U,160,
0x71003a76bc,U,384,
0x71003a7840,U,244,
0x71003a7b18,U,388,
0x71003a7c9c,U,280,
0x71003a7db4,U,268,
0x71003a8044,U,276,
0x71003a8158,U,284,
0x71003a8274,U,760,
0x71003a856c,U,516,
0x71003a8780,U,28,
0x71003a8838,U,28,
0x71003a8a24,U,84,
0x71003a8c38,U,244,
0x71003a8d30,U,388,
0x71003a9000,U,52,
0x71003a905c,U,28,
0x71003a9088,U,28,
0x71003a9110,U,160,
0x71003a91b4,U,244,
0x71003a92ac,U,388,
0x71003a9510,U,124,
0x71003a95c8,U,28,
0x71003a95f4,U,28,
0x71003a9670,U,160,
0x71003a9a9c,U,384,
0x71003a9ee8,U,384,
0x71003aa0c0,U,244,
0x71003aa1b8,U,388,
0x71003aa33c,U,228,
0x71003aa420,U,280,
0x71003aa538,U,368,
0x71003aa7c4,U,280,
0x71003aa8e0,U,360,
0x71003aaa48,U,136,
0x71003aaad0,U,148,
0x71003aab64,U,168,
0x71003aac0c,U,316,
0x71003aad48,U,348,
0x71003aaea4,U,92,
0x71003aaf00,U,28,
0x71003aaf1c,U,28,
0x71003ab064,U,28,
0x71003ab214,U,84,
0x71003ab524,U,244,
0x71003abf00,U,356,
0x71003ac064,U,804,
0x71003ac388,U,1352,
0x71003ac8f4,U,120,
0x71003ac9ec,U,368,
0x71003acb5c,U,688,
0x71003ace0c,U,520,
0x71003ad014,U,352,
0x71003ad174,U,260,
0x71003ad278,U,412,
0x71003ad414,U,4,
0x71003ad418,U,68,
0x71003ad45c,U,128,
0x71003ad4dc,U,432,
0x71003ad694,U,344,
0x71003ad7ec,U,620,
0x71003ada78,U,128,
0x71003adaf8,U,4,
0x71003adafc,U,60,
0x71003adb60,U,1532,
0x71003ae15c,U,716,
0x71003ae428,U,1072,
0x71003ae858,U,488,
0x71003aea40,U,2364,
0x71003af37c,U,1284,
0x71003af880,U,520,
0x71003afa88,U,536,
0x71003afca0,U,200,
0x71003afd68,U,508,
0x71003aff64,U,20,
0x71003aff78,U,220,
0x71003b0054,U,268,
0x71003b02ec,U,4,
0x71003b0300,U,1108,
0x71003b0754,U,724,
0x71003b0b04,U,28,
0x71003b0c4c,U,432,
0x71003b0e0c,U,28,
0x71003b0f00,U,720,
0x71003b11d4,U,244,
0x71003b1394,U,388,
0x71003b1540,U,28,
0x71003b156c,U,28,
0x71003b15f0,U,160,
0x71003b1694,U,244,
0x71003b178c,U,356,
0x71003b1918,U,120,
0x71003b1a18,U,492,
0x71003b1c68,U,28,
0x71003b1d18,U,28,
0x71003b1d90,U,160,
0x71003b1e34,U,244,
0x71003b1f2c,U,356,
0x71003b2090,U,124,
0x71003b210c,U,28,
0x71003b215c,U,28,
0x71003b21d0,U,200,
0x71003b229c,U,244,
0x71003b2394,U,352,
0x71003b24fc,U,504,
0x71003b26f4,U,28,
0x71003b2898,U,28,
0x71003b2904,U,564,
0x71003b2b40,U,160,
0x71003b2be4,U,244,
0x71003b2eb0,U,376,
0x71003b3028,U,352,
0x71003b3288,U,1396,
0x71003b381c,U,1524,
0x71003b3e10,U,588,
0x71003b405c,U,28,
0x71003b4078,U,200,
0x71003b4174,U,28,
0x71003b41e0,U,160,
0x71003b4284,U,244,
0x71003b437c,U,388,
0x71003b4500,U,124,
0x71003b457c,U,260,
0x71003b4718,U,164,
0x71003b49b8,U,708,
0x71003b4c7c,U,1096,
0x71003b50c4,U,136,
0x71003b514c,U,2248,
0x71003b5a14,U,776,
0x71003b5d1c,U,84,
0x71003b5fb0,U,904,
0x71003b69b0,U,1012,
0x71003b6da4,U,604,
0x71003b7000,U,980,
0x71003b73d4,U,192,
0x71003b74a8,U,288,
0x71003b75c8,U,28,
0x71003b75f8,U,28,
0x71003b78f8,U,364,
0x71003b7a64,U,240,
0x71003b7b54,U,604,
0x71003b7db0,U,440,
0x71003b7f70,U,488,
0x71003b815c,U,244,
0x71003b8254,U,352,
0x71003b83b4,U,48,
0x71003b83e4,U,4,
0x71003b840c,U,28,
0x71003b8450,U,28,
0x71003b84b0,U,160,
0x71003b8554,U,244,
0x71003b864c,U,356,
0x71003b8880,U,172,
0x71003b89c0,U,324,
0x71003b8b14,U,28,
0x71003b8bc4,U,28,
0x71003b8c40,U,200,
0x71003b8d0c,U,244,
0x71003b9bc8,U,388,
0x71003b9d4c,U,696,
0x71003ba008,U,244,
0x71003ba190,U,352,
0x71003ba4d4,U,28,
0x71003ba4fc,U,28,
0x71003ba540,U,260,
0x71003ba654,U,28,
0x71003ba6f0,U,28,
0x71003ba760,U,232,
0x71003ba84c,U,244,
0x71003ba944,U,388,
0x71003baac8,U,100,
0x71003bab40,U,28,
0x71003bab90,U,28,
0x71003bac10,U,160,
0x71003badfc,U,384,
0x71003baf80,U,244,
0x71003bb174,U,356,
0x71003bb2d8,U,156,
0x71003bb374,U,148,
0x71003bb4bc,U,120,
0x71003bb534,U,544,
0x71003bb754,U,172,
0x71003bb800,U,596,
0x71003bba54,U,28,
0x71003bbb90,U,28,
0x71003bbe34,U,244,
0x71003bbf2c,U,352,
0x71003bc0b4,U,168,
0x71003bc15c,U,28,
0x71003bc234,U,28,
0x71003bc290,U,200,
0x71003bc35c,U,244,
0x71003bcab4,U,388,
0x71003bcc38,U,696,
0x71003bcef4,U,244,
0x71003bcfec,U,352,
0x71003bd180,U,56,
0x71003bd1b8,U,28,
0x71003bd1d4,U,28,
0x71003bd224,U,28,
0x71003bd2b8,U,28,
0x71003bd320,U,232,
0x71003bd40c,U,244,
0x71003bd504,U,388,
0x71003bd6b4,U,28,
0x71003bd6e8,U,28,
0x71003bd760,U,160,
0x71003bd804,U,244,
0x71003bd8fc,U,388,
0x71003bda80,U,64,
0x71003bdac0,U,4,
0x71003bdae8,U,96,
0x71003bdb48,U,56,
0x71003bdc30,U,784,
0x71003be154,U,220,
0x71003be230,U,28,
0x71003be260,U,28,
0x71003be3b0,U,200,
0x71003be47c,U,244,
0x71003be6f0,U,352,
0x71003be850,U,48,
0x71003be880,U,4,
0x71003be8a8,U,28,
0x71003be8d8,U,28,
0x71003be930,U,160,
0x71003be9d4,U,244,
0x71003beacc,U,356,
0x71003becb8,U,172,
0x71003bee2c,U,28,
0x71003beedc,U,28,
0x71003bef50,U,160,
0x71003beff4,U,244,
0x71003bf17c,U,352,
0x71003bf354,U,4,
0x71003bf358,U,28,
0x71003bf388,U,28,
0x71003bf400,U,160,
0x71003bf4a4,U,244,
0x71003bf59c,U,388,
0x71003bf720,U,1836,
0x71003c0070,U,28,
0x71003c00b0,U,660,
0x71003c0354,U,28,
0x71003c03c8,U,60,
0x71003c0404,U,60,
0x71003c0440,U,160,
0x71003c04e4,U,244,
0x71003c05dc,U,388,
0x71003c0760,U,516,
0x71003c0964,U,636,
0x71003c0d3c,U,1016,
0x71003c133c,U,652,
0x71003c15c8,U,372,
0x71003c173c,U,1388,
0x71003c1ca8,U,348,
0x71003c1e04,U,580,
0x71003c2048,U,624,
0x71003c22b8,U,28,
0x71003c22d4,U,368,
0x71003c2564,U,164,
0x71003c2680,U,28,
0x71003c28dc,U,264,
0x71003c29f0,U,160,
0x71003c2a94,U,244,
0x71003c2c8c,U,356,
0x71003c2df0,U,428,
0x71003c2f9c,U,384,
0x71003c311c,U,620,
0x71003c33ac,U,120,
0x71003c3424,U,584,
0x71003c366c,U,5136,
0x71003c4a7c,U,220,
0x71003c4b58,U,780,
0x71003c4e64,U,332,
0x71003c4fb0,U,440,
0x71003c5168,U,836,
0x71003c54ac,U,1564,
0x71003c5b10,U,612,
0x71003c5d74,U,844,
0x71003c60c0,U,428,
0x71003c62c4,U,1508,
0x71003c68a8,U,436,
0x71003c6a5c,U,448,
0x71003c6c1c,U,32,
0x71003c6c3c,U,220,
0x71003c6d18,U,28,
0x71003c6de0,U,28,
0x71003c6fa4,U,456,
0x71003c716c,U,192,
0x71003c745c,U,244,
0x71003c811c,U,388,
0x71003c82a0,U,696,
0x71003c855c,U,244,
0x71003c8654,U,352,
0x71003c87e8,U,56,
0x71003c8820,U,28,
0x71003c884c,U,28,
0x71003c889c,U,28,
0x71003c8934,U,28,
0x71003c8990,U,232,
0x71003c8a7c,U,244,
0x71003c8b74,U,356,
0x71003c8cd8,U,104,
0x71003c8d40,U,112,
0x71003c91cc,U,280,
0x71003c92e4,U,40,
0x71003c930c,U,420,
0x71003c95d8,U,532,
0x71003c97ec,U,912,
0x71003c9b7c,U,816,
0x71003ca540,U,420,
0x71003ca8a8,U,432,
0x71003caa58,U,1776,
0x71003cb250,U,680,
0x71003cb4f8,U,552,
0x71003cb720,U,324,
0x71003cb864,U,568,
0x71003cba9c,U,120,
0x71003cbd2c,U,420,
0x71003cc304,U,368,
0x71003cc474,U,388,
0x71003cc7dc,U,400,
0x71003cca50,U,412,
0x71003ccbec,U,612,
0x71003cce50,U,228,
0x71003ccf34,U,28,
0x71003cd158,U,28,
0x71003cd174,U,164,
0x71003cd4fc,U,472,
0x71003cd6e0,U,4376,
0x71003ce800,U,2844,
0x71003cf320,U,1808,
0x71003cfa30,U,2392,
0x71003d0390,U,732,
0x71003d0670,U,832,
0x71003d0c50,U,320,
0x71003d0d94,U,244,
0x71003d0e8c,U,352,
0x71003d1014,U,28,
0x71003d10c4,U,28,
0x71003d1130,U,160,
0x71003d11d4,U,244,
0x71003d1764,U,388,
0x71003d18e8,U,696,
0x71003d1ba4,U,244,
0x71003d2468,U,352,
0x71003d2688,U,28,
0x71003d26a4,U,28,
0x71003d26f4,U,28,
0x71003d2788,U,28,
0x71003d27f0,U,232,
0x71003d28dc,U,244,
0x71003d29d4,U,388,
0x71003d2b84,U,28,
0x71003d2bb0,U,28,
0x71003d2c30,U,160,
0x71003d2cd4,U,244,
0x71003d2dcc,U,376,
0x71003d2f44,U,908,
0x71003d32d0,U,384,
0x71003d35fc,U,384,
0x71003d377c,U,92,
0x71003d37d8,U,148,
0x71003d38f8,U,96,
0x71003d3cf8,U,248,
0x71003d3f20,U,572,
0x71003d415c,U,420,
0x71003d4300,U,1380,
0x71003d4864,U,396,
0x71003d49f0,U,2656,
0x71003d5450,U,908,
0x71003d57dc,U,284,
0x71003d58f8,U,284,
0x71003d5a14,U,152,
0x71003d5aac,U,464,
0x71003d5c7c,U,712,
0x71003d5f44,U,1028,
0x71003d6348,U,940,
0x71003d66f4,U,416,
0x71003d6894,U,284,
0x71003d69b0,U,212,
0x71003d6a84,U,348,
0x71003d6be0,U,832,
0x71003d6f20,U,320,
0x71003d7060,U,248,
0x71003d7158,U,248,
0x71003d7250,U,248,
0x71003d7348,U,1776,
0x71003d7a38,U,320,
0x71003d7b78,U,248,
0x71003d7c70,U,1168,
0x71003d8100,U,332,
0x71003d824c,U,120,
0x71003d8418,U,20,
0x71003d842c,U,28,
0x71003d848c,U,28,
0x71003d8570,U,532,
0x71003d886c,U,160,
0x71003d8d48,U,244,
0x71003d98a0,U,352,
0x71003d9a00,U,48,
0x71003d9a30,U,4,
0x71003d9a58,U,28,
0x71003d9a88,U,28,
0x71003d9ae0,U,160,
0x71003d9b84,U,244,
0x71003d9c7c,U,388,
0x71003d9e00,U,800,
0x71003da134,U,28,
0x71003da184,U,28,
0x71003da200,U,160,
0x71003da2e0,U,244,
0x71003da3d8,U,356,
0x71003da53c,U,156,
0x71003da5d8,U,164,
0x71003da67c,U,172,
0x71003da7a4,U,716,
0x71003daa70,U,232,
0x71003dab58,U,120,
0x71003daf00,U,556,
0x71003db12c,U,20,
0x71003db140,U,72,
0x71003db188,U,196,
0x71003db2c4,U,264,
0x71003db3cc,U,264,
0x71003db580,U,28,
0x71003db630,U,28,
0x71003db8dc,U,244,
0x71003dbbc0,U,352,
0x71003dbd98,U,4,
0x71003dbde4,U,28,
0x71003dbe10,U,28,
0x71003dbe80,U,160,
0x71003dbf20,U,56,
0x71003dbf58,U,4,
0x71003dbf80,U,140,
0x71003dc010,U,244,
0x71003dc6e8,U,376,
0x71003dc860,U,60,
0x71003dc89c,U,1152,
0x71003dcd1c,U,500,
0x71003dcf14,U,368,
0x71003dd084,U,224,
0x71003dd164,U,28,
0x71003dd200,U,28,
0x71003dd21c,U,128,
0x71003dd2b8,U,128,
0x71003dd340,U,160,
0x71003dd3e4,U,244,
0x71003dd5f8,U,356,
0x71003dd784,U,120,
0x71003dd8b0,U,428,
0x71003ddc44,U,220,
0x71003ddd20,U,220,
0x71003ddeec,U,1440,
0x71003de48c,U,360,
0x71003de5f4,U,448,
0x71003de7b4,U,144,
0x71003de8b8,U,1164,
0x71003df190,U,28,
0x71003df240,U,28,
0x71003df25c,U,104,
0x71003df2d0,U,432,
0x71003df480,U,564,
0x71003df6c0,U,200,
0x71003df78c,U,244,
0x71003dff6c,U,352,
0x71003e00fc,U,28,
0x71003e0134,U,28,
0x71003e01b0,U,160,
0x71003e045c,U,384,
0x71003e05e0,U,244,
0x71003e06d8,U,388,
0x71003e085c,U,76,
0x71003e08a8,U,96,
0x71003e0908,U,316,
0x71003e0d50,U,288,
0x71003e0fb4,U,384,
0x71003e1134,U,336,
0x71003e1284,U,28,
0x71003e1458,U,28,
0x71003e16b4,U,360,
0x71003e181c,U,24,
0x71003e1af4,U,244,
0x71003e1bec,U,352,
0x71003e1d50,U,244,
0x71003e243c,U,388,
0x71003e25c0,U,696,
0x71003e2878,U,48,
0x71003e28a8,U,4,
0x71003e2994,U,28,
0x71003e29c0,U,28,
0x71003e2a14,U,28,
0x71003e2a7c,U,28,
0x71003e2b00,U,232,
0x71003e2bec,U,244,
0x71003e2ce4,U,388,
0x71003e2f0c,U,1212,
0x71003e33d0,U,28,
0x71003e3514,U,28,
0x71003e3600,U,400,
0x71003e3794,U,244,
0x71003e388c,U,388,
0x71003e3ab4,U,720,
0x71003e3d8c,U,28,
0x71003e3ed0,U,28,
0x71003e3fa0,U,200,
0x71003e406c,U,244,
0x71003e4164,U,388,
0x71003e438c,U,720,
0x71003e4664,U,28,
0x71003e47a8,U,28,
0x71003e4880,U,200,
0x71003e494c,U,244,
0x71003e4c18,U,388,
0x71003e4dc4,U,260,
0x71003e4ec8,U,124,
0x71003e4f44,U,768,
0x71003e524c,U,28,
0x71003e529c,U,28,
0x71003e5320,U,160,
0x71003e53c4,U,244,
0x71003e5830,U,356,
0x71003e5994,U,60,
0x71003e59d0,U,4,
0x71003e59f8,U,120,
0x71003e5a70,U,784,
0x71003e5d80,U,288,
0x71003e5ea0,U,84,
0x71003e5ef4,U,4,
0x71003e5ef8,U,420,
0x71003e60a0,U,12,
0x71003e60ac,U,52,
0x71003e60e0,U,4,
0x71003e60e4,U,1100,
0x71003e6530,U,1204,
0x71003e69e4,U,544,
0x71003e6c04,U,124,
0x71003e6c80,U,76,
0x71003e6ec8,U,28,
0x71003e6fa4,U,28,
0x71003e7010,U,200,
0x71003e70dc,U,244,
0x71003e731c,U,356,
0x71003e7480,U,180,
0x71003e7534,U,188,
0x71003e7624,U,712,
0x71003e78ec,U,172,
0x71003e79c8,U,556,
0x71003e82f0,U,184,
0x71003e84bc,U,508,
0x71003e86b8,U,28,
0x71003e8768,U,28,
0x71003e8784,U,132,
0x71003e8820,U,360,
0x71003e898c,U,244,
0x71003e8c50,U,352,
0x71003e8db0,U,76,
0x71003e8dfc,U,44,
0x71003e8e28,U,292,
0x71003e8f4c,U,76,
0x71003e8f98,U,28,
0x71003e8fe8,U,28,
0x71003e9004,U,92,
0x71003e9070,U,240,
0x71003e9164,U,244,
0x71003e92ec,U,352,
0x71003e9450,U,244,
0x71003e97cc,U,388,
0x71003e9950,U,696,
0x71003e9c24,U,28,
0x71003e9cb8,U,28,
0x71003e9d08,U,28,
0x71003e9d84,U,28,
0x71003e9e10,U,232,
0x71003e9efc,U,244,
0x71003e9ff4,U,388,
0x71003ea178,U,524,
0x71003ea384,U,384,
0x71003ea504,U,84,
0x71003ea558,U,96,
0x71003ea5b8,U,56,
0x71003ea5fc,U,220,
0x71003ea6d8,U,500,
0x71003eaaf0,U,136,
0x71003eab78,U,512,
0x71003ead78,U,180,
0x71003eae2c,U,28,
0x71003eaf8c,U,28,
0x71003eb1f0,U,360,
0x71003eb3cc,U,24,
0x71003eb5d4,U,656,
0x71003eb864,U,388,
0x71003eb9e8,U,220,
0x71003ebac4,U,220,
0x71003ebf24,U,388,
0x71003ec0a8,U,220,
0x71003ec508,U,388,
0x71003ec68c,U,220,
0x71003ec768,U,500,
0x71003ec95c,U,424,
0x71003ecb04,U,388,
0x71003ecc88,U,364,
0x71003ecdf4,U,96,
0x71003ece8c,U,20,
0x71003eceec,U,364,
0x71003ed058,U,96,
0x71003ed0f0,U,20,
0x71003ed150,U,364,
0x71003ed2bc,U,60,
0x71003ed354,U,20,
0x71003ed490,U,364,
0x71003ed5fc,U,60,
0x71003ed694,U,20,
0x71003eda40,U,80,
0x71003edb74,U,80,
0x71003edea4,U,492,
0x71003ee090,U,484,
0x71003ee274,U,544,
0x71003ee494,U,544,
0x71003ee6b4,U,440,
0x71003ee890,U,168,
0x71003ee938,U,180,
0x71003eea0c,U,212,
0x71003eeae0,U,80,
0x71003eeb8c,U,136,
0x71003eec14,U,148,
0x71003ef1a4,U,244,
0x71003ef6a8,U,352,
0x71003ef808,U,68,
0x71003ef84c,U,4,
0x71003ef874,U,28,
0x71003ef8a4,U,28,
0x71003ef910,U,160,
0x71003ef9b4,U,244,
0x71003f094c,U,352,
0x71003f0aac,U,256,
0x71003f0bac,U,156,
0x71003f0c48,U,164,
0x71003f0cec,U,28,
0x71003f0d1c,U,28,
0x71003f0d50,U,160,
0x71003f0df4,U,244,
0x71003f0eec,U,388,
0x71003f1070,U,524,
0x71003f127c,U,384,
0x71003f13fc,U,200,
0x71003f14c4,U,116,
0x71003f1594,U,868,
0x71003f18f8,U,520,
0x71003f1b00,U,168,
0x71003f1ba8,U,492,
0x71003f1d94,U,656,
0x71003f2024,U,1232,
0x71003f24f4,U,408,
0x71003f28c8,U,452,
0x71003f2a8c,U,2308,
0x71003f3390,U,896,
0x71003f3778,U,384,
0x71003f398c,U,28,
0x71003f39a8,U,284,
0x71003f3b14,U,28,
0x71003f3e04,U,904,
0x71003f4200,U,24,
0x71003f4454,U,244,
0x71003f454c,U,356,
0x71003f46b0,U,296,
0x71003f47fc,U,208,
0x71003f49a8,U,536,
0x71003f4bc0,U,152,
0x71003f4c88,U,76,
0x71003f4d28,U,484,
0x71003f4f0c,U,48,
0x71003f4f3c,U,404,
0x71003f50d0,U,672,
0x71003f5370,U,28,
0x71003f5420,U,28,
0x71003f543c,U,268,
0x71003f5560,U,160,
0x71003f5604,U,244,
0x71003f5ddc,U,352,
0x71003f5f3c,U,396,
0x71003f60c8,U,444,
0x71003f62a8,U,176,
0x71003f6358,U,8,
0x71003f6360,U,28,
0x71003f638c,U,28,
0x71003f63e0,U,160,
0x71003f6484,U,244,
0x71003f657c,U,356,
0x71003f6c74,U,136,
0x71003f6cfc,U,148,
0x71003f6d90,U,616,
0x71003f7034,U,1108,
0x71003f7488,U,676,
0x71003f772c,U,44,
0x71003f7e80,U,288,
0x71003f7fa0,U,220,
0x71003f807c,U,120,
0x71003f80f4,U,236,
0x71003f81e0,U,48,
0x71003f8210,U,276,
0x71003f832c,U,292,
0x71003f8450,U,120,
0x71003f84c8,U,28,
0x71003f8578,U,28,
0x71003f8594,U,88,
0x71003f8600,U,160,
0x71003f86a4,U,244,
0x71003f8868,U,352,
0x71003f8a00,U,28,
0x71003f8a2c,U,28,
0x71003f8a90,U,160,
0x71003f8b30,U,80,
0x71003f8b80,U,364,
0x71003f92ac,U,220,
0x71003f9388,U,2000,
0x71003f9b58,U,436,
0x71003f9d0c,U,476,
0x71003f9fe0,U,920,
0x71003fa378,U,4,
0x71003fa37c,U,928,
0x71003fa71c,U,736,
0x71003fa9fc,U,280,
0x71003fac58,U,84,
0x71003facac,U,328,
0x71003fadf4,U,276,
0x71003faf10,U,140,
0x71003fafa0,U,244,
0x71003fb098,U,356,
0x71003fb1fc,U,812,
0x71003fb528,U,384,
0x71003fb6a8,U,920,
0x71003fbaac,U,740,
0x71003fbd90,U,124,
0x71003fbe0c,U,208,
0x71003fbedc,U,132,
0x71003fc0a8,U,316,
0x71003fc1e4,U,304,
0x71003fc314,U,292,
0x71003fc8f4,U,1228,
0x71003fcdc0,U,460,
0x71003fcf8c,U,292,
0x71003fd320,U,512,
0x71003fd76c,U,364,
0x71003fd8d8,U,292,
0x71003fd9fc,U,496,
0x71003fdbec,U,1292,
0x71003fe0f8,U,220,
0x71003fe1d8,U,28,
0x71003fe2a0,U,28,
0x71003fe2bc,U,580,
0x71003fe618,U,164,
0x71003fe80c,U,24,
0x71003fe824,U,264,
0x71003feb44,U,244,
0x71003fec3c,U,352,
0x71003feda0,U,244,
0x71003ff1b4,U,388,
0x71003ff338,U,696,
0x71003ff624,U,28,
0x71003ff644,U,28,
0x71003ff694,U,28,
0x71003ff700,U,28,
0x71003ff790,U,232,
0x71003ff87c,U,244,
0x71003ff974,U,352,
0x71003ffafc,U,112,
0x71003ffd84,U,232,
0x71003ffe6c,U,1256,
0x7100400364,U,612,
0x71004005c8,U,8,
0x71004005d0,U,584,
0x7100400a20,U,28,
0x7100400bf0,U,28,
0x7100400c60,U,160,
0x7100400d04,U,244,
0x7100400dfc,U,388,
0x7100400f90,U,28,
0x7100401014,U,28,
0x7100401060,U,160,
0x7100401104,U,244,
0x71004012fc,U,388,
0x7100401520,U,28,
0x7100401570,U,28,
0x71004015f0,U,160,
0x7100401694,U,244,
0x710040188c,U,388,
0x7100401aa8,U,28,
0x7100401af8,U,28,
0x7100401b80,U,160,
0x7100401c24,U,244,
0x7100401e1c,U,388,
0x7100402040,U,28,
0x7100402090,U,28,
0x7100402110,U,160,
0x71004021b4,U,244,
0x710040258c,U,388,
0x7100402910,U,28,
0x7100402960,U,28,
0x71004029f0,U,160,
0x7100402a94,U,244,
0x7100402d5c,U,388,
0x7100402f7c,U,28,
0x7100402fcc,U,28,
0x7100403050,U,160,
0x71004030f4,U,244,
0x71004034d0,U,356,
0x7100403634,U,616,
0x710040389c,U,224,
0x71004039a0,U,120,
0x7100403c5c,U,1068,
0x71004040bc,U,808,
0x71004043e4,U,980,
0x71004056fc,U,220,
0x71004057d8,U,124,
0x7100405854,U,844,
0x7100405ba0,U,220,
0x7100405c7c,U,220,
0x7100405d58,U,808,
0x7100406080,U,640,
0x7100406300,U,628,
0x7100406574,U,76,
0x71004065f4,U,432,
0x71004067a4,U,220,
0x7100406d54,U,220,
0x7100406e30,U,28,
0x7100406ee8,U,224,
0x7100407018,U,236,
0x7100407170,U,220,
0x710040724c,U,360,
0x71004073b4,U,88,
0x710040740c,U,288,
0x710040755c,U,20,
0x7100407578,U,92,
0x71004075d4,U,92,
0x71004076c8,U,28,
0x71004076e4,U,316,
0x7100407830,U,800,
0x7100407b54,U,244,
0x7100407df8,U,388,
0x7100407f7c,U,696,
0x7100408238,U,244,
0x7100408504,U,352,
0x7100408664,U,124,
0x71004086e0,U,132,
0x7100408824,U,120,
0x710040889c,U,28,
0x71004088b8,U,28,
0x7100408908,U,28,
0x7100408998,U,28,
0x7100408a40,U,232,
0x7100408b2c,U,244,
0x7100411000,U,352,
0x7100411160,U,380,
0x71004112dc,U,380,
0x7100411458,U,380,
0x71004115d4,U,380,
0x7100411750,U,380,
0x71004118cc,U,372,
0x7100411a40,U,380,
0x7100411bbc,U,380,
0x7100411d38,U,380,
0x7100411eb4,U,380,
0x7100412030,U,380,
0x71004121ac,U,380,
0x7100412328,U,380,
0x71004124a4,U,380,
0x7100412620,U,380,
0x710041279c,U,380,
0x7100412918,U,380,
0x7100412a94,U,380,
0x7100412c10,U,380,
0x7100412d8c,U,380,
0x7100412f08,U,380,
0x7100413084,U,1692,
0x7100413720,U,1972,
0x7100413ef8,U,216,
0x7100413fd0,U,8,
0x7100413fd8,U,8,
0x7100413fe0,U,8,
0x7100413fe8,U,32,
0x7100414010,U,96,
0x7100414070,U,240,
0x7100414160,U,8,
0x7100414168,U,8,
0x7100414170,U,256,
0x71004145a8,U,268,
0x71004146b4,U,268,
0x71004147c0,U,268,
0x71004148cc,U,268,
0x71004149d8,U,396,
0x7100414b64,U,104,
0x7100414bcc,U,28,
0x7100414bec,U,1124,
0x7100415050,U,316,
0x710041518c,U,240,
0x710041527c,U,240,
0x710041536c,U,240,
0x710041545c,U,920,
0x71004157f4,U,476,
0x71004159d0,U,276,
0x7100415af4,U,28,
0x7100415e18,U,72,
0x7100416174,U,68,
0x710041621c,U,68,
0x71004162c4,U,68,
0x710041636c,U,68,
0x7100416414,U,68,
0x7100416674,U,68,
0x71004166b8,U,264,
0x71004167c0,U,68,
0x7100416804,U,264,
0x7100416910,U,160,
0x71004169b4,U,244,
0x7100416c58,U,352,
0x7100416db8,U,200,
0x7100416e80,U,316,
0x7100416fe0,U,136,
0x7100417068,U,92,
0x71004170c4,U,28,
0x71004170f0,U,28,
0x7100417150,U,160,
0x71004171f4,U,244,
0x7100417d90,U,388,
0x7100417f14,U,696,
0x71004181d0,U,244,
0x71004182c8,U,388,
0x7100418474,U,28,
0x7100418490,U,28,
0x71004184e0,U,28,
0x7100418580,U,28,
0x7100418600,U,232,
0x71004186ec,U,244,
0x71004198cc,U,352,
0x7100419a2c,U,380,
0x7100419ba8,U,380,
0x7100419d24,U,380,
0x7100419ea0,U,380,
0x710041a01c,U,380,
0x710041a198,U,152,
0x710041a230,U,124,
0x710041a2ac,U,132,
0x710041a370,U,120,
0x710041a3e8,U,28,
0x710041a414,U,28,
0x710041a7b0,U,160,
0x710041a854,U,244,
0x710041aa14,U,352,
0x710041aba8,U,28,
0x710041abd4,U,28,
0x710041ac40,U,160,
0x710041ace4,U,244,
0x710041afb8,U,352,
0x710041b118,U,104,
0x710041b180,U,56,
0x710041b1b8,U,200,
0x710041b440,U,28,
0x710041b46c,U,28,
0x710041b510,U,160,
0x710041b5b4,U,244,
0x710041b6ac,U,352,
0x710041b80c,U,48,
0x710041b83c,U,4,
0x710041b864,U,28,
0x710041b894,U,28,
0x710041b8f0,U,160,
0x710041b994,U,244,
0x710041ba8c,U,352,
0x710041bbf0,U,244,
0x710041c004,U,388,
0x710041c188,U,696,
0x710041c440,U,48,
0x710041c470,U,4,
0x710041c56c,U,28,
0x710041c588,U,28,
0x710041c5dc,U,28,
0x710041c644,U,28,
0x710041c6d0,U,232,
0x710041c7bc,U,244,
0x710041ca28,U,352,
0x710041cb88,U,52,
0x710041cbbc,U,4,
0x710041cce8,U,28,
0x710041cd18,U,28,
0x710041cd80,U,160,
0x710041ce24,U,244,
0x710041cf1c,U,352,
0x710041d07c,U,48,
0x710041d0ac,U,4,
0x710041d0d4,U,28,
0x710041d104,U,28,
0x710041d160,U,160,
0x710041d204,U,244,
0x710041d2fc,U,352,
0x710041d460,U,244,
0x710041ded4,U,388,
0x710041e058,U,696,
0x710041e310,U,48,
0x710041e340,U,4,
0x710041e368,U,28,
0x710041e384,U,28,
0x710041e3d8,U,28,
0x710041e440,U,28,
0x710041e4d0,U,232,
0x710041e5bc,U,244,
0x710041e830,U,352,
0x710041e990,U,60,
0x710041e9cc,U,4,
0x710041e9f4,U,28,
0x710041ea24,U,28,
0x710041ea90,U,160,
0x710041eb34,U,244,
0x710041ee4c,U,352,
0x710041efac,U,68,
0x710041eff0,U,4,
0x710041f018,U,28,
0x710041f048,U,28,
0x710041f0c0,U,160,
0x710041f164,U,244,
0x710041f3d8,U,352,
0x710041f538,U,60,
0x710041f574,U,4,
0x710041f59c,U,28,
0x710041f5cc,U,28,
0x710041f630,U,160,
0x710041f6d4,U,244,
0x710041f9f0,U,352,
0x710041fb50,U,72,
0x710041fb98,U,4,
0x710041fbc0,U,28,
0x710041fbf0,U,28,
0x710041fc60,U,160,
0x710041fd04,U,244,
0x7100420168,U,352,
0x71004202c8,U,92,
0x7100420324,U,4,
0x710042034c,U,28,
0x710042037c,U,28,
0x7100420400,U,160,
0x71004204a4,U,244,
0x710042059c,U,352,
0x71004206fc,U,48,
0x710042072c,U,4,
0x7100420754,U,28,
0x7100420784,U,28,
0x71004207e0,U,160,
0x7100420884,U,244,
0x7100420e44,U,352,
0x7100420fa4,U,52,
0x7100420fd8,U,56,
0x7100421050,U,28,
0x7100421080,U,28,
0x71004210e0,U,160,
0x7100421184,U,244,
0x71004215e0,U,352,
0x7100421740,U,80,
0x7100421790,U,4,
0x71004217b8,U,28,
0x71004217e8,U,28,
0x7100421860,U,160,
0x7100421904,U,244,
0x7100421f24,U,352,
0x7100422084,U,380,
0x7100422200,U,140,
0x710042228c,U,124,
0x7100422308,U,132,
0x710042238c,U,28,
0x71004223bc,U,28,
0x7100422530,U,160,
0x71004225d4,U,244,
0x7100422798,U,352,
0x71004228f8,U,48,
0x7100422928,U,4,
0x71004229f4,U,28,
0x7100422a24,U,28,
0x7100422a80,U,160,
0x7100422b24,U,244,
0x7100422c1c,U,352,
0x7100422d7c,U,48,
0x7100422dac,U,4,
0x7100422dd4,U,28,
0x7100422e04,U,28,
0x7100422e60,U,160,
0x7100422f04,U,244,
0x7100422ffc,U,352,
0x710042315c,U,48,
0x710042318c,U,4,
0x71004231b4,U,28,
0x71004231e4,U,28,
0x7100423240,U,160,
0x71004232e4,U,244,
0x71004239cc,U,352,
0x7100423b2c,U,100,
0x7100423b90,U,4,
0x7100423bb8,U,28,
0x7100423be8,U,28,
0x7100423c80,U,160,
0x7100423d24,U,244,
0x7100423e1c,U,352,
0x7100423fa4,U,28,
0x7100423fd4,U,28,
0x7100424030,U,160,
0x71004240d4,U,244,
0x7100424530,U,352,
0x7100424690,U,68,
0x71004246d4,U,4,
0x71004246fc,U,28,
0x710042472c,U,28,
0x71004247a0,U,160,
0x7100424844,U,244,
0x710042493c,U,388,
0x7100424ac0,U,48,
0x7100424af0,U,96,
0x7100424b50,U,4,
0x7100424b54,U,4,
0x7100424b58,U,4,
0x7100424b5c,U,4,
0x7100424b60,U,28,
0x7100424bbc,U,28,
0x7100424d40,U,160,
0x7100424de4,U,244,
0x7100424edc,U,388,
0x7100425060,U,76,
0x71004250ac,U,96,
0x710042510c,U,256,
0x7100425268,U,604,
0x71004254c4,U,892,
0x7100425b98,U,624,
0x7100425e08,U,28,
0x7100425f50,U,28,
0x7100425fb8,U,264,
0x71004260c0,U,264,
0x7100426234,U,396,
0x71004263c4,U,24,
0x71004263e0,U,160,
0x7100426484,U,244,
0x710042657c,U,388,
0x7100426700,U,60,
0x710042673c,U,96,
0x710042679c,U,400,
0x710042692c,U,120,
0x71004269a4,U,432,
0x7100426b54,U,284,
0x7100426c70,U,4,
0x7100426c7c,U,360,
0x7100426de4,U,464,
0x7100426fb4,U,148,
0x7100427048,U,1336,
0x7100427580,U,80,
0x71004275d0,U,28,
0x7100427624,U,28,
0x7100427770,U,160,
0x7100427814,U,244,
0x710042790c,U,388,
0x7100427a90,U,52,
0x7100427ac4,U,96,
0x7100427eac,U,116,
0x7100427fb4,U,92,
0x7100428010,U,208,
0x71004280e0,U,248,
0x71004281d8,U,28,
0x710042822c,U,28,
0x71004283f0,U,200,
0x71004284bc,U,244,
0x71004285b4,U,388,
0x7100428738,U,100,
0x710042879c,U,96,
0x7100428af4,U,444,
0x7100428cb0,U,160,
0x7100428d50,U,1588,
0x7100429384,U,340,
0x71004294d8,U,1156,
0x710042995c,U,508,
0x7100429b58,U,440,
0x7100429d10,U,820,
0x710042a044,U,396,
0x710042a1d0,U,28,
0x710042a318,U,28,
0x710042a63c,U,416,
0x710042a7e0,U,24,
0x710042a800,U,200,
0x710042a8cc,U,244,
0x710042a9c4,U,388,
0x710042ab48,U,52,
0x710042ab7c,U,96,
0x710042abdc,U,64,
0x710042b2b4,U,28,
0x710042b3a4,U,28,
0x710042b3f4,U,200,
0x710042b4bc,U,200,
0x710042b5f0,U,356,
0x710042b760,U,200,
0x710042b82c,U,244,
0x710042b924,U,388,
0x710042baa8,U,48,
0x710042bad8,U,96,
0x710042bb38,U,4,
0x710042bb3c,U,4,
0x710042bb40,U,4,
0x710042bb44,U,4,
0x710042bc70,U,28,
0x710042bcc4,U,28,
0x710042be40,U,160,
0x710042bee4,U,244,
0x710042bfdc,U,388,
0x710042c160,U,48,
0x710042c190,U,96,
0x710042c3f8,U,28,
0x710042c44c,U,28,
0x710042c610,U,160,
0x710042c6b4,U,244,
0x710042c7ac,U,388,
0x710042c930,U,80,
0x710042c980,U,96,
0x710042c9e0,U,364,
0x710042cb4c,U,64,
0x710042cb8c,U,380,
0x710042ce00,U,400,
0x710042cf90,U,180,
0x710042d044,U,2120,
0x710042dbfc,U,316,
0x710042dd38,U,28,
0x710042de80,U,28,
0x710042deec,U,256,
0x710042dfec,U,256,
0x710042e158,U,388,
0x710042e2e0,U,240,
0x710042e3d4,U,244,
0x710042e4cc,U,352,
0x710042e62c,U,68,
0x710042e670,U,96,
0x710042e6d0,U,492,
0x710042e8bc,U,656,
0x710042eb58,U,848,
0x710042eea8,U,412,
0x710042f044,U,112,
0x710042f13c,U,1076,
0x710042f570,U,520,
0x710042f778,U,28,
0x710042f794,U,76,
0x710042f7e0,U,84,
0x710042f848,U,28,
0x710042f8b4,U,24,
0x710042f8d0,U,200,
0x710042fd24,U,384,
0x710042fea8,U,244,
0x710042ffa0,U,388,
0x7100430124,U,676,
0x71004303c8,U,1092,
0x7100430830,U,300,
0x7100430aa0,U,848,
0x7100431294,U,2648,
0x7100431cec,U,248,
0x7100431de4,U,956,
0x7100432918,U,384,
0x7100432a98,U,584,
0x7100432ce0,U,412,
0x7100432e7c,U,592,
0x71004330cc,U,260,
0x71004331d0,U,472,
0x7100433470,U,28,
0x710043348c,U,552,
0x71004337d0,U,164,
0x7100433980,U,28,
0x7100433c5c,U,1856,
0x710043439c,U,1632,
0x71004349fc,U,264,
0x7100434b04,U,24,
0x7100434b1c,U,24,
0x7100434e98,U,244,
0x7100434f90,U,388,
0x7100435114,U,76,
0x7100435160,U,96,
0x71004351c0,U,488,
0x7100435534,U,104,
0x710043559c,U,2060,
0x7100435da8,U,604,
0x7100436004,U,636,
0x7100436284,U,804,
0x71004367c0,U,500,
0x7100436b7c,U,260,
0x7100436df8,U,28,
0x7100436e4c,U,28,
0x7100437140,U,200,
0x710043720c,U,244,
0x7100437304,U,388,
0x7100437488,U,72,
0x71004374d0,U,96,
0x7100437530,U,244,
0x710043764c,U,1424,
0x7100437c44,U,396,
0x7100437dd0,U,484,
0x7100438058,U,28,
0x71004381a0,U,28,
0x7100438204,U,232,
0x71004382ec,U,232,
0x7100438440,U,364,
0x71004385ac,U,24,
0x71004385c4,U,184,
0x7100438680,U,160,
0x7100438724,U,244,
0x710043881c,U,388,
0x71004389a0,U,68,
0x71004389e4,U,96,
0x7100438b14,U,52,
0x7100438b48,U,192,
0x7100439d20,U,28,
0x7100439d74,U,28,
0x7100439fa0,U,280,
0x710043a0bc,U,244,
0x710043a1b4,U,388,
0x710043a338,U,52,
0x710043a36c,U,96,
0x710043a3cc,U,64,
0x710043abd8,U,220,
0x710043acb4,U,220,
0x710043ad90,U,28,
0x710043ae80,U,28,
0x710043b0f4,U,376,
0x710043b270,U,240,
0x710043b364,U,244,
0x710043b45c,U,388,
0x710043b5e0,U,80,
0x710043b630,U,96,
0x710043bdd4,U,688,
0x710043c634,U,648,
0x710043c8bc,U,28,
0x710043ca04,U,28,
0x710043ca70,U,232,
0x710043cb58,U,232,
0x710043ccac,U,364,
0x710043ce18,U,24,
0x710043ce30,U,200,
0x710043d464,U,384,
0x710043d5e8,U,244,
0x710043d6e0,U,388,
0x710043d868,U,244,
0x710043d95c,U,124,
0x710043d9d8,U,388,
0x710043db5c,U,696,
0x710043de14,U,976,
0x710043e1e4,U,1656,
0x710043f048,U,2436,
0x710043f9cc,U,824,
0x710043fd04,U,672,
0x71004402c4,U,340,
0x7100440418,U,556,
0x7100440644,U,300,
0x7100440770,U,412,
0x710044090c,U,300,
0x7100440a38,U,412,
0x7100440bd4,U,904,
0x7100440f5c,U,472,
0x7100441134,U,644,
0x710044163c,U,28,
0x7100441658,U,772,
0x7100441998,U,28,
0x7100441ab8,U,164,
0x7100441c68,U,28,
0x7100441cfc,U,2692,
0x7100442780,U,2092,
0x7100442fbc,U,28,
0x710044303c,U,264,
0x7100443144,U,24,
0x710044315c,U,24,
0x7100443840,U,244,
0x7100443938,U,388,
0x7100443abc,U,104,
0x7100443b24,U,96,
0x7100443b84,U,148,
0x7100443d5c,U,336,
0x7100443eac,U,1632,
0x710044450c,U,456,
0x7100445760,U,28,
0x7100445838,U,28,
0x7100445ba0,U,280,
0x7100445cb8,U,280,
0x7100445dd0,U,288,
0x7100445ef4,U,244,
0x7100445fec,U,388,
0x71004461e0,U,28,
0x7100446234,U,28,
0x71004463b0,U,160,
0x7100446454,U,244,
0x710044654c,U,388,
0x71004466d0,U,116,
0x7100446744,U,96,
0x71004469b4,U,2348,
0x7100448430,U,1132,
0x710044889c,U,28,
0x7100448a2c,U,28,
0x7100448cf8,U,560,
0x7100448f40,U,288,
0x7100449064,U,244,
0x7100449424,U,388,
0x71004495a8,U,256,
0x7100449868,U,220,
0x7100449944,U,664,
0x7100449bdc,U,620,
0x7100449e48,U,456,
0x710044a010,U,1240,
0x710044a540,U,592,
0x710044a790,U,856,
0x710044aae8,U,820,
0x710044ae1c,U,580,
0x710044b264,U,588,
0x710044b4b0,U,28,
0x710044b4cc,U,212,
0x710044b5d4,U,28,
0x710044b640,U,24,
0x710044b660,U,204,
0x710044b730,U,244,
0x710044b828,U,388,
0x710044bbd8,U,28,
0x710044bc04,U,28,
0x710044bc80,U,160,
0x710044bd24,U,244,
0x710044cc80,U,388,
0x710044ce04,U,696,
0x710044d0c0,U,244,
0x710044dee8,U,352,
0x710044e048,U,284,
0x710044e164,U,220,
0x710044e32c,U,120,
0x710044e3ac,U,100,
0x710044e410,U,28,
0x710044e42c,U,28,
0x710044e47c,U,28,
0x710044e514,U,28,
0x710044e570,U,404,
0x710044e708,U,244,
0x710044ec84,U,356,
0x710044ede8,U,1096,
0x710044f230,U,2532,
0x710044fc38,U,788,
0x710044fff8,U,140,
0x7100450084,U,524,
0x7100450290,U,428,
0x710045043c,U,1300,
0x7100450950,U,724,
0x7100451000,U,2428,
0x71004519b8,U,1712,
0x7100452108,U,352,
0x7100452268,U,928,
0x710045270c,U,2544,
0x7100453d84,U,72,
0x7100453dcc,U,16,
0x7100453eec,U,740,
0x71004541d0,U,940,
0x710045457c,U,312,
0x71004546b4,U,44,
0x71004546e0,U,428,
0x710045488c,U,384,
0x7100454a0c,U,388,
0x71004550f0,U,272,
0x7100455200,U,728,
0x71004554d8,U,124,
0x7100455f7c,U,1148,
0x71004563f8,U,448,
0x71004565f0,U,92,
0x710045664c,U,28,
0x710045670c,U,28,
0x7100456760,U,24,
0x7100456778,U,76,
0x71004567c4,U,24,
0x71004567dc,U,400,
0x7100456980,U,320,
0x7100456ac0,U,188,
0x7100456b7c,U,1448,
0x7100457124,U,336,
0x7100457274,U,796,
0x71004578f0,U,244,
0x71004579e8,U,388,
0x7100457b7c,U,28,
0x7100457c00,U,28,
0x7100457c40,U,160,
0x7100457ce4,U,244,
0x7100457ddc,U,388,
0x7100457f70,U,28,
0x7100457ff4,U,28,
0x7100458040,U,160,
0x71004580e4,U,244,
0x71004585d8,U,388,
0x710045876c,U,28,
0x7100458814,U,28,
0x7100458860,U,160,
0x7100458904,U,244,
0x7100458f60,U,388,
0x71004590e4,U,380,
0x7100459270,U,28,
0x7100459330,U,28,
0x7100459440,U,160,
0x71004594e4,U,244,
0x71004595dc,U,352,
0x7100459764,U,112,
0x7100459948,U,28,
0x71004599f8,U,28,
0x7100459b48,U,244,
0x7100459c40,U,352,
0x7100459dc8,U,112,
0x7100459f94,U,24,
0x7100459fb4,U,840,
0x710045a2fc,U,1112,
0x710045a8b4,U,168,
0x710045a95c,U,220,
0x710045aa40,U,28,
0x710045aaf0,U,28,
0x710045acf8,U,244,
0x710045adf0,U,352,
0x710045af50,U,140,
0x710045b078,U,388,
0x710045b1fc,U,28,
0x710045b2dc,U,28,
0x710045b360,U,160,
0x710045b404,U,244,
0x710045b4fc,U,352,
0x710045b684,U,112,
0x710045b718,U,100,
0x710045b8e0,U,392,
0x710045ba68,U,556,
0x710045bc94,U,24,
0x710045bd10,U,300,
0x710045be3c,U,828,
0x710045c5e8,U,756,
0x710045c930,U,156,
0x710045c9d4,U,28,
0x710045ca84,U,28,
0x710045cd20,U,240,
0x710045d034,U,388,
0x710045d1c0,U,220,
0x710045d29c,U,220,
0x710045d378,U,220,
0x710045d454,U,220,
0x710045d8b4,U,388,
0x710045da38,U,220,
0x710045de98,U,388,
0x710045e01c,U,220,
0x710045e0f8,U,480,
0x710045e2dc,U,244,
0x710045e6ec,U,388,
0x710045e870,U,696,
0x710045eb2c,U,244,
0x710045ecb4,U,352,
0x710045ee14,U,96,
0x710045ee74,U,164,
0x710045ef18,U,172,
0x710045f04c,U,236,
0x710045f138,U,28,
0x710045f154,U,28,
0x710045f180,U,368,
0x710045f2f0,U,104,
0x710045f390,U,20,
0x710045f3f0,U,352,
0x710045f550,U,104,
0x710045f5fc,U,20,
0x710045f690,U,360,
0x710045f7f8,U,88,
0x710045f888,U,20,
0x710045f8e8,U,360,
0x710045fa50,U,88,
0x710045fae0,U,20,
0x710045fb40,U,364,
0x710045fcac,U,60,
0x710045fcec,U,112,
0x710045fd78,U,20,
0x710045fe38,U,176,
0x710045fee8,U,176,
0x710045ff98,U,364,
0x7100460104,U,60,
0x7100460144,U,112,
0x71004601d0,U,20,
0x7100460290,U,176,
0x7100460340,U,176,
0x71004603fc,U,28,
0x7100460450,U,28,
0x7100460754,U,80,
0x71004607a4,U,84,
0x7100460908,U,80,
0x7100460958,U,84,
0x71004609b4,U,100,
0x7100460c50,U,144,
0x7100460d98,U,612,
0x7100460ffc,U,564,
0x7100461250,U,260,
0x7100461354,U,268,
0x7100461470,U,28,
0x7100461508,U,28,
0x7100461944,U,244,
0x7100461a3c,U,352,
0x7100461ba0,U,244,
0x7100461fb4,U,388,
0x7100462138,U,696,
0x71004623f0,U,52,
0x7100462424,U,4,
0x710046244c,U,28,
0x7100462488,U,28,
0x71004624dc,U,28,
0x7100462548,U,28,
0x71004625d0,U,232,
0x71004626bc,U,244,
0x71004627b4,U,352,
0x7100462918,U,244,
0x7100462e70,U,388,
0x7100462ff4,U,696,
0x71004632ac,U,52,
0x71004632e0,U,4,
0x7100463308,U,28,
0x7100463344,U,28,
0x7100463398,U,28,
0x7100463404,U,28,
0x7100463490,U,232,
0x710046357c,U,244,
0x710046384c,U,388,
0x71004639d0,U,696,
0x7100463c8c,U,244,
0x71004640ec,U,352,
0x710046424c,U,52,
0x7100464280,U,4,
0x71004642a8,U,28,
0x71004642e4,U,28,
0x7100464334,U,28,
0x71004643c8,U,28,
0x7100464430,U,232,
0x7100464704,U,244,
0x71004647fc,U,388,
0x7100464980,U,112,
0x71004649f0,U,96,
0x7100464a50,U,408,
0x7100464be8,U,904,
0x7100464f70,U,84,
0x710046514c,U,512,
0x710046534c,U,504,
0x7100465598,U,1628,
0x7100465bf4,U,420,
0x7100465d98,U,3204,
0x7100466a1c,U,356,
0x7100466b80,U,248,
0x7100466c78,U,220,
0x7100466d54,U,644,
0x7100466fd8,U,720,
0x71004672a8,U,560,
0x71004674d8,U,684,
0x7100467784,U,28,
0x7100467874,U,28,
0x7100467b2c,U,408,
0x7100467cc4,U,300,
0x7100467ef0,U,160,
0x7100467f94,U,244,
0x710046808c,U,388,
0x7100468210,U,56,
0x7100468248,U,96,
0x71004684d0,U,360,
0x71004691f8,U,28,
0x710046924c,U,28,
0x7100469410,U,244,
0x7100469508,U,388,
0x710046968c,U,48,
0x71004696bc,U,96,
0x7100469b64,U,28,
0x7100469bb8,U,28,
0x7100469cd0,U,280,
0x7100469e70,U,160,
0x7100469f14,U,244,
0x710046a00c,U,388,
0x710046a190,U,56,
0x710046a1c8,U,96,
0x710046a228,U,364,
0x710046a4bc,U,84,
0x710046aa10,U,344,
0x710046ae34,U,28,
0x710046ae88,U,28,
0x710046b04c,U,244,
0x710046b144,U,388,
0x710046b2f0,U,140,
0x710046b37c,U,1072,
0x710046b7b4,U,28,
0x710046b804,U,28,
0x710046b880,U,160,
0x710046b924,U,244,
0x710046ba1c,U,388,
0x710046bba0,U,288,
0x710046bcc0,U,140,
0x710046bd5c,U,28,
0x710046bdac,U,28,
0x710046be20,U,160,
0x710046bec4,U,244,
0x710046bfbc,U,388,
0x710046c1e0,U,28,
0x710046c20c,U,28,
0x710046c280,U,160,
0x710046c324,U,244,
0x710046c41c,U,388,
0x710046c640,U,28,
0x710046c66c,U,28,
0x710046c6e0,U,160,
0x710046c784,U,244,
0x710046c87c,U,388,
0x710046ca28,U,100,
0x710046ca8c,U,28,
0x710046cab8,U,28,
0x710046cb30,U,160,
0x710046cbd4,U,244,
0x710046d5a0,U,388,
0x710046d724,U,696,
0x710046d9e0,U,244,
0x710046dfd0,U,352,
0x710046e130,U,296,
0x710046e258,U,136,
0x710046e2e0,U,552,
0x710046e52c,U,156,
0x710046e5c8,U,156,
0x710046e664,U,112,
0x710046e6d4,U,120,
0x710046e760,U,28,
0x710046e784,U,28,
0x710046e7fc,U,28,
0x710046e898,U,28,
0x710046e8f0,U,312,
0x710046ea2c,U,244,
0x710046ed80,U,356,
0x710046eee4,U,24,
0x710046eefc,U,472,
0x710046f0d4,U,716,
0x710046f3c4,U,60,
0x710046f400,U,372,
0x710046f574,U,260,
0x710046f6a0,U,1256,
0x710046fb88,U,496,
0x71004708e8,U,964,
0x7100471278,U,68,
0x71004712bc,U,564,
0x7100471554,U,396,
0x71004718fc,U,36,
0x7100471920,U,632,
0x7100471bc4,U,240,
0x7100471cb4,U,148,
0x7100471d48,U,748,
0x71004720d8,U,3788,
0x7100472fa4,U,48,
0x7100472fd4,U,264,
0x7100473378,U,216,
0x7100473450,U,492,
0x71004738b8,U,44,
0x71004738e4,U,276,
0x71004739f8,U,16,
0x7100473a08,U,280,
0x7100473b20,U,4,
0x7100473b24,U,900,
0x7100473ea8,U,308,
0x7100474048,U,932,
0x71004743f0,U,108,
0x710047445c,U,72,
0x71004744a4,U,260,
0x71004745a8,U,440,
0x7100474760,U,492,
0x710047494c,U,404,
0x7100474ae0,U,64,
0x7100474b20,U,312,
0x7100474d30,U,16,
0x7100474d40,U,224,
0x7100474e20,U,28,
0x7100474ed0,U,28,
0x7100474f80,U,160,
0x7100475020,U,472,
0x71004751f8,U,76,
0x7100475244,U,300,
0x7100475394,U,160,
0x7100475434,U,252,
0x7100475530,U,52,
0x7100475564,U,160,
0x7100475604,U,1192,
0x7100475aac,U,104,
0x7100475b20,U,140,
0x7100475bb0,U,244,
0x7100475ca8,U,388,
0x7100475eec,U,28,
0x7100475f1c,U,28,
0x7100475f38,U,176,
0x71004760dc,U,244,
0x71004761d0,U,244,
0x71004762d0,U,160,
0x7100476374,U,244,
0x710047646c,U,388,
0x7100476970,U,28,
0x71004769a0,U,28,
0x71004769bc,U,176,
0x7100476c60,U,160,
0x7100476d04,U,244,
0x7100476dfc,U,388,
0x71004770cc,U,28,
0x71004770fc,U,28,
0x7100477118,U,176,
0x71004773c0,U,160,
0x7100477464,U,244,
0x710047755c,U,388,
0x7100477810,U,28,
0x7100477840,U,28,
0x710047785c,U,176,
0x7100477b00,U,160,
0x7100477ba4,U,244,
0x7100477c9c,U,388,
0x7100477f0c,U,28,
0x7100477f3c,U,28,
0x7100477f58,U,176,
0x7100478200,U,160,
0x71004782a4,U,244,
0x710047839c,U,388,
0x7100478610,U,28,
0x7100478640,U,28,
0x710047865c,U,176,
0x7100478940,U,160,
0x71004789e4,U,244,
0x7100478bac,U,388,
0x7100478d40,U,28,
0x7100478dc4,U,28,
0x7100478e10,U,160,
0x7100478eb4,U,244,
0x7100478fac,U,352,
0x7100479134,U,112,
0x7100479420,U,24,
0x7100479b74,U,28,
0x7100479c24,U,28,
0x7100479e6c,U,244,
0x7100479f64,U,352,
0x710047a0ec,U,28,
0x710047a120,U,28,
0x710047a180,U,160,
0x710047a224,U,244,
0x710047a31c,U,356,
0x710047a4a8,U,120,
0x710047a520,U,28,
0x710047a5d8,U,28,
0x710047a640,U,160,
0x710047a6e4,U,244,
0x710047a7dc,U,352,
0x710047a964,U,28,
0x710047a990,U,28,
0x710047a9f0,U,160,
0x710047aa94,U,244,
0x710047ab8c,U,356,
0x710047ad18,U,120,
0x710047af70,U,28,
0x710047b020,U,28,
0x710047b080,U,160,
0x710047b124,U,244,
0x710047b3f0,U,388,
0x710047b574,U,696,
0x710047b830,U,244,
0x710047b928,U,352,
0x710047ba88,U,48,
0x710047bab8,U,4,
0x710047bae0,U,28,
0x710047bb1c,U,28,
0x710047bb6c,U,28,
0x710047bc00,U,28,
0x710047bc60,U,232,
0x710047bd4c,U,244,
0x710047c01c,U,388,
0x710047c1a0,U,696,
0x710047c45c,U,244,
0x710047c554,U,352,
0x710047c6b4,U,48,
0x710047c6e4,U,4,
0x710047c70c,U,28,
0x710047c748,U,28,
0x710047c798,U,28,
0x710047c82c,U,28,
0x710047c890,U,232,
0x710047c97c,U,244,
0x710047d11c,U,388,
0x710047d2a0,U,124,
0x710047d31c,U,696,
0x710047d5d8,U,244,
0x710047d6d0,U,352,
0x710047d830,U,48,
0x710047d860,U,4,
0x710047d888,U,28,
0x710047d8c4,U,28,
0x710047d8e0,U,132,
0x710047d974,U,28,
0x710047d990,U,228,
0x710047daac,U,28,
0x710047dc90,U,244,
0x710047e000,U,388,
0x710047e184,U,696,
0x710047e440,U,244,
0x710047e538,U,352,
0x710047e698,U,48,
0x710047e6c8,U,4,
0x710047e6f0,U,28,
0x710047e72c,U,28,
0x710047e77c,U,28,
0x710047e810,U,28,
0x710047e870,U,232,
0x710047e95c,U,244,
0x710047ed70,U,388,
0x710047eef4,U,696,
0x710047f1b0,U,244,
0x710047f374,U,352,
0x710047f4d4,U,56,
0x710047f50c,U,4,
0x710047f534,U,28,
0x710047f570,U,28,
0x710047f5c0,U,28,
0x710047f658,U,28,
0x710047f6c0,U,232,
0x710047f7ac,U,244,
0x710047fa7c,U,388,
0x710047fc00,U,696,
0x710047febc,U,244,
0x710047ffb4,U,352,
0x7100480114,U,48,
0x7100480144,U,4,
0x710048016c,U,28,
0x71004801a8,U,28,
0x71004801f8,U,28,
0x710048028c,U,28,
0x71004802f0,U,232,
0x71004803dc,U,244,
0x71004804d4,U,388,
0x7100480658,U,68,
0x710048069c,U,96,
0x71004806fc,U,552,
0x710048098c,U,164,
0x7100480aa8,U,1084,
0x7100480ee4,U,28,
0x710048102c,U,28,
0x710048108c,U,220,
0x7100481168,U,220,
0x71004812b0,U,372,
0x7100481430,U,160,
0x71004814d4,U,244,
0x71004815cc,U,388,
0x7100481750,U,68,
0x7100481794,U,96,
0x7100481914,U,180,
0x71004819c8,U,788,
0x7100481cdc,U,28,
0x7100481e24,U,28,
0x7100481e84,U,244,
0x7100481f78,U,244,
0x71004820d8,U,380,
0x7100482260,U,160,
0x7100482304,U,244,
0x71004823fc,U,388,
0x7100482580,U,68,
0x71004825c4,U,96,
0x7100482624,U,848,
0x7100482a44,U,164,
0x7100482aec,U,1072,
0x7100482f8c,U,724,
0x7100483260,U,28,
0x71004833a8,U,28,
0x7100483408,U,220,
0x71004834e4,U,220,
0x710048362c,U,372,
0x71004837a0,U,24,
0x71004837c0,U,240,
0x71004838b4,U,244,
0x71004839ac,U,388,
0x7100483b30,U,88,
0x7100483b88,U,96,
0x7100483f20,U,2436,
0x7100484910,U,344,
0x7100484a68,U,164,
0x7100484b10,U,1464,
0x7100485254,U,28,
0x710048539c,U,28,
0x7100485410,U,344,
0x7100485568,U,344,
0x710048572c,U,492,
0x7100485930,U,360,
0x7100486004,U,384,
0x7100486188,U,244,
0x7100486280,U,388,
0x7100486408,U,244,
0x71004864fc,U,124,
0x7100486578,U,388,
0x71004866fc,U,696,
0x71004869b4,U,976,
0x7100486d84,U,1668,
0x7100487bb0,U,2560,
0x71004885b0,U,992,
0x7100488990,U,928,
0x7100489130,U,448,
0x71004892f0,U,664,
0x7100489588,U,300,
0x71004896b4,U,412,
0x7100489850,U,300,
0x710048997c,U,412,
0x7100489b18,U,904,
0x7100489ea0,U,156,
0x7100489f3c,U,308,
0x710048a070,U,292,
0x710048a194,U,368,
0x710048a5f0,U,28,
0x710048a60c,U,768,
0x710048a948,U,28,
0x710048aa68,U,164,
0x710048ac18,U,28,
0x710048acac,U,2708,
0x710048b740,U,2100,
0x710048bf84,U,28,
0x710048c004,U,264,
0x710048c10c,U,24,
0x710048c124,U,24,
0x710048c8d8,U,244,
0x710048c9d0,U,388,
0x710048cb54,U,52,
0x710048cb88,U,96,
0x710048cbe8,U,432,
0x710048cde0,U,640,
0x710048d0d8,U,28,
0x710048d12c,U,28,
0x710048d2f0,U,160,
0x710048d394,U,244,
0x710048d754,U,352,
0x710048d8b4,U,92,
0x710048d910,U,96,
0x710048d9d8,U,28,
0x710048da04,U,28,
0x710048daa0,U,160,
0x710048db44,U,244,
0x710048dc3c,U,356,
0x710048dda0,U,184,
0x710048de58,U,616,
0x710048e0e4,U,368,
0x710048e254,U,312,
0x710048e38c,U,88,
0x710048e708,U,1460,
0x710048ecbc,U,384,
0x710048ee3c,U,1052,
0x710048f258,U,132,
0x710048f3c4,U,288,
0x710048f4e4,U,32,
0x710048f504,U,100,
0x710048f568,U,100,
0x710048f5cc,U,140,
0x710048f658,U,240,
0x710048f748,U,352,
0x710048f8b0,U,292,
0x710048f9d4,U,464,
0x710048fba4,U,220,
0x710048fc80,U,44,
0x710048fcac,U,152,
0x710048fd44,U,28,
0x710048fdf4,U,28,
0x710048fe10,U,196,
0x710048fee0,U,200,
0x710048ffac,U,244,
0x71004900a4,U,388,
0x7100490238,U,28,
0x71004902bc,U,28,
0x7100490300,U,160,
0x71004903a4,U,244,
0x710049049c,U,352,
0x7100490624,U,112,
0x7100490884,U,28,
0x7100490938,U,28,
0x7100490a88,U,244,
0x7100490b80,U,352,
0x7100490ce0,U,48,
0x7100490d10,U,4,
0x7100490d38,U,28,
0x7100490d68,U,28,
0x7100490dc0,U,160,
0x7100490e64,U,244,
0x7100491138,U,388,
0x71004912bc,U,696,
0x7100491578,U,244,
0x7100491670,U,352,
0x71004917d0,U,48,
0x7100491800,U,4,
0x7100491828,U,28,
0x7100491864,U,28,
0x71004918b4,U,28,
0x7100491948,U,28,
0x71004919a0,U,232,
0x7100491a8c,U,244,
0x7100491d5c,U,388,
0x7100491ee0,U,696,
0x710049219c,U,244,
0x7100492294,U,352,
0x71004923f4,U,48,
0x7100492424,U,4,
0x710049244c,U,28,
0x7100492488,U,28,
0x71004924d8,U,28,
0x710049256c,U,28,
0x71004925d0,U,232,
0x71004926bc,U,244,
0x7100492a30,U,388,
0x7100492bb4,U,696,
0x7100492e70,U,244,
0x7100492f68,U,352,
0x71004930c8,U,48,
0x71004930f8,U,4,
0x7100493120,U,28,
0x710049315c,U,28,
0x71004931ac,U,28,
0x7100493240,U,28,
0x71004932a0,U,232,
0x710049338c,U,244,
0x7100493484,U,388,
0x7100493608,U,56,
0x7100493640,U,96,
0x71004936a0,U,88,
0x71004936f8,U,1032,
0x7100493b00,U,304,
0x7100493c30,U,28,
0x7100493c84,U,28,
0x7100493e10,U,200,
0x7100493edc,U,244,
0x7100493fd4,U,388,
0x7100494158,U,52,
0x710049418c,U,96,
0x7100494210,U,412,
0x7100494578,U,332,
0x71004946c4,U,28,
0x7100494718,U,28,
0x71004948e0,U,160,
0x7100494984,U,244,
0x7100494a7c,U,388,
0x7100494c00,U,48,
0x7100494c30,U,96,
0x7100494c90,U,4,
0x7100494c98,U,4,
0x7100494c9c,U,368,
0x7100494f00,U,28,
0x7100494f54,U,28,
0x7100495110,U,160,
0x71004951b4,U,244,
0x71004952ac,U,388,
0x7100495430,U,68,
0x7100495474,U,96,
0x71004954d4,U,412,
0x7100495a84,U,1452,
0x7100496030,U,28,
0x7100496178,U,28,
0x71004961d8,U,220,
0x71004962b4,U,220,
0x71004963fc,U,372,
0x7100496580,U,160,
0x7100496624,U,244,
0x7100496b7c,U,388,
0x7100496d00,U,696,
0x7100496fbc,U,244,
0x7100497424,U,352,
0x7100497584,U,92,
0x71004975e0,U,72,
0x7100497678,U,144,
0x7100497874,U,76,
0x71004978c0,U,28,
0x71004978dc,U,28,
0x710049792c,U,28,
0x71004979c0,U,28,
0x7100497a50,U,232,
0x7100497b38,U,760,
0x7100497e30,U,248,
0x7100497f2c,U,244,
0x71004981a4,U,356,
0x7100498308,U,524,
0x7100498514,U,384,
0x7100498694,U,376,
0x710049880c,U,520,
0x7100498a38,U,248,
0x7100498b30,U,576,
0x7100498db8,U,140,
0x7100498e44,U,184,
0x7100498efc,U,244,
0x7100498ff0,U,188,
0x71004990ac,U,1096,
0x71004994f4,U,444,
0x71004996b0,U,392,
0x7100499838,U,552,
0x7100499a60,U,40,
0x7100499a88,U,932,
0x710049ac5c,U,124,
0x710049ae88,U,448,
0x710049b2fc,U,100,
0x710049b360,U,100,
0x710049b3cc,U,52,
0x710049b400,U,12,
0x710049b40c,U,1128,
0x710049b874,U,172,
0x710049b920,U,2184,
0x710049c29c,U,88,
0x710049c2f4,U,680,
0x710049c59c,U,1596,
0x710049cbd8,U,232,
0x710049ccc0,U,816,
0x710049cff0,U,164,
0x710049d094,U,252,
0x710049d190,U,420,
0x710049d334,U,28,
0x710049d3fc,U,28,
0x710049d418,U,392,
0x710049da88,U,244,
0x710049db80,U,352,
0x710049dce0,U,48,
0x710049dd10,U,4,
0x710049dd38,U,28,
0x710049dd68,U,28,
0x710049ddc0,U,160,
0x710049de64,U,244,
0x710049df5c,U,388,
0x710049e0e0,U,620,
0x710049e34c,U,384,
0x710049e4cc,U,76,
0x710049e518,U,96,
0x710049e578,U,308,
0x710049e6b8,U,284,
0x710049e870,U,548,
0x710049eb04,U,256,
0x710049ec34,U,180,
0x710049ed4c,U,28,
0x710049eeac,U,28,
0x710049f654,U,244,
0x710049f7dc,U,352,
0x710049f93c,U,96,
0x710049f9a4,U,28,
0x710049fa48,U,28,
0x710049fac0,U,160,
0x710049fb64,U,244,
0x710049fc5c,U,356,
0x710049fdc0,U,164,
0x710049fe64,U,172,
0x710049ff10,U,172,
0x71004a01e4,U,380,
0x71004a0360,U,28,
0x71004a0410,U,28,
0x71004a0490,U,160,
0x71004a0534,U,244,
0x71004a0854,U,352,
0x71004a09b4,U,92,
0x71004a0a10,U,196,
0x71004a0bfc,U,28,
0x71004a0c2c,U,28,
0x71004a0cb0,U,160,
0x71004a0d54,U,244,
0x71004a0f7c,U,388,
0x71004a1100,U,696,
0x71004a13bc,U,244,
0x71004a1630,U,352,
0x71004a1790,U,48,
0x71004a17c0,U,4,
0x71004a17e8,U,28,
0x71004a1804,U,28,
0x71004a1854,U,28,
0x71004a18e8,U,28,
0x71004a1940,U,232,
0x71004a1a2c,U,244,
0x71004a1cfc,U,388,
0x71004a1e80,U,696,
0x71004a2138,U,716,
0x71004a2404,U,384,
0x71004a2588,U,240,
0x71004a29a8,U,388,
0x71004a2b34,U,220,
0x71004a2c10,U,220,
0x71004a2cec,U,220,
0x71004a2dc8,U,220,
0x71004a3228,U,388,
0x71004a33ac,U,220,
0x71004a380c,U,388,
0x71004a3990,U,220,
0x71004a3a6c,U,480,
0x71004a3c4c,U,220,
0x71004a3d28,U,220,
0x71004a4188,U,388,
0x71004a430c,U,220,
0x71004a476c,U,388,
0x71004a48f0,U,220,
0x71004a49cc,U,484,
0x71004a4bb4,U,244,
0x71004a4e9c,U,352,
0x71004a4ffc,U,100,
0x71004a5060,U,292,
0x71004a524c,U,28,
0x71004a5268,U,28,
0x71004a5284,U,28,
0x71004a52dc,U,368,
0x71004a544c,U,104,
0x71004a54ec,U,20,
0x71004a554c,U,352,
0x71004a56ac,U,104,
0x71004a5758,U,20,
0x71004a57ec,U,360,
0x71004a5954,U,88,
0x71004a59e4,U,20,
0x71004a5a44,U,360,
0x71004a5bac,U,88,
0x71004a5c3c,U,20,
0x71004a5c9c,U,364,
0x71004a5e08,U,60,
0x71004a5e48,U,112,
0x71004a5ed4,U,20,
0x71004a5f94,U,176,
0x71004a6044,U,176,
0x71004a60f4,U,364,
0x71004a6260,U,60,
0x71004a62a0,U,112,
0x71004a632c,U,20,
0x71004a63ec,U,176,
0x71004a649c,U,176,
0x71004a654c,U,364,
0x71004a66b8,U,96,
0x71004a6750,U,20,
0x71004a67b0,U,364,
0x71004a691c,U,96,
0x71004a69b4,U,20,
0x71004a6a14,U,364,
0x71004a6b80,U,60,
0x71004a6bf8,U,20,
0x71004a6c4c,U,168,
0x71004a6d74,U,352,
0x71004a6ed4,U,364,
0x71004a7040,U,60,
0x71004a70b8,U,20,
0x71004a710c,U,168,
0x71004a7234,U,352,
0x71004a73b0,U,28,
0x71004a74b8,U,28,
0x71004a77bc,U,80,
0x71004a780c,U,84,
0x71004a7970,U,80,
0x71004a79c0,U,84,
0x71004a7a1c,U,100,
0x71004a7cb8,U,144,
0x71004a7e00,U,612,
0x71004a8064,U,564,
0x71004a82b8,U,260,
0x71004a83bc,U,268,
0x71004a8648,U,168,
0x71004a8728,U,472,
0x71004a8900,U,80,
0x71004a8a8c,U,168,
0x71004a8b44,U,80,
0x71004a9050,U,316,
0x71004a918c,U,996,
0x71004a9570,U,444,
0x71004a972c,U,576,
0x71004a9990,U,256,
0x71004a9a90,U,268,
0x71004a9bb0,U,28,
0x71004aa3a8,U,244,
0x71004aa678,U,388,
0x71004aa7fc,U,696,
0x71004aaab4,U,524,
0x71004aacc0,U,384,
0x71004aaf8c,U,384,
0x71004ab110,U,240,
0x71004ab41c,U,388,
0x71004ab5a0,U,4,
0x71004ab5ac,U,240,
0x71004ab998,U,388,
0x71004abc74,U,220,
0x71004abd50,U,220,
0x71004abe2c,U,220,
0x71004abf08,U,220,
0x71004ac368,U,388,
0x71004ac4ec,U,220,
0x71004ac94c,U,388,
0x71004acad0,U,220,
0x71004acbac,U,480,
0x71004acd8c,U,220,
0x71004ace68,U,220,
0x71004ad2d4,U,388,
0x71004ad458,U,220,
0x71004ad8c4,U,388,
0x71004ada48,U,220,
0x71004adb24,U,504,
0x71004add20,U,244,
0x71004ae594,U,352,
0x71004ae6f4,U,204,
0x71004ae7c0,U,308,
0x71004ae918,U,32,
0x71004ae938,U,28,
0x71004ae954,U,28,
0x71004ae970,U,28,
0x71004ae98c,U,28,
0x71004ae9fc,U,368,
0x71004aeb6c,U,104,
0x71004aec0c,U,20,
0x71004aec6c,U,352,
0x71004aedcc,U,104,
0x71004aee78,U,20,
0x71004aef0c,U,360,
0x71004af074,U,88,
0x71004af104,U,20,
0x71004af164,U,360,
0x71004af2cc,U,88,
0x71004af35c,U,20,
0x71004af3bc,U,364,
0x71004af528,U,60,
0x71004af568,U,112,
0x71004af5f4,U,20,
0x71004af6b4,U,176,
0x71004af764,U,176,
0x71004af814,U,364,
0x71004af980,U,60,
0x71004af9c0,U,112,
0x71004afa4c,U,20,
0x71004afb0c,U,176,
0x71004afbbc,U,176,
0x71004afc78,U,368,
0x71004afde8,U,104,
0x71004afe88,U,20,
0x71004afee8,U,368,
0x71004b0058,U,104,
0x71004b00f8,U,20,
0x71004b0158,U,364,
0x71004b02c4,U,60,
0x71004b035c,U,20,
0x71004b0498,U,364,
0x71004b0604,U,60,
0x71004b069c,U,20,
0x71004b07e8,U,28,
0x71004b0964,U,28,
0x71004b0a40,U,28,
0x71004b0b80,U,600,
0x71004b0dd8,U,656,
0x71004b1298,U,80,
0x71004b12e8,U,84,
0x71004b144c,U,80,
0x71004b149c,U,84,
0x71004b14f8,U,100,
0x71004b1794,U,144,
0x71004b18dc,U,612,
0x71004b1b40,U,564,
0x71004b1d94,U,260,
0x71004b1e98,U,268,
0x71004b21a8,U,80,
0x71004b21f8,U,96,
0x71004b2330,U,80,
0x71004b2380,U,96,
0x71004b2468,U,204,
0x71004b2748,U,172,
0x71004b27f4,U,684,
0x71004b2aa0,U,684,
0x71004b2d4c,U,552,
0x71004b2f98,U,168,
0x71004b3040,U,180,
0x71004b3108,U,28,
0x71004b3124,U,196,
0x71004b39f8,U,244,
0x71004b3c20,U,388,
0x71004b3da4,U,696,
0x71004b4060,U,244,
0x71004b4158,U,352,
0x71004b42b8,U,48,
0x71004b42e8,U,4,
0x71004b4310,U,28,
0x71004b432c,U,28,
0x71004b437c,U,28,
0x71004b4410,U,28,
0x71004b4470,U,232,
0x71004b455c,U,244,
0x71004b4784,U,388,
0x71004b4908,U,696,
0x71004b4bc4,U,244,
0x71004b4d88,U,352,
0x71004b4ee8,U,48,
0x71004b4f18,U,4,
0x71004b4f40,U,28,
0x71004b4f5c,U,28,
0x71004b4fac,U,28,
0x71004b5040,U,28,
0x71004b50a0,U,232,
0x71004b518c,U,240,
0x71004b5498,U,388,
0x71004b561c,U,4,
0x71004b5628,U,240,
0x71004b5ae4,U,388,
0x71004b5dc0,U,220,
0x71004b5e9c,U,220,
0x71004b5f78,U,220,
0x71004b6054,U,220,
0x71004b64b4,U,388,
0x71004b6638,U,220,
0x71004b6a98,U,388,
0x71004b6c1c,U,220,
0x71004b6cf8,U,480,
0x71004b6ed8,U,220,
0x71004b6fb4,U,220,
0x71004b7414,U,388,
0x71004b7598,U,220,
0x71004b79f8,U,388,
0x71004b7b7c,U,220,
0x71004b7c58,U,484,
0x71004b7e3c,U,220,
0x71004b7f18,U,220,
0x71004b8384,U,388,
0x71004b8508,U,220,
0x71004b8974,U,388,
0x71004b8af8,U,220,
0x71004b8bd4,U,504,
0x71004b8dd0,U,244,
0x71004b9144,U,388,
0x71004b92c8,U,696,
0x71004b9584,U,244,
0x71004b9b64,U,352,
0x71004b9cc4,U,508,
0x71004b9ec0,U,512,
0x71004ba10c,U,88,
0x71004ba164,U,564,
0x71004ba398,U,28,
0x71004ba3b4,U,28,
0x71004ba3d0,U,28,
0x71004ba3ec,U,368,
0x71004ba55c,U,104,
0x71004ba5fc,U,20,
0x71004ba65c,U,352,
0x71004ba7bc,U,104,
0x71004ba868,U,20,
0x71004ba8fc,U,360,
0x71004baa64,U,88,
0x71004baaf4,U,20,
0x71004bab54,U,360,
0x71004bacbc,U,88,
0x71004bad4c,U,20,
0x71004badac,U,364,
0x71004baf18,U,60,
0x71004baf58,U,112,
0x71004bafe4,U,20,
0x71004bb0a4,U,176,
0x71004bb154,U,176,
0x71004bb204,U,364,
0x71004bb370,U,60,
0x71004bb3b0,U,112,
0x71004bb43c,U,20,
0x71004bb4fc,U,176,
0x71004bb5ac,U,176,
0x71004bb65c,U,364,
0x71004bb7c8,U,96,
0x71004bb860,U,20,
0x71004bb8c0,U,364,
0x71004bba2c,U,96,
0x71004bbac4,U,20,
0x71004bbb24,U,364,
0x71004bbc90,U,60,
0x71004bbd08,U,20,
0x71004bbd5c,U,168,
0x71004bbe84,U,352,
0x71004bbfe4,U,364,
0x71004bc150,U,60,
0x71004bc1c8,U,20,
0x71004bc21c,U,168,
0x71004bc344,U,352,
0x71004bc4b0,U,368,
0x71004bc620,U,104,
0x71004bc6c0,U,20,
0x71004bc720,U,368,
0x71004bc890,U,104,
0x71004bc930,U,20,
0x71004bc990,U,364,
0x71004bcafc,U,60,
0x71004bcb94,U,20,
0x71004bccd0,U,364,
0x71004bce3c,U,60,
0x71004bced4,U,20,
0x71004bd010,U,28,
0x71004bd064,U,28,
0x71004bd144,U,28,
0x71004bd1bc,U,76,
0x71004bd208,U,76,
0x71004bd260,U,72,
0x71004bd2a8,U,72,
0x71004bd2f0,U,600,
0x71004bd548,U,656,
0x71004bda08,U,80,
0x71004bda58,U,84,
0x71004bdbbc,U,80,
0x71004bdc0c,U,84,
0x71004bdc68,U,100,
0x71004bdf04,U,144,
0x71004be04c,U,612,
0x71004be2d0,U,260,
0x71004be3d4,U,268,
0x71004be660,U,168,
0x71004be740,U,472,
0x71004be918,U,80,
0x71004beaa4,U,168,
0x71004beb5c,U,80,
0x71004bf068,U,316,
0x71004bf1a4,U,996,
0x71004bf588,U,444,
0x71004bf744,U,576,
0x71004bf9a8,U,256,
0x71004bfaa8,U,268,
0x71004bfdb8,U,80,
0x71004bfe08,U,96,
0x71004bff40,U,80,
0x71004bff90,U,96,
0x71004c0078,U,204,
0x71004c0358,U,172,
0x71004c0404,U,684,
0x71004c06b0,U,684,
0x71004c095c,U,556,
0x71004c0bac,U,168,
0x71004c0c54,U,180,
0x71004c0d18,U,28,
0x71004c0dac,U,28,
0x71004c1618,U,244,
0x71004c1710,U,388,
0x71004c1894,U,76,
0x71004c18e0,U,96,
0x71004c1940,U,4,
0x71004c1944,U,36,
0x71004c1968,U,4,
0x71004c196c,U,100,
0x71004c19d0,U,1032,
0x71004c1e08,U,272,
0x71004c1f18,U,292,
0x71004c203c,U,28,
0x71004c2090,U,28,
0x71004c2350,U,200,
0x71004c241c,U,244,
0x71004c2514,U,388,
0x71004c2698,U,84,
0x71004c26ec,U,96,
0x71004c2b10,U,68,
0x71004c2b54,U,92,
0x71004c2bb0,U,28,
0x71004c2cf8,U,28,
0x71004c2d68,U,304,
0x71004c2e98,U,304,
0x71004c3034,U,452,
0x71004c31f8,U,116,
0x71004c3270,U,160,
0x71004c3314,U,244,
0x71004c340c,U,388,
0x71004c3590,U,116,
0x71004c3604,U,96,
0x71004c3664,U,628,
0x71004c3d9c,U,1016,
0x71004c4194,U,1960,
0x71004c493c,U,1648,
0x71004c51e4,U,236,
0x71004c52d4,U,752,
0x71004c55c4,U,28,
0x71004c571c,U,28,
0x71004c5a14,U,536,
0x71004c5c2c,U,388,
0x71004c5db0,U,24,
0x71004c5dd0,U,280,
0x71004c5eec,U,244,
0x71004c5fe4,U,388,
0x71004c6168,U,1020,
0x71004c6564,U,96,
0x71004c65c4,U,1408,
0x71004c7324,U,1344,
0x71004c7864,U,548,
0x71004c7a88,U,20,
0x71004c7ba4,U,364,
0x71004c7d10,U,468,
0x71004c7ee4,U,572,
0x71004c8428,U,348,
0x71004c8584,U,300,
0x71004c86b0,U,28,
0x71004c86cc,U,308,
0x71004c8904,U,164,
0x71004c8a24,U,4,
0x71004c8a28,U,4,
0x71004c8a40,U,28,
0x71004c8ad4,U,1156,
0x71004c8f58,U,924,
0x71004c939c,U,264,
0x71004c94a4,U,24,
0x71004c94c0,U,244,
0x71004c95b8,U,244,
0x71004c96b0,U,388,
0x71004c9834,U,72,
0x71004c987c,U,96,
0x71004c99a4,U,924,
0x71004c9d40,U,28,
0x71004c9e88,U,28,
0x71004c9eec,U,292,
0x71004ca010,U,292,
0x71004ca1a0,U,444,
0x71004ca35c,U,24,
0x71004ca380,U,160,
0x71004ca424,U,244,
0x71004ca51c,U,388,
0x71004caa48,U,92,
0x71004caaa4,U,28,
0x71004cabec,U,28,
0x71004cac58,U,304,
0x71004cad88,U,304,
0x71004caf24,U,452,
0x71004cb0e8,U,116,
0x71004cb160,U,160,
0x71004cb204,U,244,
0x71004cb2fc,U,388,
0x71004cb480,U,76,
0x71004cb4cc,U,4,
0x71004cb4f4,U,96,
0x71004cc644,U,540,
0x71004cc860,U,220,
0x71004cc93c,U,28,
0x71004cc96c,U,28,
0x71004cccc0,U,320,
0x71004cce04,U,244,
0x71004cd9c0,U,388,
0x71004cdb44,U,696,
0x71004cde00,U,244,
0x71004ce4cc,U,352,
0x71004ce62c,U,220,
0x71004ce734,U,28,
0x71004ce750,U,28,
0x71004ce7a0,U,28,
0x71004ce83c,U,28,
0x71004ce858,U,172,
0x71004ce910,U,364,
0x71004cea80,U,244,
0x71004ceb78,U,388,
0x71004ced0c,U,28,
0x71004ced90,U,28,
0x71004cedd0,U,160,
0x71004cee70,U,868,
0x71004cf1d4,U,320,
0x71004cf318,U,244,
0x71004cf7b4,U,356,
0x71004cf918,U,784,
0x71004cfc28,U,1784,
0x71004d0344,U,328,
0x71004d048c,U,1652,
0x71004d0b00,U,500,
0x71004d0cf4,U,1976,
0x71004d1b38,U,1024,
0x71004d1f38,U,120,
0x71004d1fb0,U,56,
0x71004d1fe8,U,44,
0x71004d2014,U,148,
0x71004d2258,U,632,
0x71004d24d0,U,348,
0x71004d262c,U,672,
0x71004d28cc,U,272,
0x71004d29dc,U,744,
0x71004d2cc4,U,336,
0x71004d2e14,U,392,
0x71004d2fc4,U,852,
0x71004d3318,U,664,
0x71004d35b0,U,916,
0x71004d3944,U,360,
0x71004d3f44,U,272,
0x71004d4120,U,136,
0x71004d41b4,U,68,
0x71004d43dc,U,864,
0x71004d473c,U,216,
0x71004d4814,U,392,
0x71004d499c,U,140,
0x71004d4a28,U,112,
0x71004d4a98,U,768,
0x71004d4d98,U,60,
0x71004d4dd4,U,68,
0x71004d4e18,U,172,
0x71004d4ec4,U,1216,
0x71004d5384,U,128,
0x71004d5450,U,28,
0x71004d5530,U,28,
0x71004d5584,U,24,
0x71004d559c,U,564,
0x71004d57d0,U,24,
0x71004d65b4,U,244,
0x71004d66ac,U,352,
0x71004d685c,U,316,
0x71004d6998,U,28,
0x71004d6a48,U,28,
0x71004d6ab0,U,160,
0x71004d6b54,U,244,
0x71004d6dcc,U,388,
0x71004d6f60,U,28,
0x71004d6fe4,U,28,
0x71004d7030,U,160,
0x71004d70d4,U,244,
0x71004d71cc,U,352,
0x71004d7448,U,112,
0x71004d771c,U,216,
0x71004d78dc,U,164,
0x71004d7980,U,604,
0x71004d7bdc,U,124,
0x71004d7c60,U,28,
0x71004d7d10,U,28,
0x71004d7ee4,U,244,
0x71004d7fd8,U,124,
0x71004d8054,U,388,
0x71004d81d8,U,696,
0x71004d8494,U,244,
0x71004d8eb4,U,352,
0x71004d9014,U,368,
0x71004d9184,U,196,
0x71004d9288,U,28,
0x71004d92a4,U,28,
0x71004d92f4,U,28,
0x71004d9384,U,28,
0x71004d93e0,U,232,
0x71004d94cc,U,244,
0x71004d95c4,U,356,
0x71004d9728,U,216,
0x71004d9800,U,212,
0x71004d98d4,U,120,
0x71004da00c,U,148,
0x71004dad10,U,220,
0x71004daf78,U,220,
0x71004db05c,U,996,
0x71004db440,U,124,
0x71004db4bc,U,56,
0x71004db51c,U,340,
0x71004db670,U,28,
0x71004db748,U,28,
0x71004db764,U,136,
0x71004db800,U,280,
0x71004db91c,U,244,
0x71004dbae0,U,352,
0x71004dbc40,U,48,
0x71004dbc70,U,4,
0x71004dbc98,U,28,
0x71004dbcc8,U,28,
0x71004dbd20,U,160,
0x71004dbdc4,U,244,
0x71004dbebc,U,388,
0x71004dc040,U,52,
0x71004dc074,U,100,
0x71004dc204,U,688,
0x71004dc4b4,U,220,
0x71004dc590,U,268,
0x71004dc69c,U,28,
0x71004dc73c,U,28,
0x71004dc78c,U,220,
0x71004dc868,U,220,
0x71004dcb40,U,364,
0x71004dccac,U,420,
0x71004dce50,U,416,
0x71004dcff0,U,240,
0x71004dd0e4,U,244,
0x71004dd1dc,U,388,
0x71004dd660,U,28,
0x71004dd6b0,U,28,
0x71004dd73c,U,132,
0x71004dd7c0,U,160,
0x71004dd864,U,244,
0x71004dd95c,U,388,
0x71004ddb08,U,100,
0x71004ddb6c,U,28,
0x71004ddb98,U,28,
0x71004ddc10,U,160,
0x71004ddcb4,U,244,
0x71004dddac,U,388,
0x71004de358,U,228,
0x71004de444,U,28,
0x71004de494,U,28,
0x71004de520,U,132,
0x71004de5b0,U,160,
0x71004de654,U,244,
0x71004de7dc,U,352,
0x71004de9f0,U,28,
0x71004dea0c,U,156,
0x71004deaa8,U,164,
0x71004deb64,U,28,
0x71004debd0,U,160,
0x71004dec74,U,244,
0x71004df110,U,356,
0x71004df274,U,752,
0x71004df588,U,172,
0x71004df7fc,U,80,
0x71004df920,U,396,
0x71004dfacc,U,28,
0x71004dfb7c,U,28,
0x71004dfce0,U,160,
0x71004dfd84,U,244,
0x71004dff48,U,388,
0x71004e00cc,U,28,
0x71004e00e8,U,256,
0x71004e025c,U,28,
0x71004e02d0,U,160,
0x71004e0374,U,244,
0x71004e046c,U,352,
0x71004e05cc,U,12,
0x71004e05d8,U,208,
0x71004e06a8,U,112,
0x71004e0718,U,260,
0x71004e081c,U,272,
0x71004e092c,U,1968,
0x71004e10dc,U,204,
0x71004e11c0,U,2748,
0x71004e2000,U,260,
0x71004e2104,U,468,
0x71004e22d8,U,292,
0x71004e23fc,U,84,
0x71004e2494,U,268,
0x71004e2614,U,28,
0x71004e2630,U,344,
0x71004e2914,U,28,
0x71004e2990,U,160,
0x71004e2a34,U,244,
0x71004e2b2c,U,388,
0x71004e2cb0,U,28,
0x71004e2d40,U,28,
0x71004e2dc0,U,160,
0x71004e2e64,U,244,
0x71004e2f5c,U,352,
0x71004e30bc,U,112,
0x71004e3884,U,532,
0x71004e3a98,U,28,
0x71004e3c08,U,28,
0x71004e3c70,U,160,
0x71004e3d14,U,244,
0x71004e3edc,U,352,
0x71004e403c,U,48,
0x71004e406c,U,4,
0x71004e4094,U,28,
0x71004e40c4,U,28,
0x71004e4120,U,160,
0x71004e41c4,U,244,
0x71004e42bc,U,388,
0x71004e4440,U,56,
0x71004e4478,U,96,
0x71004e44d8,U,308,
0x71004e460c,U,128,
0x71004e468c,U,640,
0x71004e490c,U,300,
0x71004e4a38,U,2348,
0x71004e58d4,U,268,
0x71004e59e0,U,640,
0x71004e5c60,U,276,
0x71004e5d74,U,248,
0x71004e5e6c,U,728,
0x71004e61b8,U,28,
0x71004e620c,U,28,
0x71004e63b0,U,240,
0x71004e65ec,U,384,
0x71004e6770,U,244,
0x71004e6a4c,U,352,
0x71004e6c8c,U,28,
0x71004e6d44,U,28,
0x71004e6f68,U,244,
0x71004e7060,U,388,
0x71004e720c,U,28,
0x71004e7238,U,28,
0x71004e72b0,U,160,
0x71004e7354,U,244,
0x71004e744c,U,356,
0x71004e7660,U,476,
0x71004e7a14,U,56,
0x71004e7a7c,U,172,
0x71004e7f24,U,28,
0x71004e7fd4,U,28,
0x71004e8050,U,160,
0x71004e80f4,U,244,
0x71004e81ec,U,352,
0x71004e84a4,U,28,
0x71004e8568,U,28,
0x71004e85d0,U,160,
0x71004e8674,U,244,
0x71004e88e8,U,352,
0x71004e8a48,U,48,
0x71004e8a78,U,4,
0x71004e8aa0,U,28,
0x71004e8ad0,U,28,
0x71004e8b30,U,160,
0x71004e8bd4,U,244,
0x71004e8ccc,U,388,
0x71004e8e50,U,80,
0x71004e8ea0,U,96,
0x71004e997c,U,420,
0x71004e9b20,U,1508,
0x71004ea7b0,U,356,
0x71004eab24,U,104,
0x71004eab8c,U,28,
0x71004eabe0,U,28,
0x71004eaf00,U,160,
0x71004eb14c,U,384,
0x71004eb2d0,U,244,
0x71004eb97c,U,352,
0x71004ebb54,U,148,
0x71004ebbf0,U,16,
0x71004ebc00,U,28,
0x71004ebcb8,U,28,
0x71004ebee8,U,244,
0x71004ebfe0,U,356,
0x71004ec434,U,448,
0x71004ec5f4,U,288,
0x71004ec714,U,1040,
0x71004ecb24,U,104,
0x71004ecb8c,U,1708,
0x71004ed238,U,2960,
0x71004eddc8,U,1644,
0x71004ee750,U,476,
0x71004ee92c,U,220,
0x71004eea08,U,224,
0x71004eeae8,U,136,
0x71004ef054,U,56,
0x71004ef08c,U,28,
0x71004ef13c,U,28,
0x71004ef30c,U,244,
0x71004ef404,U,352,
0x71004ef568,U,244,
0x71004ef94c,U,388,
0x71004efad4,U,696,
0x71004efdc4,U,28,
0x71004efde0,U,28,
0x71004efe3c,U,28,
0x71004efea8,U,28,
0x71004eff40,U,248,
0x71004f0038,U,120,
0x71004f00b4,U,244,
0x71004f02c4,U,356,
0x71004f0428,U,220,
0x71004f0528,U,120,
0x71004f05a0,U,168,
0x71004f0648,U,456,
0x71004f0924,U,324,
0x71004f0c90,U,272,
0x71004f0da0,U,28,
0x71004f0ef4,U,8,
0x71004f0efc,U,8,
0x71004f0f04,U,172,
0x71004f0fc8,U,356,
0x71004f112c,U,204,
0x71004f11f8,U,320,
0x71004f1338,U,348,
0x71004f14a4,U,28,
0x71004f1558,U,496,
0x71004f1748,U,204,
0x71004f1820,U,364,
0x71004f1990,U,244,
0x71004f1a88,U,352,
0x71004f1bec,U,244,
0x71004f207c,U,388,
0x71004f2204,U,696,
0x71004f24f4,U,28,
0x71004f2510,U,28,
0x71004f2560,U,28,
0x71004f25cc,U,28,
0x71004f2660,U,248,
0x71004f275c,U,244,
0x71004f2a5c,U,356,
0x71004f2be8,U,120,
0x71004f2c60,U,156,
0x71004f2d00,U,92,
0x71004f2d5c,U,472,
0x71004f2fa8,U,276,
0x71004f325c,U,28,
0x71004f330c,U,28,
0x71004f3328,U,72,
0x71004f33b0,U,180,
0x71004f3470,U,240,
0x71004f3560,U,36,
0x71004f3584,U,56,
0x71004f35bc,U,8,
0x71004f35c4,U,80,
0x71004f3614,U,424,
0x71004f37bc,U,740,
0x71004f3aa4,U,560,
0x71004f3cd4,U,28,
0x71004f3cf0,U,436,
0x71004f3ea4,U,400,
0x71004f4040,U,184,
0x71004f40fc,U,244,
0x71004f41f4,U,352,
0x71004f4358,U,244,
0x71004f66f4,U,388,
0x71004f687c,U,696,
0x71004f6b6c,U,28,
0x71004f6b88,U,28,
0x71004f6bd8,U,28,
0x71004f6c44,U,28,
0x71004f6ce0,U,248,
0x71004f6ddc,U,244,
0x71004f6ed4,U,356,
0x71004f7060,U,120,
0x71004f710c,U,1124,
0x71004f7570,U,1212,
0x71004f8140,U,28,
0x71004f81f0,U,28,
0x71004f820c,U,92,
0x71004f8280,U,160,
0x71004f8324,U,244,
0x71004f841c,U,352,
0x71004f8580,U,244,
0x71004f8964,U,388,
0x71004f8aec,U,696,
0x71004f8ddc,U,28,
0x71004f8df8,U,28,
0x71004f8e48,U,28,
0x71004f8eb4,U,28,
0x71004f8f50,U,248,
0x71004f904c,U,244,
0x71004f9144,U,356,
0x71004f92d0,U,120,
0x71004f9524,U,28,
0x71004f95d4,U,28,
0x71004f9640,U,160,
0x71004f96e4,U,244,
0x71004f97dc,U,352,
0x71004f9940,U,244,
0x71004f9cd0,U,388,
0x71004f9e58,U,696,
0x71004fa148,U,28,
0x71004fa164,U,28,
0x71004fa1b4,U,28,
0x71004fa220,U,28,
0x71004fa2c0,U,248,
0x71004fa3b8,U,204,
0x71004fa488,U,244,
0x71004fa7f4,U,356,
0x71004fa958,U,380,
0x71004faad4,U,244,
0x71004fad60,U,120,
0x71004faea8,U,808,
0x71004fb1d0,U,752,
0x71004fb4c4,U,40,
0x71004fb4ec,U,1968,
0x71004fbd00,U,1956,
0x71004fc568,U,628,
0x71004fc9c4,U,716,
0x71004fccc0,U,396,
0x71004fce4c,U,28,
0x71004fcef0,U,212,
0x71004fcfc4,U,8,
0x71004fcfcc,U,8,
0x71004fcfd4,U,172,
0x71004fd098,U,356,
0x71004fd1fc,U,120,
0x71004fd278,U,84,
0x71004fd2cc,U,348,
0x71004fd438,U,28,
0x71004fd510,U,400,
0x71004fd6a0,U,436,
0x71004fdb1c,U,244,
0x71004fdc14,U,352,
0x71004fdd78,U,244,
0x71004fe200,U,388,
0x71004fe388,U,696,
0x71004fe678,U,28,
0x71004fe694,U,28,
0x71004fe6e4,U,28,
0x71004fe758,U,28,
0x71004fe7f0,U,248,
0x71004fe8ec,U,244,
0x71004feec4,U,356,
0x71004ff028,U,676,
0x71004ff2cc,U,600,
0x71004ff548,U,120,
0x71004ff6a0,U,40,
0x71004ffc38,U,480,
0x71004ffe18,U,196,
0x71004ffedc,U,364,
0x7100500048,U,268,
0x7100500154,U,28,
0x710050020c,U,28,
0x7100500260,U,412,
0x71005004e0,U,280,
0x71005005f8,U,28,
0x7100500614,U,4,
0x7100500618,U,8,
0x7100500620,U,160,
0x71005006c0,U,208,
0x7100500790,U,704,
0x7100500a50,U,2152,
0x71005012bc,U,220,
0x7100501398,U,2108,
0x7100501bd4,U,220,
0x7100501cb0,U,500,
0x7100501ea8,U,244,
0x7100501fa0,U,388,
0x7100502134,U,28,
0x71005021b8,U,28,
0x7100502200,U,160,
0x71005022a4,U,244,
0x710050239c,U,352,
0x7100502524,U,112,
0x71005025c0,U,100,
0x7100502628,U,168,
0x71005026d0,U,408,
0x7100502868,U,24,
0x7100502998,U,152,
0x7100502a30,U,936,
0x7100503068,U,144,
0x71005032a4,U,28,
0x7100503354,U,28,
0x71005035c8,U,244,
0x71005036c0,U,352,
0x7100503824,U,244,
0x7100503a10,U,388,
0x7100503b98,U,696,
0x7100503e88,U,28,
0x7100503ea4,U,28,
0x7100503ef4,U,28,
0x7100503f10,U,208,
0x7100503ffc,U,28,
0x7100504090,U,248,
0x710050418c,U,244,
0x7100504284,U,356,
0x7100504410,U,120,
0x710050450c,U,40,
0x7100504720,U,80,
0x7100504780,U,28,
0x7100504830,U,28,
0x71005048a0,U,160,
0x7100504944,U,244,
0x7100504a3c,U,352,
0x7100504b9c,U,48,
0x7100504bcc,U,4,
0x7100504bf4,U,28,
0x7100504c34,U,28,
0x7100504c90,U,204,
0x7100504d60,U,244,
0x7100504e58,U,388,
0x7100505000,U,300,
0x710050512c,U,100,
0x7100505190,U,1460,
0x7100505744,U,844,
0x7100505afc,U,1752,
0x71005061d4,U,376,
0x7100506370,U,1368,
0x71005068c8,U,2996,
0x710050747c,U,892,
0x71005077f8,U,560,
0x7100507a28,U,764,
0x7100507d24,U,776,
0x710050802c,U,320,
0x710050816c,U,880,
0x71005084dc,U,3320,
0x71005091d4,U,512,
0x71005093d4,U,736,
0x71005096b4,U,684,
0x7100509960,U,1612,
0x710050a1b0,U,348,
0x710050a30c,U,500,
0x710050a500,U,1016,
0x710050a8f8,U,492,
0x710050aae4,U,752,
0x710050add4,U,432,
0x710050afd0,U,460,
0x710050b19c,U,1568,
0x710050b7bc,U,340,
0x710050b910,U,24,
0x710050b928,U,1000,
0x710050bd10,U,328,
0x710050be58,U,532,
0x710050c06c,U,492,
0x710050c258,U,568,
0x710050c490,U,292,
0x710050c5b4,U,228,
0x710050c698,U,636,
0x710050c914,U,292,
0x710050ca38,U,656,
0x710050ccc8,U,208,
0x710050cd98,U,200,
0x710050ce60,U,540,
0x710050d07c,U,212,
0x710050d150,U,960,
0x710050d510,U,364,
0x710050d67c,U,336,
0x710050d7cc,U,408,
0x710050d964,U,648,
0x710050dbec,U,1944,
0x710050e384,U,344,
0x710050e4dc,U,1032,
0x710050e8e4,U,256,
0x710050e9e4,U,700,
0x710050eca0,U,224,
0x710050ed80,U,412,
0x710050ef1c,U,304,
0x710050f04c,U,544,
0x710050f26c,U,548,
0x710050f490,U,28,
0x710050f4ac,U,720,
0x710050f790,U,28,
0x710050f824,U,2916,
0x710051043c,U,164,
0x7100510548,U,2072,
0x7100510e54,U,36,
0x7100510eb8,U,264,
0x7100510fc0,U,24,
0x7100511188,U,200,
0x7100511258,U,200,
0x71005113b0,U,1460,
0x7100511968,U,244,
0x7100511a60,U,388,
0x7100511be4,U,800,
0x7100511f04,U,2056,
0x710051270c,U,1160,
0x7100512e60,U,788,
0x7100513174,U,264,
0x710051327c,U,556,
0x71005134a8,U,540,
0x71005136cc,U,272,
0x71005137dc,U,188,
0x7100513898,U,1112,
0x7100513cf0,U,372,
0x7100513e64,U,28,
0x7100513fb4,U,28,
0x7100514074,U,24,
0x710051421c,U,244,
0x7100514314,U,352,
0x7100514474,U,136,
0x71005144fc,U,88,
0x71005145f8,U,28,
0x7100514614,U,572,
0x7100514b7c,U,400,
0x7100514dfc,U,28,
0x7100514e60,U,204,
0x7100514f30,U,244,
0x7100515028,U,344,
0x7100515180,U,240,
0x7100515270,U,280,
0x7100515388,U,336,
0x71005154d8,U,4,
0x71005154dc,U,368,
0x710051564c,U,272,
0x710051575c,U,424,
0x7100515904,U,964,
0x7100515cc8,U,232,
0x7100515db8,U,288,
0x7100515ed8,U,236,
0x7100515fc4,U,28,
0x7100515ffc,U,532,
0x7100516220,U,28,
0x71005162a8,U,436,
0x7100516480,U,240,
0x7100516574,U,244,
0x710051666c,U,352,
0x71005167cc,U,136,
0x7100516854,U,88,
0x7100516a1c,U,28,
0x7100516a78,U,28,
0x7100516ae0,U,204,
0x7100516bb0,U,244,
0x7100516ca8,U,376,
0x7100516e20,U,232,
0x7100518494,U,232,
0x710051857c,U,264,
0x7100518684,U,1080,
0x7100518abc,U,1080,
0x7100518ef4,U,340,
0x7100519048,U,464,
0x7100519218,U,392,
0x71005193a0,U,1100,
0x71005197f4,U,852,
0x7100519b48,U,172,
0x7100519bf4,U,248,
0x7100519cec,U,800,
0x710051a00c,U,2784,
0x710051aaec,U,704,
0x710051ade4,U,1196,
0x710051b290,U,792,
0x710051b5a8,U,1372,
0x710051bb04,U,1152,
0x710051c018,U,1336,
0x710051c550,U,28,
0x710051c5dc,U,96,
0x710051c6bc,U,84,
0x710051c710,U,672,
0x710051c9b0,U,396,
0x710051cb3c,U,268,
0x710051cc4c,U,16,
0x710051cc5c,U,380,
0x710051cdd8,U,376,
0x710051cf50,U,996,
0x710051d344,U,28,
0x710051d464,U,260,
0x710051d56c,U,160,
0x710051d60c,U,52,
0x710051d640,U,84,
0x710051d6a0,U,424,
0x710051d84c,U,244,
0x710051d944,U,364,
0x710051dab0,U,48,
0x710051dae0,U,100,
0x710051db44,U,4,
0x710051db48,U,900,
0x710051decc,U,28,
0x710051defc,U,28,
0x710051df40,U,204,
0x710051e010,U,244,
0x710051e650,U,344,
0x710051e7a8,U,380,
0x710051e924,U,380,
0x710051eaa0,U,300,
0x710051ebcc,U,204,
0x710051ecd4,U,136,
0x710051ef14,U,28,
0x710051ef40,U,28,
0x710051f254,U,244,
0x710051f34c,U,388,
0x710051f4f8,U,28,
0x710051f524,U,28,
0x710051f5a0,U,160,
0x710051f644,U,244,
0x710051f738,U,34340,
0x7100527d5c,U,388,
0x7100527ee0,U,380,
0x710052805c,U,380,
0x71005281d8,U,380,
0x7100528354,U,380,
0x71005284d0,U,380,
0x710052864c,U,380,
0x71005287c8,U,380,
0x7100528944,U,380,
0x7100528ac0,U,380,
0x7100528c3c,U,380,
0x7100528db8,U,380,
0x7100528f34,U,380,
0x71005290b0,U,380,
0x710052922c,U,380,
0x71005293a8,U,380,
0x7100529524,U,380,
0x71005296a0,U,380,
0x710052981c,U,380,
0x7100529998,U,380,
0x7100529b14,U,380,
0x7100529c90,U,380,
0x7100529e0c,U,380,
0x7100529f88,U,380,
0x710052a104,U,380,
0x710052a280,U,380,
0x710052a3fc,U,380,
0x710052a578,U,380,
0x710052a6f4,U,380,
0x710052a870,U,380,
0x710052a9ec,U,380,
0x710052ab68,U,380,
0x710052ace4,U,380,
0x710052ae60,U,380,
0x710052afdc,U,380,
0x710052b158,U,380,
0x710052b2d4,U,380,
0x710052b450,U,380,
0x710052b5cc,U,380,
0x710052b748,U,380,
0x710052b8c4,U,380,
0x710052ba40,U,380,
0x710052bbbc,U,380,
0x710052bd38,U,380,
0x710052beb4,U,380,
0x710052c030,U,380,
0x710052c1ac,U,380,
0x710052c328,U,380,
0x710052c4a4,U,380,
0x710052c620,U,380,
0x710052c79c,U,380,
0x710052c918,U,380,
0x710052ca94,U,380,
0x710052cc10,U,380,
0x710052cd8c,U,380,
0x710052cf08,U,380,
0x710052d084,U,380,
0x710052d200,U,1072,
0x710052d860,U,28,
0x710052d88c,U,28,
0x710052d8f8,U,68,
0x710052d9f8,U,68,
0x710052daf8,U,68,
0x710052dbf8,U,68,
0x710052dcf8,U,68,
0x710052ddf8,U,68,
0x710052def8,U,68,
0x710052dff8,U,68,
0x710052e0f8,U,68,
0x710052e1f8,U,68,
0x710052e2f8,U,68,
0x710052e3f8,U,68,
0x710052e4f8,U,68,
0x710052e5f8,U,68,
0x710052e6f8,U,68,
0x710052e7f8,U,68,
0x710052e8f8,U,68,
0x710052e9f8,U,68,
0x710052eaf8,U,68,
0x710052ebf8,U,68,
0x710052ecf8,U,68,
0x710052edf8,U,68,
0x710052eef8,U,68,
0x710052eff8,U,68,
0x710052f0f8,U,68,
0x710052f1f8,U,68,
0x710052f2f8,U,68,
0x710052f3f8,U,68,
0x710052f4f8,U,68,
0x710052f5f8,U,68,
0x710052f6f8,U,68,
0x710052f7f8,U,68,
0x710052f8f8,U,68,
0x710052f9f8,U,68,
0x710052faf8,U,68,
0x710052fbf8,U,68,
0x710052fcf8,U,68,
0x710052fdf8,U,68,
0x710052fef8,U,68,
0x710052fff8,U,68,
0x71005300f8,U,68,
0x71005301f8,U,68,
0x71005302f8,U,68,
0x71005303f8,U,68,
0x71005304f8,U,68,
0x71005305f8,U,68,
0x71005306f8,U,68,
0x71005307f8,U,68,
0x71005308f8,U,68,
0x71005309f8,U,68,
0x7100530af8,U,68,
0x7100530bf8,U,68,
0x7100530cf8,U,68,
0x7100530df8,U,68,
0x7100530ef8,U,68,
0x7100530ff8,U,68,
0x7100531100,U,200,
0x7100531314,U,384,
0x7100531760,U,384,
0x7100531a8c,U,384,
0x7100531c10,U,240,
0x7100531e78,U,388,
0x7100531ffc,U,440,
0x71005321d8,U,220,
0x71005322b4,U,220,
0x7100532390,U,220,
0x710053246c,U,220,
0x71005328cc,U,388,
0x7100532a50,U,220,
0x7100532eb0,U,388,
0x7100533034,U,220,
0x7100533110,U,480,
0x71005332f4,U,240,
0x7100533660,U,388,
0x71005337e4,U,720,
0x7100533ad8,U,220,
0x7100533bb4,U,220,
0x7100533c90,U,220,
0x7100533d6c,U,220,
0x71005341cc,U,388,
0x7100534350,U,220,
0x71005347b0,U,388,
0x7100534934,U,220,
0x7100534a10,U,480,
0x7100534bf4,U,240,
0x7100534ef4,U,388,
0x7100535078,U,664,
0x7100535334,U,220,
0x7100535410,U,220,
0x71005354ec,U,220,
0x71005355c8,U,220,
0x7100535a28,U,388,
0x7100535bac,U,220,
0x710053600c,U,388,
0x7100536190,U,220,
0x710053626c,U,480,
0x7100536450,U,248,
0x7100537bf4,U,244,
0x7100537ce8,U,13968,
0x710053b378,U,388,
0x710053b4fc,U,380,
0x710053b678,U,696,
0x710053b934,U,244,
0x710053d584,U,356,
0x710053d6e8,U,380,
0x710053d864,U,380,
0x710053d9e0,U,380,
0x710053db5c,U,380,
0x710053dcd8,U,380,
0x710053de54,U,380,
0x710053dfd0,U,380,
0x710053e14c,U,380,
0x710053e2c8,U,380,
0x710053e444,U,380,
0x710053e5c0,U,3484,
0x710053f35c,U,436,
0x710053f510,U,2700,
0x710053ff9c,U,632,
0x7100540238,U,88,
0x7100540384,U,172,
0x7100540430,U,992,
0x7100540810,U,332,
0x710054095c,U,376,
0x7100540ad4,U,764,
0x7100540dd0,U,1784,
0x71005414c8,U,456,
0x7100541690,U,44,
0x71005416bc,U,244,
0x71005417b0,U,176,
0x7100541860,U,276,
0x7100541974,U,1108,
0x7100541dc8,U,28,
0x7100541de4,U,80,
0x7100541e34,U,48,
0x7100541e64,U,368,
0x7100541fd4,U,512,
0x71005421d4,U,4,
0x7100543148,U,828,
0x7100543484,U,612,
0x71005436e8,U,416,
0x7100543b30,U,416,
0x7100544198,U,1544,
0x71005447a0,U,644,
0x7100544a24,U,16,
0x7100544a34,U,1412,
0x7100544fb8,U,384,
0x7100545138,U,380,
0x71005452b4,U,684,
0x7100545560,U,16,
0x7100545570,U,120,
0x71005455e8,U,1292,
0x7100545b90,U,48,
0x7100546074,U,1116,
0x71005464d0,U,388,
0x7100546654,U,32,
0x7100546674,U,8,
0x710054667c,U,188,
0x7100546738,U,760,
0x7100546a30,U,744,
0x7100546d18,U,1092,
0x710054715c,U,352,
0x71005472bc,U,20,
0x71005472d0,U,4,
0x71005472d4,U,340,
0x7100547428,U,200,
0x71005474f4,U,820,
0x710054782c,U,372,
0x71005479a0,U,1604,
0x7100547fe4,U,248,
0x71005480dc,U,68,
0x7100548120,U,1228,
0x71005497c4,U,564,
0x7100549bcc,U,764,
0x7100549ec8,U,16,
0x7100549ed8,U,1012,
0x710054a2cc,U,220,
0x710054a3a8,U,1008,
0x710054a798,U,708,
0x710054aa5c,U,140,
0x710054aae8,U,220,
0x710054abc4,U,48,
0x710054abf4,U,136,
0x710054ac7c,U,176,
0x710054ad2c,U,416,
0x710054aecc,U,416,
0x710054b06c,U,180,
0x710054b120,U,224,
0x710054b200,U,176,
0x710054b2b0,U,224,
0x710054b390,U,188,
0x710054b44c,U,84,
0x710054b4a0,U,8,
0x710054b4b0,U,324,
0x710054b5f4,U,840,
0x710054b93c,U,748,
0x710054bc28,U,144,
0x710054bcb8,U,612,
0x710054c504,U,2216,
0x710054cdac,U,504,
0x710054cfa4,U,24,
0x710054cfbc,U,60,
0x710054cff8,U,372,
0x710054d16c,U,6500,
0x710054ead0,U,1248,
0x710054efb0,U,2360,
0x710054f8e8,U,368,
0x710054fa58,U,636,
0x710054fcd4,U,2416,
0x7100550644,U,1908,
0x7100550db8,U,96,
0x7100550e18,U,112,
0x7100550e88,U,172,
0x7100550f34,U,1340,
0x7100551470,U,184,
0x710055152c,U,28,
0x7100551548,U,64,
0x7100551588,U,1092,
0x71005519cc,U,332,
0x7100551b18,U,456,
0x7100551ce4,U,180,
0x7100551d98,U,180,
0x7100551e4c,U,192,
0x7100551f0c,U,188,
0x7100551fc8,U,472,
0x71005521a0,U,372,
0x7100552314,U,8,
0x7100552324,U,1496,
0x71005528fc,U,312,
0x7100552a34,U,188,
0x7100552af0,U,648,
0x7100552d78,U,4,
0x7100552d7c,U,24,
0x7100552d94,U,168,
0x7100552e3c,U,168,
0x7100552ee4,U,44,
0x7100552f10,U,580,
0x7100553154,U,3972,
0x71005540d8,U,272,
0x71005541e8,U,216,
0x7100554660,U,220,
0x7100554740,U,2004,
0x7100554f18,U,680,
0x71005551c0,U,488,
0x71005553a8,U,248,
0x71005554a0,U,2412,
0x7100555e14,U,480,
0x7100555ff4,U,1416,
0x710055657c,U,1668,
0x7100556c00,U,320,
0x7100556d40,U,220,
0x7100557428,U,116,
0x710055749c,U,296,
0x71005575c4,U,288,
0x7100557934,U,100,
0x7100557ae4,U,2224,
0x7100558394,U,1024,
0x7100558794,U,164,
0x7100558838,U,272,
0x7100558948,U,644,
0x7100558bcc,U,584,
0x7100558ed8,U,548,
0x71005590fc,U,428,
0x71005592a8,U,4,
0x71005592ac,U,324,
0x71005593f0,U,296,
0x7100559518,U,428,
0x71005596c4,U,1428,
0x7100559c58,U,780,
0x7100559f64,U,2800,
0x710055aaa0,U,976,
0x710055ae70,U,660,
0x710055b104,U,220,
0x710055b1e8,U,604,
0x710055b444,U,164,
0x710055b52c,U,68,
0x710055b574,U,84,
0x710055b5c8,U,84,
0x710055b6c0,U,3000,
0x710055c27c,U,60,
0x710055c2b8,U,44,
0x710055c2e4,U,28,
0x710055c300,U,28,
0x710055c31c,U,28,
0x710055c338,U,28,
0x710055c420,U,368,
0x710055c590,U,104,
0x710055c630,U,20,
0x710055c690,U,352,
0x710055c7f0,U,104,
0x710055c89c,U,20,
0x710055c930,U,360,
0x710055ca98,U,88,
0x710055cb28,U,20,
0x710055cb88,U,360,
0x710055ccf0,U,88,
0x710055cd80,U,20,
0x710055cde0,U,364,
0x710055cf4c,U,60,
0x710055cf8c,U,112,
0x710055d018,U,20,
0x710055d0d8,U,176,
0x710055d188,U,176,
0x710055d238,U,364,
0x710055d3a4,U,60,
0x710055d3e4,U,112,
0x710055d470,U,20,
0x710055d530,U,176,
0x710055d5e0,U,176,
0x710055d69c,U,368,
0x710055d80c,U,104,
0x710055d8ac,U,20,
0x710055d90c,U,352,
0x710055da6c,U,104,
0x710055db18,U,20,
0x710055dbac,U,360,
0x710055dd14,U,88,
0x710055dda4,U,20,
0x710055de04,U,360,
0x710055df6c,U,88,
0x710055dffc,U,20,
0x710055e05c,U,364,
0x710055e1c8,U,60,
0x710055e208,U,112,
0x710055e294,U,20,
0x710055e354,U,176,
0x710055e404,U,176,
0x710055e4b4,U,364,
0x710055e620,U,60,
0x710055e660,U,112,
0x710055e6ec,U,20,
0x710055e7ac,U,176,
0x710055e85c,U,176,
0x710055e918,U,368,
0x710055ea88,U,104,
0x710055eb28,U,20,
0x710055eb88,U,352,
0x710055ece8,U,104,
0x710055ed94,U,20,
0x710055ee28,U,360,
0x710055ef90,U,88,
0x710055f020,U,20,
0x710055f080,U,360,
0x710055f1e8,U,88,
0x710055f278,U,20,
0x710055f2d8,U,364,
0x710055f444,U,60,
0x710055f484,U,112,
0x710055f510,U,20,
0x710055f5d0,U,176,
0x710055f680,U,176,
0x710055f730,U,364,
0x710055f89c,U,60,
0x710055f8dc,U,112,
0x710055f968,U,20,
0x710055fa28,U,176,
0x710055fad8,U,176,
0x710055fb94,U,28,
0x710055fc44,U,96,
0x710055fde8,U,84,
0x710055fe3c,U,280,
0x710055ff54,U,280,
0x710056041c,U,484,
0x7100560600,U,748,
0x71005608ec,U,396,
0x7100560a78,U,268,
0x7100560b88,U,16,
0x7100560b98,U,380,
0x7100560d14,U,376,
0x7100560e8c,U,988,
0x71005613d8,U,28,
0x71005614b0,U,108,
0x710056151c,U,108,
0x7100561588,U,344,
0x7100561910,U,80,
0x7100561960,U,84,
0x7100561ac4,U,80,
0x7100561b14,U,84,
0x7100561b70,U,100,
0x7100561e0c,U,144,
0x7100561f54,U,612,
0x71005621b8,U,564,
0x710056240c,U,260,
0x7100562510,U,268,
0x7100562630,U,28,
0x710056273c,U,140,
0x71005627c8,U,140,
0x7100562854,U,588,
0x7100562cd0,U,80,
0x7100562d20,U,84,
0x7100562e84,U,80,
0x7100562ed4,U,84,
0x7100562f30,U,100,
0x71005631cc,U,144,
0x7100563314,U,612,
0x7100563578,U,564,
0x71005637cc,U,260,
0x71005638d0,U,268,
0x71005639f0,U,28,
0x7100563a0c,U,220,
0x7100563afc,U,140,
0x7100563b88,U,140,
0x7100563c14,U,884,
0x7100563f88,U,556,
0x71005643e4,U,80,
0x7100564434,U,84,
0x7100564598,U,80,
0x71005645e8,U,84,
0x7100564644,U,100,
0x71005648e0,U,144,
0x7100564a28,U,612,
0x7100564cac,U,260,
0x7100564db0,U,268,
0x7100564ecc,U,28,
0x7100564ff0,U,28,
0x7100565044,U,108,
0x710056524c,U,172,
0x7100565538,U,164,
0x71005659a8,U,412,
0x7100565b44,U,216,
0x7100565c90,U,24,
0x7100565ca8,U,28,
0x7100565cc4,U,28,
0x7100565ce0,U,24,
0x7100565cf8,U,24,
0x7100565d38,U,436,
0x7100565ef0,U,400,
0x7100566080,U,400,
0x7100566210,U,436,
0x71005663c4,U,188,
0x7100566480,U,536,
0x7100566698,U,336,
0x7100566930,U,4284,
0x71005679f0,U,2892,
0x7100568540,U,1824,
0x7100568c60,U,2396,
0x71005695c0,U,712,
0x7100569890,U,824,
0x7100569e58,U,220,
0x710056a010,U,536,
0x710056a228,U,336,
0x710056a37c,U,244,
0x710056a474,U,352,
0x710056a5fc,U,80,
0x710056a6a8,U,552,
0x710056ace0,U,240,
0x710056ae98,U,28,
0x710056af48,U,28,
0x710056afb0,U,160,
0x710056b050,U,220,
0x710056b12c,U,220,
0x710056b20c,U,240,
0x710056b2fc,U,22560,
0x7100570b1c,U,388,
0x7100570ca0,U,368,
0x7100570e10,U,104,
0x7100570eb0,U,20,
0x7100570f10,U,368,
0x7100571080,U,104,
0x7100571120,U,20,
0x7100571194,U,28,
0x7100571280,U,200,
0x710057134c,U,244,
0x7100571444,U,352,
0x71005715cc,U,112,
0x7100571660,U,212,
0x710057175c,U,120,
0x71005717d4,U,52,
0x7100571808,U,268,
0x7100571914,U,28,
0x71005719e0,U,28,
0x7100571a50,U,200,
0x7100571cc4,U,384,
0x7100571f90,U,384,
0x7100572110,U,20,
0x7100572130,U,268,
0x71005725f8,U,108,
0x7100572698,U,40,
0x71005726c0,U,116,
0x7100572908,U,320,
0x7100572a48,U,32,
0x7100572a68,U,316,
0x7100572ba4,U,1152,
0x7100573050,U,180,
0x7100573104,U,36,
0x7100573128,U,108,
0x7100573194,U,108,
0x7100573200,U,24,
0x7100573218,U,4,
0x7100573250,U,140,
0x71005732dc,U,384,
0x710057345c,U,312,
0x71005735b8,U,380,
0x7100573734,U,484,
0x7100573918,U,328,
0x7100573a60,U,756,
0x7100573d54,U,380,
0x7100573ed0,U,32,
0x7100573ef0,U,32,
0x7100573f30,U,4444,
0x71005750b0,U,140,
0x710057513c,U,220,
0x7100575218,U,220,
0x71005752f4,U,220,
0x71005753d0,U,220,
0x7100575830,U,388,
0x71005759b4,U,220,
0x7100575e14,U,388,
0x7100575f98,U,220,
0x7100576074,U,480,
0x7100576258,U,240,
0x7100576724,U,388,
0x71005768a8,U,268,
0x7100576ae8,U,220,
0x7100576bc4,U,28,
0x7100576be0,U,368,
0x7100576d50,U,104,
0x7100576df0,U,20,
0x7100576e50,U,352,
0x7100576fb0,U,104,
0x710057705c,U,20,
0x71005770f0,U,360,
0x7100577258,U,88,
0x71005772e8,U,20,
0x7100577348,U,360,
0x71005774b0,U,88,
0x7100577540,U,20,
0x71005775a0,U,364,
0x710057770c,U,60,
0x710057774c,U,112,
0x71005777d8,U,20,
0x7100577898,U,176,
0x7100577948,U,176,
0x71005779f8,U,364,
0x7100577b64,U,60,
0x7100577ba4,U,112,
0x7100577c30,U,20,
0x7100577cf0,U,176,
0x7100577da0,U,176,
0x710057808c,U,80,
0x71005780dc,U,84,
0x7100578240,U,80,
0x7100578290,U,84,
0x71005782ec,U,100,
0x7100578588,U,144,
0x71005786d0,U,612,
0x7100578954,U,260,
0x7100578a58,U,268,
0x7100578b74,U,28,
0x7100578c60,U,844,
0x7100578fb0,U,244,
0x71005790a8,U,388,
0x710057922c,U,28,
0x71005792bc,U,28,
0x7100579330,U,160,
0x71005793d4,U,244,
0x71005794cc,U,352,
0x710057962c,U,112,
0x7100579e34,U,28,
0x7100579f08,U,28,
0x7100579f70,U,160,
0x710057a010,U,36,
0x710057a034,U,260,
0x710057a224,U,160,
0x710057a2c4,U,232,
0x710057a3ac,U,148,
0x710057a440,U,140,
0x710057a4d0,U,244,
0x710057b688,U,352,
0x710057b820,U,28,
0x710057b84c,U,28,
0x710057b8b0,U,160,
0x710057b954,U,244,
0x710057ba4c,U,388,
0x710057bbf8,U,28,
0x710057bc24,U,28,
0x710057bca0,U,160,
0x710057bd44,U,244,
0x710057be3c,U,388,
0x710057bfd0,U,28,
0x710057c054,U,28,
0x710057c0a0,U,160,
0x710057c144,U,244,
0x710057c23c,U,356,
0x710057c3c8,U,16,
0x710057c3d8,U,928,
0x710057c778,U,264,
0x710057c884,U,144,
0x710057c914,U,1076,
0x710057cd48,U,760,
0x710057d040,U,1240,
0x710057d518,U,472,
0x710057d6f0,U,360,
0x710057d858,U,644,
0x710057dadc,U,496,
0x710057dccc,U,444,
0x710057de88,U,124,
0x710057df04,U,580,
0x710057e148,U,88,
0x710057e1a0,U,120,
0x710057e218,U,96,
0x710057e5cc,U,504,
0x710057e7c4,U,928,
0x710057eb64,U,248,
0x710057ec5c,U,292,
0x710057ee4c,U,28,
0x710057ef04,U,28,
0x710057ef20,U,112,
0x710057f100,U,244,
0x710057f1f8,U,352,
0x710057f388,U,120,
0x710057f400,U,120,
0x710057f478,U,120,
0x710057f4f0,U,120,
0x710057f568,U,28,
0x710057f618,U,28,
0x710057f680,U,160,
0x710057f724,U,244,
0x710057f81c,U,352,
0x710057f9a4,U,112,
0x710057fa44,U,28,
0x710057faf4,U,28,
0x710057fb50,U,160,
0x710057fbf4,U,244,
0x710057fcec,U,352,
0x710057fe4c,U,48,
0x710057fe7c,U,4,
0x710057fea4,U,28,
0x710057fed4,U,28,
0x710057ff30,U,160,
0x710057ffd4,U,244,
0x71005800cc,U,388,
0x7100580250,U,56,
0x7100580288,U,96,
0x71005802e8,U,84,
0x710058033c,U,512,
0x7100580584,U,28,
0x71005805d8,U,28,
0x7100580720,U,200,
0x71005807ec,U,244,
0x7100580f48,U,352,
0x71005810ac,U,244,
0x71005811a0,U,124,
0x710058121c,U,388,
0x71005813a0,U,696,
0x71005816d0,U,4,
0x71005817f0,U,28,
0x710058180c,U,28,
0x710058185c,U,28,
0x71005818d8,U,28,
0x7100581960,U,232,
0x7100581a4c,U,244,
0x7100581b44,U,356,
0x7100581d30,U,172,
0x71005820c4,U,284,
0x71005824cc,U,96,
0x7100582e28,U,28,
0x7100582ed8,U,28,
0x7100582f50,U,444,
0x7100583110,U,244,
0x7100583428,U,352,
0x7100583588,U,56,
0x71005835c0,U,4,
0x71005835e8,U,28,
0x7100583618,U,28,
0x7100583680,U,160,
0x7100583724,U,244,
0x710058381c,U,352,
0x710058397c,U,48,
0x71005839ac,U,4,
0x71005839d4,U,28,
0x7100583a1c,U,28,
0x7100583a80,U,160,
0x7100583b24,U,244,
0x7100583c1c,U,388,
0x7100583da0,U,116,
0x7100583e14,U,96,
0x7100583e74,U,1820,
0x7100584590,U,532,
0x71005858c4,U,520,
0x7100585acc,U,460,
0x7100585c98,U,416,
0x710058605c,U,28,
0x7100586078,U,256,
0x71005861b0,U,28,
0x7100586240,U,208,
0x7100586310,U,208,
0x710058644c,U,372,
0x71005865c4,U,24,
0x71005865e0,U,320,
0x7100586724,U,244,
0x710058681c,U,388,
0x71005869a0,U,48,
0x71005869d0,U,96,
0x7100586a30,U,732,
0x7100587264,U,28,
0x7100587280,U,204,
0x7100587384,U,28,
0x710058760c,U,68,
0x7100587650,U,68,
0x7100587694,U,464,
0x7100587870,U,200,
0x710058793c,U,244,
0x7100587b3c,U,352,
0x7100587d5c,U,28,
0x7100587d88,U,28,
0x7100587e40,U,160,
0x7100587ee4,U,244,
0x71005880ac,U,356,
0x7100588210,U,296,
0x710058835c,U,208,
0x7100588474,U,684,
0x71005890f4,U,28,
0x71005891bc,U,28,
0x71005891d8,U,208,
0x71005892c0,U,244,
0x71005893b8,U,244,
0x7100589960,U,388,
0x7100589af4,U,28,
0x7100589b78,U,28,
0x7100589b94,U,140,
0x7100589c20,U,148,
0x7100589cb8,U,148,
0x7100589d50,U,160,
0x7100589df4,U,244,
0x7100589eec,U,388,
0x710058a070,U,584,
0x710058a2b8,U,176,
0x710058a368,U,308,
0x710058a5f8,U,112,
0x710058a6e4,U,792,
0x710058a9fc,U,2736,
0x710058b4ac,U,320,
0x710058b5ec,U,956,
0x710058b9a8,U,424,
0x710058beec,U,324,
0x710058c4bc,U,28,
0x710058c55c,U,132,
0x710058c618,U,28,
0x710058c634,U,272,
0x710058c768,U,288,
0x710058cb04,U,244,
0x710058cccc,U,352,
0x710058ce30,U,244,
0x710058d524,U,388,
0x710058d6a8,U,696,
0x710058d960,U,48,
0x710058d990,U,4,
0x710058d9b8,U,12,
0x710058d9c4,U,296,
0x710058daec,U,28,
0x710058db08,U,28,
0x710058db5c,U,28,
0x710058dbc4,U,28,
0x710058dc50,U,232,
0x710058df44,U,384,
0x710058e0c8,U,244,
0x710058e1c0,U,388,
0x710058e344,U,228,
0x710058e428,U,96,
0x710058e488,U,296,
0x710058e5b0,U,176,
0x710058e660,U,12,
0x710058e66c,U,8,
0x710058e67c,U,356,
0x710058e848,U,260,
0x710058e94c,U,288,
0x710058ea6c,U,324,
0x710058ebb0,U,336,
0x710058f1c8,U,264,
0x710058f2d0,U,4,
0x710058f2d4,U,28,
0x710058f3b4,U,28,
0x710058f630,U,88,
0x710058f8cc,U,244,
0x710058fb00,U,352,
0x710058fc64,U,244,
0x710058ffd8,U,388,
0x710059015c,U,696,
0x71005905e0,U,28,
0x7100590674,U,28,
0x71005906c4,U,28,
0x7100590740,U,28,
0x71005907c0,U,232,
0x71005908ac,U,244,
0x71005909a4,U,356,
0x7100590b08,U,100,
0x7100590b6c,U,80,
0x7100590c14,U,172,
0x7100590cc0,U,424,
0x7100590e68,U,260,
0x71005917a8,U,312,
0x71005918e0,U,60,
0x7100591968,U,348,
0x7100591ac4,U,56,
0x7100591b14,U,40,
0x7100591b54,U,252,
0x7100591d38,U,28,
0x7100591de8,U,28,
0x7100591e04,U,116,
0x7100591e90,U,444,
0x7100592050,U,244,
0x71005922c0,U,388,
0x7100592444,U,684,
0x7100592700,U,28,
0x7100592750,U,28,
0x71005927d0,U,160,
0x7100592874,U,244,
0x710059296c,U,352,
0x7100592ad0,U,244,
0x7100592d9c,U,388,
0x7100592f20,U,696,
0x71005931d8,U,48,
0x7100593208,U,4,
0x7100593230,U,28,
0x710059324c,U,28,
0x71005932a0,U,28,
0x7100593308,U,28,
0x7100593390,U,232,
0x710059347c,U,244,
0x7100593574,U,352,
0x71005936d8,U,244,
0x71005939ac,U,388,
0x7100593b30,U,696,
0x7100593de8,U,52,
0x7100593e1c,U,4,
0x7100593e44,U,28,
0x7100593e60,U,28,
0x7100593eb4,U,28,
0x7100593f20,U,28,
0x7100593fa0,U,232,
0x710059408c,U,244,
0x7100594184,U,388,
0x7100594308,U,104,
0x7100594370,U,144,
0x7100594488,U,96,
0x71005944e8,U,324,
0x710059462c,U,1488,
0x7100594c08,U,340,
0x7100594d5c,U,1184,
0x710059531c,U,784,
0x710059562c,U,648,
0x7100595e08,U,28,
0x7100595e28,U,448,
0x7100595ffc,U,28,
0x7100596304,U,432,
0x71005964c0,U,280,
0x71005965dc,U,244,
0x71005966d4,U,388,
0x7100596858,U,52,
0x710059688c,U,4,
0x71005968b4,U,96,
0x7100596914,U,540,
0x7100596bd0,U,752,
0x7100596ec0,U,28,
0x7100596ef0,U,28,
0x71005971f0,U,200,
0x71005972bc,U,244,
0x7100598594,U,388,
0x7100598718,U,696,
0x71005989d0,U,332,
0x7100598b1c,U,384,
0x7100598ca0,U,244,
0x7100598ff0,U,352,
0x7100599150,U,76,
0x710059919c,U,64,
0x7100599224,U,4,
0x7100599284,U,28,
0x71005992a0,U,28,
0x7100599308,U,28,
0x7100599418,U,28,
0x71005996a0,U,244,
0x7100599798,U,356,
0x71005998fc,U,196,
0x71005999c0,U,280,
0x7100599ad8,U,328,
0x7100599d3c,U,208,
0x7100599e0c,U,184,
0x7100599ec4,U,396,
0x710059a050,U,88,
0x710059a1e8,U,76,
0x710059a234,U,436,
0x710059a45c,U,1488,
0x710059aa2c,U,256,
0x710059ab2c,U,604,
0x710059ad88,U,240,
0x710059ae78,U,76,
0x710059aec4,U,508,
0x710059b0c0,U,612,
0x710059b324,U,1224,
0x710059b7ec,U,232,
0x710059b8d4,U,580,
0x710059bce8,U,260,
0x710059bea4,U,424,
0x710059c04c,U,376,
0x710059c1c4,U,28,
0x710059c274,U,28,
0x710059c290,U,208,
0x710059c4b0,U,84,
0x710059c510,U,200,
0x710059c5d8,U,108,
0x710059c644,U,280,
0x710059c75c,U,92,
0x710059c7b8,U,340,
0x710059c970,U,752,
0x710059cc60,U,620,
0x710059cecc,U,308,
0x710059d000,U,1004,
0x710059d3ec,U,1016,
0x710059d7e4,U,36,
0x710059d82c,U,148,
0x710059d950,U,140,
0x710059d9e0,U,244,
0x710059dba4,U,352,
0x710059ddd0,U,96,
0x710059de30,U,164,
0x710059ded4,U,28,
0x710059df00,U,28,
0x710059df70,U,160,
0x710059e014,U,244,
0x710059e10c,U,356,
0x710059e298,U,104,
0x710059e300,U,132,
0x710059e4f0,U,432,
0x710059e8e0,U,224,
0x710059e9c0,U,120,
0x710059ea38,U,168,
0x710059eae0,U,720,
0x710059edb0,U,72,
0x710059edf8,U,24,
0x710059ee10,U,304,
0x710059f058,U,88,
0x710059f0b0,U,28,
0x710059f160,U,28,
0x710059f17c,U,88,
0x710059f290,U,204,
0x710059f360,U,244,
0x710059f458,U,352,
0x710059f5bc,U,244,
0x710059fb10,U,388,
0x710059fc94,U,696,
0x710059ff4c,U,48,
0x710059ff7c,U,4,
0x710059ffa4,U,28,
0x710059ffe0,U,28,
0x71005a0034,U,28,
0x71005a009c,U,28,
0x71005a0120,U,232,
0x71005a020c,U,244,
0x71005a0304,U,388,
0x71005a0488,U,908,
0x71005a0814,U,384,
0x71005a0994,U,84,
0x71005a09e8,U,96,
0x71005a0a48,U,172,
0x71005a0bc0,U,184,
0x71005a0c78,U,648,
0x71005a0f00,U,272,
0x71005a1010,U,268,
0x71005a111c,U,28,
0x71005a127c,U,28,
0x71005a12ec,U,180,
0x71005a13a0,U,180,
0x71005a1460,U,348,
0x71005a15bc,U,348,
0x71005a178c,U,24,
0x71005a19c4,U,244,
0x71005a1abc,U,388,
0x71005a1c40,U,776,
0x71005a1f48,U,292,
0x71005a20ac,U,28,
0x71005a20fc,U,28,
0x71005a2180,U,160,
0x71005a2224,U,244,
0x71005a231c,U,356,
0x71005a2480,U,48,
0x71005a24b0,U,4,
0x71005a24d8,U,120,
0x71005a2550,U,4,
0x71005a2554,U,4,
0x71005a2558,U,84,
0x71005a27a8,U,28,
0x71005a2858,U,28,
0x71005a28c0,U,160,
0x71005a2964,U,244,
0x71005a2c78,U,352,
0x71005a2dd8,U,48,
0x71005a2e08,U,4,
0x71005a2e90,U,28,
0x71005a2ebc,U,28,
0x71005a2f20,U,160,
0x71005a2fc4,U,244,
0x71005a3294,U,388,
0x71005a3418,U,696,
0x71005a36d4,U,244,
0x71005a385c,U,352,
0x71005a3a34,U,44,
0x71005a3d34,U,28,
0x71005a3d50,U,28,
0x71005a3da0,U,28,
0x71005a3e30,U,28,
0x71005a3ea0,U,352,
0x71005a4004,U,244,
0x71005a40fc,U,356,
0x71005a4260,U,164,
0x71005a4304,U,172,
0x71005a43b0,U,172,
0x71005a4510,U,252,
0x71005a48b0,U,280,
0x71005a49c8,U,528,
0x71005a4bd8,U,16,
0x71005a4be8,U,156,
0x71005a4c84,U,108,
0x71005a4cf0,U,428,
0x71005a4e9c,U,556,
0x71005a50c8,U,36,
0x71005a50ec,U,36,
0x71005a5110,U,60,
0x71005a514c,U,332,
0x71005a52f8,U,176,
0x71005a53fc,U,140,
0x71005a5488,U,408,
0x71005a5620,U,28,
0x71005a56d0,U,28,
0x71005a56ec,U,104,
0x71005a5760,U,440,
0x71005a591c,U,244,
0x71005a5a14,U,388,
0x71005a5b98,U,512,
0x71005a5e58,U,28,
0x71005a5ea8,U,28,
0x71005a5f20,U,160,
0x71005a610c,U,384,
0x71005a6290,U,244,
0x71005a6458,U,352,
0x71005a65bc,U,244,
0x71005a7200,U,388,
0x71005a7384,U,696,
0x71005a7678,U,28,
0x71005a76ac,U,28,
0x71005a7770,U,28,
0x71005a77dc,U,28,
0x71005a7a78,U,244,
0x71005a7b70,U,388,
0x71005a7d28,U,28,
0x71005a7d54,U,28,
0x71005a7dd0,U,160,
0x71005a7e74,U,244,
0x71005a90ec,U,356,
0x71005a9250,U,380,
0x71005a93cc,U,380,
0x71005a9548,U,380,
0x71005a96c4,U,556,
0x71005a9914,U,120,
0x71005a9eac,U,300,
0x71005aa0e4,U,36,
0x71005aa4b4,U,2248,
0x71005aad7c,U,220,
0x71005aae58,U,24,
0x71005aae70,U,528,
0x71005ab080,U,272,
0x71005ab190,U,644,
0x71005ab414,U,296,
0x71005ab53c,U,904,
0x71005ab918,U,532,
0x71005abb2c,U,28,
0x71005abca0,U,28,
0x71005abd60,U,28,
0x71005abd7c,U,272,
0x71005abfa0,U,480,
0x71005ac184,U,244,
0x71005ac27c,U,352,
0x71005ac534,U,28,
0x71005ac5e4,U,28,
0x71005ac640,U,160,
0x71005ac6e0,U,36,
0x71005ac704,U,260,
0x71005ac8f4,U,160,
0x71005aca7c,U,328,
0x71005acbd0,U,140,
0x71005acc60,U,244,
0x71005acd58,U,352,
0x71005aceb8,U,48,
0x71005acee8,U,4,
0x71005ad014,U,28,
0x71005ad044,U,28,
0x71005ad0a0,U,160,
0x71005ad144,U,244,
0x71005ad3b4,U,352,
0x71005ad514,U,48,
0x71005ad544,U,4,
0x71005ad56c,U,28,
0x71005ad59c,U,28,
0x71005ad600,U,160,
0x71005ad6a4,U,244,
0x71005ad79c,U,352,
0x71005ad8fc,U,48,
0x71005ad92c,U,4,
0x71005ad954,U,28,
0x71005ad984,U,28,
0x71005ad9e0,U,160,
0x71005ada84,U,240,
0x71005add94,U,388,
0x71005adf20,U,220,
0x71005adffc,U,220,
0x71005ae0d8,U,220,
0x71005ae1b4,U,220,
0x71005ae614,U,388,
0x71005ae798,U,220,
0x71005aebf8,U,388,
0x71005aed7c,U,220,
0x71005aee58,U,480,
0x71005af03c,U,244,
0x71005af5d4,U,352,
0x71005af734,U,176,
0x71005af7e4,U,396,
0x71005af9d8,U,68,
0x71005afa1c,U,68,
0x71005afa60,U,28,
0x71005afa7c,U,28,
0x71005afa98,U,368,
0x71005afc08,U,104,
0x71005afca8,U,20,
0x71005afd08,U,352,
0x71005afe68,U,104,
0x71005aff14,U,20,
0x71005affa8,U,360,
0x71005b0110,U,88,
0x71005b01a0,U,20,
0x71005b0200,U,360,
0x71005b0368,U,88,
0x71005b03f8,U,20,
0x71005b0458,U,364,
0x71005b05c4,U,60,
0x71005b0604,U,112,
0x71005b0690,U,20,
0x71005b0750,U,176,
0x71005b0800,U,176,
0x71005b08b0,U,364,
0x71005b0a1c,U,60,
0x71005b0a5c,U,112,
0x71005b0ae8,U,20,
0x71005b0ba8,U,176,
0x71005b0c58,U,176,
0x71005b0d28,U,28,
0x71005b1014,U,80,
0x71005b1064,U,84,
0x71005b11c8,U,80,
0x71005b1218,U,84,
0x71005b1274,U,100,
0x71005b1510,U,144,
0x71005b1658,U,612,
0x71005b18bc,U,564,
0x71005b1b10,U,260,
0x71005b1c14,U,268,
0x71005b1d34,U,28,
0x71005b1d50,U,164,
0x71005b2164,U,244,
0x71005b225c,U,352,
0x71005b23bc,U,48,
0x71005b23ec,U,4,
0x71005b2414,U,28,
0x71005b2444,U,28,
0x71005b24a0,U,160,
0x71005b2544,U,244,
0x71005b263c,U,352,
0x71005b279c,U,48,
0x71005b27cc,U,4,
0x71005b27f4,U,28,
0x71005b2824,U,28,
0x71005b2880,U,160,
0x71005b2924,U,244,
0x71005b2a1c,U,388,
0x71005b2ba0,U,88,
0x71005b2bf8,U,96,
0x71005b2c58,U,36,
0x71005b2c7c,U,152,
0x71005b2d14,U,432,
0x71005b2ec4,U,176,
0x71005b2f74,U,108,
0x71005b2fe0,U,148,
0x71005b3074,U,28,
0x71005b3090,U,216,
0x71005b3168,U,224,
0x71005b325c,U,28,
0x71005b32d0,U,324,
0x71005b3414,U,324,
0x71005b3564,U,80,
0x71005b35b4,U,80,
0x71005b3610,U,160,
0x71005b36b4,U,244,
0x71005b37ac,U,388,
0x71005b3930,U,72,
0x71005b3978,U,96,
0x71005b39d8,U,392,
0x71005b3cb4,U,68,
0x71005b3cf8,U,360,
0x71005b3e60,U,412,
0x71005b3ffc,U,28,
0x71005b40a8,U,320,
0x71005b41fc,U,28,
0x71005b42d4,U,448,
0x71005b4494,U,372,
0x71005b4608,U,24,
0x71005b4620,U,200,
0x71005b46ec,U,244,
0x71005b47e4,U,388,
0x71005b4968,U,48,
0x71005b4998,U,588,
0x71005b4bf4,U,28,
0x71005b4c10,U,224,
0x71005b4d04,U,28,
0x71005b4d50,U,348,
0x71005b4eac,U,348,
0x71005b5014,U,88,
0x71005b506c,U,88,
0x71005b50d0,U,160,
0x71005b5174,U,244,
0x71005b526c,U,388,
0x71005b53f0,U,60,
0x71005b542c,U,96,
0x71005b54f0,U,228,
0x71005b6320,U,220,
0x71005b65f4,U,28,
0x71005b6610,U,224,
0x71005b6704,U,28,
0x71005b675c,U,356,
0x71005b68c0,U,356,
0x71005b6a30,U,96,
0x71005b6a90,U,96,
0x71005b6af0,U,160,
0x71005b6b94,U,244,
0x71005b6c8c,U,388,
0x71005b6e10,U,48,
0x71005b6e40,U,348,
0x71005b70f0,U,28,
0x71005b710c,U,224,
0x71005b7200,U,28,
0x71005b724c,U,348,
0x71005b73a8,U,348,
0x71005b7510,U,88,
0x71005b7568,U,88,
0x71005b75c0,U,160,
0x71005b7664,U,244,
0x71005b775c,U,388,
0x71005b78e0,U,48,
0x71005b7910,U,224,
0x71005b7a3c,U,348,
0x71005b7b9c,U,124,
0x71005b7c18,U,28,
0x71005b7c34,U,224,
0x71005b7d28,U,28,
0x71005b7d74,U,348,
0x71005b7ed0,U,348,
0x71005b8038,U,88,
0x71005b8090,U,88,
0x71005b80f0,U,200,
0x71005b81bc,U,244,
0x71005b866c,U,388,
0x71005b87f0,U,696,
0x71005b8aac,U,244,
0x71005b96bc,U,352,
0x71005b981c,U,212,
0x71005b98f0,U,236,
0x71005b9ab8,U,32,
0x71005b9ad8,U,76,
0x71005b9b24,U,28,
0x71005b9b40,U,28,
0x71005b9b90,U,28,
0x71005b9c20,U,28,
0x71005b9c80,U,232,
0x71005ba098,U,244,
0x71005ba30c,U,356,
0x71005ba470,U,1476,
0x71005baa34,U,2760,
0x71005bb840,U,9728,
0x71005bde40,U,220,
0x71005bdf1c,U,464,
0x71005be3ec,U,2540,
0x71005befd8,U,20,
0x71005befec,U,116,
0x71005bf060,U,220,
0x71005bf13c,U,656,
0x71005bfb88,U,732,
0x71005bfe64,U,664,
0x71005c00fc,U,144,
0x71005c01ac,U,144,
0x71005c023c,U,44,
0x71005c0314,U,280,
0x71005c042c,U,388,
0x71005c05b0,U,332,
0x71005c0e74,U,136,
0x71005c0efc,U,48,
0x71005c0f2c,U,68,
0x71005c0f70,U,152,
0x71005c1008,U,220,
0x71005c11fc,U,720,
0x71005c18dc,U,392,
0x71005c1a64,U,1116,
0x71005c21c0,U,448,
0x71005c2380,U,384,
0x71005c2500,U,760,
0x71005c27f8,U,496,
0x71005c29e8,U,324,
0x71005c2b2c,U,852,
0x71005c3084,U,220,
0x71005c3160,U,372,
0x71005c32d4,U,220,
0x71005c3ac0,U,496,
0x71005c3cf4,U,68,
0x71005c3d38,U,112,
0x71005c3dc4,U,28,
0x71005c3e6c,U,264,
0x71005c3f84,U,28,
0x71005c4070,U,164,
0x71005c4188,U,24,
0x71005c41bc,U,436,
0x71005c437c,U,168,
0x71005c4494,U,412,
0x71005c4630,U,500,
0x71005c4828,U,400,
0x71005c49b8,U,24,
0x71005c49d4,U,244,
0x71005c4acc,U,352,
0x71005c4c2c,U,48,
0x71005c4c5c,U,4,
0x71005c4c84,U,28,
0x71005c4cb4,U,28,
0x71005c4d10,U,160,
0x71005c4db4,U,244,
0x71005c4eac,U,352,
0x71005c500c,U,60,
0x71005c5048,U,4,
0x71005c5070,U,28,
0x71005c50a0,U,28,
0x71005c5110,U,160,
0x71005c51b4,U,244,
0x71005c52ac,U,388,
0x71005c5430,U,72,
0x71005c5478,U,96,
0x71005c54e4,U,272,
0x71005c55f4,U,228,
0x71005c57fc,U,28,
0x71005c5944,U,28,
0x71005c5b94,U,360,
0x71005c5d10,U,200,
0x71005c5ddc,U,244,
0x71005c5ed4,U,388,
0x71005c6058,U,428,
0x71005c6204,U,384,
0x71005c6384,U,76,
0x71005c63d0,U,96,
0x71005c6430,U,40,
0x71005c6458,U,1212,
0x71005c6914,U,532,
0x71005c6b28,U,632,
0x71005c6da0,U,604,
0x71005c70e0,U,276,
0x71005c7274,U,28,
0x71005c73d4,U,28,
0x71005c7640,U,368,
0x71005c7a6c,U,244,
0x71005c7ec8,U,388,
0x71005c8780,U,220,
0x71005c8e90,U,28,
0x71005c8ee0,U,28,
0x71005c8f60,U,160,
0x71005c9004,U,244,
0x71005c90fc,U,388,
0x71005c92a8,U,116,
0x71005c931c,U,28,
0x71005c9348,U,28,
0x71005c93c0,U,160,
0x71005c9464,U,244,
0x71005c955c,U,388,
0x71005c9834,U,28,
0x71005c9860,U,28,
0x71005c98e0,U,160,
0x71005c9acc,U,384,
0x71005c9c50,U,244,
0x71005ca048,U,352,
0x71005ca1a8,U,208,
0x71005ca278,U,140,
0x71005ca304,U,148,
0x71005ca3a8,U,28,
0x71005ca460,U,28,
0x71005ca678,U,244,
0x71005ca770,U,356,
0x71005ca8d4,U,292,
0x71005cacf8,U,104,
0x71005cae24,U,220,
0x71005cafa4,U,276,
0x71005cb0b8,U,300,
0x71005cb1e4,U,432,
0x71005cb394,U,144,
0x71005cb424,U,656,
0x71005cb6b4,U,304,
0x71005cb7e4,U,756,
0x71005cbad8,U,40,
0x71005cbb00,U,208,
0x71005cbbd0,U,68,
0x71005cbc14,U,80,
0x71005cbc64,U,80,
0x71005cbcb4,U,332,
0x71005cbe00,U,1868,
0x71005cc54c,U,1056,
0x71005cc96c,U,496,
0x71005ccb5c,U,232,
0x71005ccc44,U,28,
0x71005cccf4,U,28,
0x71005ccd10,U,112,
0x71005ccd90,U,240,
0x71005cce80,U,36,
0x71005ccea4,U,260,
0x71005cd094,U,160,
0x71005cd134,U,232,
0x71005cd21c,U,76,
0x71005cd270,U,140,
0x71005cd300,U,244,
0x71005cddb0,U,352,
0x71005cdf48,U,28,
0x71005cdf74,U,28,
0x71005cdfd0,U,160,
0x71005ce074,U,244,
0x71005ce16c,U,388,
0x71005ce318,U,28,
0x71005ce344,U,28,
0x71005ce3c0,U,160,
0x71005ce464,U,244,
0x71005ce55c,U,388,
0x71005ce860,U,28,
0x71005ce88c,U,28,
0x71005ce900,U,160,
0x71005ce9a4,U,244,
0x71005cea9c,U,388,
0x71005cec30,U,28,
0x71005cecb4,U,28,
0x71005ced00,U,160,
0x71005ceda4,U,244,
0x71005cee9c,U,356,
0x71005cf028,U,16,
0x71005cf038,U,688,
0x71005cf2e8,U,412,
0x71005cf484,U,144,
0x71005cf514,U,536,
0x71005cf72c,U,872,
0x71005cfa94,U,812,
0x71005cfdc0,U,528,
0x71005cffd0,U,364,
0x71005d013c,U,892,
0x71005d04b8,U,120,
0x71005d0530,U,632,
0x71005d07a8,U,100,
0x71005d080c,U,120,
0x71005d09a8,U,324,
0x71005d0aec,U,1372,
0x71005d1048,U,436,
0x71005d11fc,U,508,
0x71005d13f8,U,704,
0x71005d16b8,U,248,
0x71005d17b0,U,1076,
0x71005d1be4,U,272,
0x71005d1cf4,U,400,
0x71005d1e84,U,144,
0x71005d1f14,U,220,
0x71005d1ff0,U,464,
0x71005d21c0,U,372,
0x71005d2334,U,228,
0x71005d24c4,U,28,
0x71005d257c,U,28,
0x71005d2598,U,140,
0x71005d2650,U,320,
0x71005d2794,U,244,
0x71005d288c,U,352,
0x71005d2a1c,U,288,
0x71005d2b44,U,120,
0x71005d2bbc,U,120,
0x71005d2c34,U,28,
0x71005d2ce4,U,28,
0x71005d2d50,U,160,
0x71005d2df4,U,244,
0x71005d2eec,U,352,
0x71005d3074,U,28,
0x71005d3124,U,28,
0x71005d3190,U,160,
0x71005d3234,U,244,
0x71005d332c,U,352,
0x71005d34b4,U,112,
0x71005d3554,U,28,
0x71005d3604,U,28,
0x71005d3660,U,160,
0x71005d3704,U,240,
0x71005d3a14,U,388,
0x71005d3ba0,U,220,
0x71005d3c7c,U,220,
0x71005d3d58,U,220,
0x71005d3e34,U,220,
0x71005d4294,U,388,
0x71005d4418,U,220,
0x71005d4878,U,388,
0x71005d49fc,U,220,
0x71005d4ad8,U,480,
0x71005d4cb8,U,220,
0x71005d4d94,U,220,
0x71005d51f4,U,388,
0x71005d5378,U,220,
0x71005d57d8,U,388,
0x71005d595c,U,220,
0x71005d5a38,U,484,
0x71005d5c20,U,244,
0x71005d5e48,U,388,
0x71005d5fcc,U,696,
0x71005d6288,U,244,
0x71005d6858,U,352,
0x71005d69b8,U,236,
0x71005d6aa4,U,368,
0x71005d6c38,U,88,
0x71005d6c90,U,564,
0x71005d6ec4,U,28,
0x71005d6ee0,U,28,
0x71005d6efc,U,368,
0x71005d706c,U,104,
0x71005d710c,U,20,
0x71005d716c,U,352,
0x71005d72cc,U,104,
0x71005d7378,U,20,
0x71005d740c,U,360,
0x71005d7574,U,88,
0x71005d7604,U,20,
0x71005d7664,U,360,
0x71005d77cc,U,88,
0x71005d785c,U,20,
0x71005d78bc,U,364,
0x71005d7a28,U,60,
0x71005d7a68,U,112,
0x71005d7af4,U,20,
0x71005d7bb4,U,176,
0x71005d7c64,U,176,
0x71005d7d14,U,364,
0x71005d7e80,U,60,
0x71005d7ec0,U,112,
0x71005d7f4c,U,20,
0x71005d800c,U,176,
0x71005d80bc,U,176,
0x71005d816c,U,364,
0x71005d82d8,U,96,
0x71005d8370,U,20,
0x71005d83d0,U,364,
0x71005d853c,U,96,
0x71005d85d4,U,20,
0x71005d8634,U,364,
0x71005d87a0,U,60,
0x71005d8818,U,20,
0x71005d886c,U,168,
0x71005d8994,U,352,
0x71005d8af4,U,364,
0x71005d8c60,U,60,
0x71005d8cd8,U,20,
0x71005d8d2c,U,168,
0x71005d8e54,U,352,
0x71005d8fc0,U,28,
0x71005d9014,U,28,
0x71005d9314,U,80,
0x71005d9364,U,84,
0x71005d94c8,U,80,
0x71005d9518,U,84,
0x71005d9574,U,100,
0x71005d9810,U,144,
0x71005d9958,U,612,
0x71005d9bdc,U,260,
0x71005d9ce0,U,268,
0x71005d9f6c,U,168,
0x71005da04c,U,472,
0x71005da224,U,80,
0x71005da3b0,U,168,
0x71005da468,U,80,
0x71005da974,U,316,
0x71005daab0,U,996,
0x71005dae94,U,444,
0x71005db050,U,576,
0x71005db2b4,U,256,
0x71005db3b4,U,268,
0x71005db4d0,U,28,
0x71005db564,U,28,
0x71005dbb7c,U,244,
0x71005dbc74,U,352,
0x71005dbdd4,U,48,
0x71005dbe04,U,4,
0x71005dbf30,U,28,
0x71005dbf60,U,28,
0x71005dbfc0,U,160,
0x71005dc064,U,244,
0x71005dc15c,U,352,
0x71005dc2c0,U,244,
0x71005dc4e8,U,388,
0x71005dc66c,U,696,
0x71005dc924,U,48,
0x71005dc954,U,4,
0x71005dc97c,U,28,
0x71005dc998,U,28,
0x71005dc9ec,U,28,
0x71005dca54,U,28,
0x71005dcae0,U,232,
0x71005dcbcc,U,240,
0x71005dcf78,U,388,
0x71005dd104,U,220,
0x71005dd1e0,U,220,
0x71005dd2bc,U,220,
0x71005dd398,U,220,
0x71005dd7f8,U,388,
0x71005dd97c,U,220,
0x71005ddddc,U,388,
0x71005ddf60,U,220,
0x71005de03c,U,480,
0x71005de21c,U,220,
0x71005de2f8,U,220,
0x71005de758,U,388,
0x71005de8dc,U,220,
0x71005ded3c,U,388,
0x71005deec0,U,220,
0x71005def9c,U,484,
0x71005df184,U,244,
0x71005df454,U,388,
0x71005df5d8,U,696,
0x71005df894,U,244,
0x71005dfb64,U,352,
0x71005dfcc4,U,236,
0x71005dfdb0,U,368,
0x71005dff44,U,28,
0x71005dff60,U,28,
0x71005dff7c,U,368,
0x71005e00ec,U,104,
0x71005e018c,U,20,
0x71005e01ec,U,352,
0x71005e034c,U,104,
0x71005e03f8,U,20,
0x71005e048c,U,360,
0x71005e05f4,U,88,
0x71005e0684,U,20,
0x71005e06e4,U,360,
0x71005e084c,U,88,
0x71005e08dc,U,20,
0x71005e093c,U,364,
0x71005e0aa8,U,60,
0x71005e0ae8,U,112,
0x71005e0b74,U,20,
0x71005e0c34,U,176,
0x71005e0ce4,U,176,
0x71005e0d94,U,364,
0x71005e0f00,U,60,
0x71005e0f40,U,112,
0x71005e0fcc,U,20,
0x71005e108c,U,176,
0x71005e113c,U,176,
0x71005e11ec,U,364,
0x71005e1358,U,96,
0x71005e13f0,U,20,
0x71005e1450,U,364,
0x71005e15bc,U,96,
0x71005e1654,U,20,
0x71005e16b4,U,364,
0x71005e1820,U,60,
0x71005e1898,U,20,
0x71005e18ec,U,168,
0x71005e1a14,U,352,
0x71005e1b74,U,364,
0x71005e1ce0,U,60,
0x71005e1d58,U,20,
0x71005e1dac,U,168,
0x71005e1ed4,U,352,
0x71005e2040,U,28,
0x71005e2094,U,28,
0x71005e2360,U,80,
0x71005e23b0,U,84,
0x71005e2514,U,80,
0x71005e2564,U,84,
0x71005e25c0,U,100,
0x71005e285c,U,144,
0x71005e29a4,U,612,
0x71005e2c08,U,564,
0x71005e2e5c,U,260,
0x71005e2f60,U,268,
0x71005e31ec,U,168,
0x71005e32cc,U,472,
0x71005e34a4,U,80,
0x71005e3630,U,168,
0x71005e36e8,U,80,
0x71005e3bf4,U,316,
0x71005e3d30,U,996,
0x71005e4114,U,444,
0x71005e42d0,U,576,
0x71005e4534,U,256,
0x71005e4634,U,268,
0x71005e4750,U,28,
0x71005e47e4,U,28,
0x71005e4dfc,U,244,
0x71005e4ef4,U,352,
0x71005e5058,U,244,
0x71005e5280,U,388,
0x71005e5404,U,696,
0x71005e56bc,U,48,
0x71005e56ec,U,4,
0x71005e5714,U,28,
0x71005e5730,U,28,
0x71005e5784,U,28,
0x71005e57ec,U,28,
0x71005e5870,U,232,
0x71005e595c,U,244,
0x71005e5b84,U,388,
0x71005e5d08,U,696,
0x71005e5fc4,U,244,
0x71005e64cc,U,352,
0x71005e662c,U,48,
0x71005e665c,U,4,
0x71005e6684,U,28,
0x71005e66a0,U,28,
0x71005e66f0,U,28,
0x71005e6784,U,28,
0x71005e67e0,U,232,
0x71005e68cc,U,244,
0x71005e69c4,U,352,
0x71005e6b28,U,244,
0x71005e6d50,U,388,
0x71005e6ed4,U,696,
0x71005e718c,U,48,
0x71005e71bc,U,4,
0x71005e71e4,U,28,
0x71005e7200,U,28,
0x71005e7254,U,28,
0x71005e72bc,U,28,
0x71005e7340,U,232,
0x71005e742c,U,244,
0x71005e76fc,U,388,
0x71005e7880,U,696,
0x71005e7b38,U,716,
0x71005e7e04,U,384,
0x71005e8130,U,384,
0x71005e82b4,U,240,
0x71005e8590,U,388,
0x71005e871c,U,220,
0x71005e87f8,U,220,
0x71005e88d4,U,220,
0x71005e89b0,U,220,
0x71005e8e10,U,388,
0x71005e8f94,U,220,
0x71005e93f4,U,388,
0x71005e9578,U,220,
0x71005e9654,U,480,
0x71005e9834,U,220,
0x71005e9910,U,220,
0x71005e9d70,U,388,
0x71005e9ef4,U,220,
0x71005ea354,U,388,
0x71005ea4d8,U,220,
0x71005ea5b4,U,484,
0x71005ea79c,U,244,
0x71005ea99c,U,352,
0x71005eaafc,U,128,
0x71005eab7c,U,512,
0x71005eada0,U,28,
0x71005eadbc,U,28,
0x71005eadd8,U,28,
0x71005eae48,U,368,
0x71005eafb8,U,104,
0x71005eb058,U,20,
0x71005eb0b8,U,352,
0x71005eb218,U,104,
0x71005eb2c4,U,20,
0x71005eb358,U,360,
0x71005eb4c0,U,88,
0x71005eb550,U,20,
0x71005eb5b0,U,360,
0x71005eb718,U,88,
0x71005eb7a8,U,20,
0x71005eb808,U,364,
0x71005eb974,U,60,
0x71005eb9b4,U,112,
0x71005eba40,U,20,
0x71005ebb00,U,176,
0x71005ebbb0,U,176,
0x71005ebc60,U,364,
0x71005ebdcc,U,60,
0x71005ebe0c,U,112,
0x71005ebe98,U,20,
0x71005ebf58,U,176,
0x71005ec008,U,176,
0x71005ec0b8,U,364,
0x71005ec224,U,96,
0x71005ec2bc,U,20,
0x71005ec31c,U,364,
0x71005ec488,U,96,
0x71005ec520,U,20,
0x71005ec580,U,364,
0x71005ec6ec,U,60,
0x71005ec764,U,20,
0x71005ec7b8,U,168,
0x71005ec8e0,U,352,
0x71005eca40,U,364,
0x71005ecbac,U,60,
0x71005ecc24,U,20,
0x71005ecc78,U,168,
0x71005ecda0,U,352,
0x71005ecf1c,U,28,
0x71005ed098,U,28,
0x71005ed38c,U,80,
0x71005ed3dc,U,84,
0x71005ed540,U,80,
0x71005ed590,U,84,
0x71005ed5ec,U,100,
0x71005ed888,U,144,
0x71005ed9d0,U,612,
0x71005edc34,U,564,
0x71005ede88,U,260,
0x71005edf8c,U,268,
0x71005ee218,U,168,
0x71005ee2f8,U,472,
0x71005ee4d0,U,80,
0x71005ee65c,U,168,
0x71005ee714,U,80,
0x71005eec20,U,316,
0x71005eed5c,U,996,
0x71005ef140,U,444,
0x71005ef2fc,U,576,
0x71005ef560,U,256,
0x71005ef660,U,268,
0x71005ef780,U,28,
0x71005ef79c,U,116,
0x71005f0000,U,244,
0x71005f0228,U,388,
0x71005f03ac,U,696,
0x71005f0668,U,244,
0x71005f0b70,U,352,
0x71005f0cd0,U,48,
0x71005f0d00,U,4,
0x71005f0d28,U,28,
0x71005f0d44,U,28,
0x71005f0d94,U,28,
0x71005f0e28,U,28,
0x71005f0e80,U,232,
0x71005f0f6c,U,244,
0x71005f1064,U,388,
0x71005f11e8,U,68,
0x71005f122c,U,132,
0x71005f12b0,U,108,
0x71005f131c,U,1520,
0x71005f190c,U,220,
0x71005f1a04,U,28,
0x71005f1a58,U,28,
0x71005f1c10,U,240,
0x71005f1d04,U,244,
0x71005f1dfc,U,388,
0x71005f1f80,U,52,
0x71005f1fb4,U,96,
0x71005f2014,U,4,
0x71005f2018,U,4,
0x71005f201c,U,4,
0x71005f2020,U,4,
0x71005f2024,U,96,
0x71005f2084,U,96,
0x71005f20e4,U,96,
0x71005f2144,U,28,
0x71005f2198,U,28,
0x71005f22c0,U,160,
0x71005f2364,U,244,
0x71005f245c,U,388,
0x71005f25e0,U,52,
0x71005f2614,U,4,
0x71005f2624,U,332,
0x71005f2770,U,28,
0x71005f27c4,U,28,
0x71005f2920,U,160,
0x71005f29c4,U,244,
0x71005f2abc,U,388,
0x71005f2c40,U,80,
0x71005f2c90,U,96,
0x71005f2cf0,U,620,
0x71005f3128,U,188,
0x71005f31e4,U,708,
0x71005f34a8,U,220,
0x71005f3920,U,28,
0x71005f3a68,U,28,
0x71005f3ad4,U,212,
0x71005f3ba8,U,212,
0x71005f3ce8,U,356,
0x71005f3e50,U,240,
0x71005f3f44,U,244,
0x71005f403c,U,388,
0x71005f41c0,U,72,
0x71005f4208,U,4,
0x71005f4444,U,172,
0x71005f44f0,U,268,
0x71005f4680,U,408,
0x71005f4818,U,28,
0x71005f4960,U,28,
0x71005f49c4,U,196,
0x71005f4a88,U,196,
0x71005f4bb8,U,348,
0x71005f4d14,U,24,
0x71005f4d30,U,200,
0x71005f4dfc,U,244,
0x71005f4ef4,U,388,
0x71005f5078,U,56,
0x71005f50b0,U,96,
0x71005f5250,U,268,
0x71005f535c,U,584,
0x71005f55a4,U,220,
0x71005f5680,U,28,
0x71005f56d4,U,28,
0x71005f5860,U,280,
0x71005f597c,U,244,
0x71005f5a74,U,388,
0x71005f5bf8,U,52,
0x71005f5c2c,U,4,
0x71005f5f1c,U,220,
0x71005f5ff8,U,188,
0x71005f60b4,U,28,
0x71005f6108,U,28,
0x71005f6270,U,240,
0x71005f6364,U,244,
0x71005f645c,U,388,
0x71005f65e0,U,76,
0x71005f662c,U,96,
0x71005f67cc,U,236,
0x71005f6920,U,320,
0x71005f7058,U,980,
0x71005f742c,U,28,
0x71005f7574,U,28,
0x71005f77f8,U,368,
0x71005f7968,U,24,
0x71005f7980,U,200,
0x71005f7a4c,U,244,
0x71005f7b44,U,388,
0x71005f7cc8,U,56,
0x71005f7d00,U,96,
0x71005f7d60,U,472,
0x71005f7f40,U,232,
0x71005f8028,U,288,
0x71005f8148,U,596,
0x71005f839c,U,28,
0x71005f83f0,U,28,
0x71005f8550,U,280,
0x71005f866c,U,244,
0x71005f92f4,U,388,
0x71005f9478,U,696,
0x71005f9734,U,244,
0x71005fa484,U,352,
0x71005fa5e4,U,380,
0x71005fa760,U,148,
0x71005fa944,U,28,
0x71005fa960,U,28,
0x71005fa9b0,U,28,
0x71005faa44,U,28,
0x71005fab30,U,320,
0x71005fac74,U,244,
0x71005fb1bc,U,356,
0x71005fb320,U,180,
0x71005fb3d4,U,836,
0x71005fb718,U,1652,
0x71005fbdb0,U,448,
0x71005fc028,U,1572,
0x71005fc64c,U,220,
0x71005fcc40,U,388,
0x71005fcea4,U,248,
0x71005fcf9c,U,236,
0x71005fd088,U,172,
0x71005fd298,U,820,
0x71005fd5cc,U,636,
0x71005fd848,U,120,
0x71005fd8c0,U,268,
0x71005fd9cc,U,420,
0x71005fdb70,U,16,
0x71005fe518,U,284,
0x71005fe634,U,300,
0x71005fe760,U,300,
0x71005fea08,U,64,
0x71005fea48,U,604,
0x71005feca4,U,412,
0x71005ff8c0,U,48,
0x71005ff8f0,U,28,
0x71005ff90c,U,32,
0x71005ff92c,U,148,
0x71005ff9c0,U,384,
0x71005ffb40,U,1620,
0x7100600194,U,332,
0x71006004d4,U,608,
0x710060086c,U,632,
0x7100600b94,U,252,
0x7100600c90,U,8,
0x7100600c98,U,2340,
0x7100601a74,U,540,
0x7100601c90,U,36,
0x7100601cb4,U,364,
0x7100601e20,U,28,
0x7100601ed0,U,28,
0x7100601f24,U,412,
0x7100602110,U,24,
0x7100602128,U,24,
0x7100602140,U,24,
0x71006023c0,U,244,
0x7100602584,U,388,
0x7100602718,U,28,
0x710060279c,U,28,
0x71006027e0,U,160,
0x7100602884,U,244,
0x7100602a48,U,388,
0x7100602bdc,U,28,
0x7100602c60,U,28,
0x7100602ca0,U,160,
0x7100602d44,U,244,
0x71006032e4,U,388,
0x7100603468,U,28,
0x71006034b8,U,28,
0x7100603550,U,160,
0x71006035f4,U,244,
0x71006036ec,U,388,
0x7100603870,U,28,
0x71006038c0,U,28,
0x7100603940,U,160,
0x71006039e4,U,244,
0x71006040c0,U,388,
0x710060426c,U,28,
0x7100604298,U,28,
0x7100604340,U,160,
0x71006043e4,U,244,
0x71006044dc,U,352,
0x7100604664,U,24,
0x71006049a4,U,544,
0x7100604be8,U,208,
0x7100604cb8,U,8,
0x7100604cc0,U,8,
0x7100604cc8,U,28,
0x7100604d78,U,28,
0x7100604f54,U,244,
0x710060504c,U,352,
0x71006051d4,U,24,
0x71006051ec,U,140,
0x7100605388,U,8,
0x7100605398,U,872,
0x7100605790,U,1492,
0x7100605f1c,U,28,
0x7100605fcc,U,28,
0x7100606184,U,244,
0x710060627c,U,352,
0x7100606404,U,240,
0x710060658c,U,220,
0x7100606880,U,68,
0x71006068c4,U,112,
0x710060694c,U,24,
0x7100606964,U,8,
0x7100606974,U,124,
0x71006069f0,U,220,
0x7100606acc,U,28,
0x7100606b7c,U,28,
0x7100606c30,U,392,
0x7100606dbc,U,244,
0x7100606eb4,U,352,
0x7100607130,U,24,
0x7100607148,U,112,
0x7100607260,U,8,
0x7100607670,U,28,
0x710060768c,U,276,
0x71006077a0,U,52,
0x7100607f28,U,28,
0x7100607fd8,U,28,
0x71006081c4,U,244,
0x71006082bc,U,388,
0x7100608468,U,24,
0x7100608480,U,112,
0x7100608588,U,8,
0x7100608674,U,520,
0x710060887c,U,280,
0x71006089ec,U,456,
0x7100608bb4,U,288,
0x7100608e68,U,128,
0x7100608f44,U,28,
0x7100608ff4,U,28,
0x71006091ec,U,244,
0x71006092e4,U,388,
0x7100609574,U,28,
0x71006095c4,U,28,
0x7100609640,U,200,
0x71006098b4,U,384,
0x7100609a38,U,244,
0x710060a3a4,U,352,
0x710060a504,U,196,
0x710060a5c8,U,124,
0x710060a644,U,132,
0x710060a6c8,U,28,
0x710060a784,U,28,
0x710060a968,U,244,
0x710060aa60,U,388,
0x710060abe4,U,716,
0x710060aeb0,U,384,
0x710060b030,U,228,
0x710060b114,U,220,
0x710060b214,U,96,
0x710060b274,U,208,
0x710060b344,U,1652,
0x710060c1bc,U,176,
0x710060c720,U,1552,
0x710060d778,U,220,
0x710060d854,U,28,
0x710060d89c,U,28,
0x710060db40,U,488,
0x710060e08c,U,244,
0x710060e184,U,388,
0x710060e308,U,1336,
0x710060e888,U,224,
0x710060e968,U,28,
0x710060e9b8,U,28,
0x710060ea30,U,160,
0x710060ead4,U,240,
0x710060eda0,U,388,
0x710060ef24,U,280,
0x710060f060,U,220,
0x710060f13c,U,220,
0x710060f218,U,220,
0x710060f2f4,U,220,
0x710060f754,U,388,
0x710060f8d8,U,220,
0x710060fd38,U,388,
0x710060febc,U,220,
0x710060ff98,U,480,
0x710061017c,U,240,
0x7100610638,U,388,
0x71006107bc,U,188,
0x7100610878,U,120,
0x7100610970,U,220,
0x7100610a4c,U,220,
0x7100610b28,U,220,
0x7100610c04,U,220,
0x7100611064,U,388,
0x71006111e8,U,220,
0x7100611648,U,388,
0x71006117cc,U,220,
0x71006118a8,U,480,
0x7100611a88,U,220,
0x7100611b64,U,220,
0x7100611fd0,U,388,
0x7100612154,U,220,
0x71006125c0,U,388,
0x7100612744,U,220,
0x7100612820,U,504,
0x7100612a1c,U,240,
0x7100612ce8,U,388,
0x7100612e6c,U,224,
0x7100612f4c,U,248,
0x7100613068,U,220,
0x7100613144,U,220,
0x7100613220,U,220,
0x71006132fc,U,220,
0x710061375c,U,388,
0x71006138e0,U,220,
0x7100613d40,U,388,
0x7100613ec4,U,220,
0x7100613fa0,U,480,
0x7100614184,U,244,
0x7100614dac,U,352,
0x7100614f0c,U,296,
0x7100615058,U,44,
0x7100615090,U,136,
0x7100615190,U,28,
0x71006151ac,U,28,
0x71006151c8,U,28,
0x71006151e4,U,28,
0x7100615200,U,368,
0x7100615370,U,104,
0x7100615410,U,20,
0x7100615470,U,352,
0x71006155d0,U,104,
0x710061567c,U,20,
0x7100615710,U,360,
0x7100615878,U,88,
0x7100615908,U,20,
0x7100615968,U,360,
0x7100615ad0,U,88,
0x7100615b60,U,20,
0x7100615bc0,U,364,
0x7100615d2c,U,60,
0x7100615d6c,U,112,
0x7100615df8,U,20,
0x7100615eb8,U,176,
0x7100615f68,U,176,
0x7100616018,U,364,
0x7100616184,U,60,
0x71006161c4,U,112,
0x7100616250,U,20,
0x7100616310,U,176,
0x71006163c0,U,176,
0x710061647c,U,368,
0x71006165ec,U,104,
0x710061668c,U,20,
0x71006166ec,U,352,
0x710061684c,U,104,
0x71006168f8,U,20,
0x710061698c,U,360,
0x7100616af4,U,88,
0x7100616b84,U,20,
0x7100616be4,U,360,
0x7100616d4c,U,88,
0x7100616ddc,U,20,
0x7100616e3c,U,364,
0x7100616fa8,U,60,
0x7100616fe8,U,112,
0x7100617074,U,20,
0x7100617134,U,176,
0x71006171e4,U,176,
0x7100617294,U,364,
0x7100617400,U,60,
0x7100617440,U,112,
0x71006174cc,U,20,
0x710061758c,U,176,
0x710061763c,U,176,
0x71006176f8,U,368,
0x7100617868,U,104,
0x7100617908,U,20,
0x7100617968,U,368,
0x7100617ad8,U,104,
0x7100617b78,U,20,
0x7100617bd8,U,364,
0x7100617d44,U,60,
0x7100617dbc,U,20,
0x7100617e10,U,144,
0x7100617f20,U,304,
0x7100618050,U,364,
0x71006181bc,U,60,
0x7100618234,U,20,
0x7100618288,U,144,
0x7100618398,U,304,
0x71006184c8,U,368,
0x7100618638,U,104,
0x71006186d8,U,20,
0x7100618738,U,352,
0x7100618898,U,104,
0x7100618944,U,20,
0x71006189d8,U,360,
0x7100618b40,U,88,
0x7100618bd0,U,20,
0x7100618c30,U,360,
0x7100618d98,U,88,
0x7100618e28,U,20,
0x7100618e88,U,364,
0x7100618ff4,U,60,
0x7100619034,U,112,
0x71006190c0,U,20,
0x7100619180,U,176,
0x7100619230,U,176,
0x71006192e0,U,364,
0x710061944c,U,60,
0x710061948c,U,112,
0x7100619518,U,20,
0x71006195d8,U,176,
0x7100619688,U,176,
0x7100619758,U,28,
0x7100619df4,U,80,
0x7100619e44,U,84,
0x7100619fa8,U,80,
0x7100619ff8,U,84,
0x710061a054,U,100,
0x710061a2f0,U,144,
0x710061a438,U,612,
0x710061a69c,U,564,
0x710061a8f0,U,260,
0x710061a9f4,U,268,
0x710061ab14,U,28,
0x710061af38,U,80,
0x710061af88,U,84,
0x710061b0ec,U,80,
0x710061b13c,U,84,
0x710061b198,U,100,
0x710061b434,U,144,
0x710061b57c,U,612,
0x710061b7e0,U,564,
0x710061ba34,U,260,
0x710061bb38,U,268,
0x710061bd3c,U,144,
0x710061bdcc,U,296,
0x710061bf24,U,388,
0x710061c0a8,U,80,
0x710061c0f8,U,96,
0x710061c250,U,144,
0x710061c2f0,U,80,
0x710061c340,U,96,
0x710061c7ec,U,172,
0x710061c898,U,340,
0x710061c9ec,U,408,
0x710061cb84,U,392,
0x710061cd0c,U,584,
0x710061cf54,U,884,
0x710061d2c8,U,612,
0x710061d54c,U,232,
0x710061d738,U,28,
0x710061db64,U,80,
0x710061dbb4,U,84,
0x710061dd18,U,80,
0x710061dd68,U,84,
0x710061ddc4,U,100,
0x710061e060,U,144,
0x710061e1a8,U,612,
0x710061e40c,U,564,
0x710061e660,U,260,
0x710061e764,U,268,
0x710061e880,U,28,
0x710061e89c,U,152,
0x710061f464,U,244,
0x710061f6d8,U,356,
0x710061f83c,U,428,
0x710061f9e8,U,384,
0x710061fb68,U,828,
0x710061fec8,U,208,
0x710061ff98,U,204,
0x7100620064,U,2876,
0x7100620ba0,U,260,
0x7100620ca4,U,208,
0x7100620d74,U,152,
0x7100620e0c,U,532,
0x7100621020,U,340,
0x710062175c,U,408,
0x71006218f4,U,252,
0x71006219f4,U,104,
0x7100621a5c,U,76,
0x7100621aa8,U,24,
0x7100621ac0,U,28,
0x7100621adc,U,604,
0x7100622194,U,88,
0x71006221ec,U,28,
0x71006222b4,U,28,
0x710062249c,U,320,
0x71006227bc,U,244,
0x7100622a30,U,388,
0x7100622bc4,U,28,
0x7100622c48,U,28,
0x7100622c90,U,160,
0x7100622d34,U,244,
0x7100622e2c,U,352,
0x7100622fb4,U,112,
0x710062314c,U,388,
0x7100623810,U,220,
0x71006238ec,U,224,
0x71006239cc,U,28,
0x7100623a88,U,28,
0x7100623c7c,U,244,
0x7100624034,U,352,
0x7100624194,U,48,
0x71006241c4,U,4,
0x71006241ec,U,28,
0x710062421c,U,28,
0x7100624280,U,160,
0x7100624324,U,244,
0x710062441c,U,388,
0x71006245a0,U,524,
0x71006247ac,U,384,
0x710062492c,U,72,
0x7100624974,U,144,
0x7100624a8c,U,96,
0x7100624fe0,U,224,
0x71006250c0,U,952,
0x7100625478,U,268,
0x7100625618,U,220,
0x71006256f4,U,28,
0x710062573c,U,28,
0x71006259ac,U,376,
0x7100625ba0,U,484,
0x7100625d88,U,244,
0x7100625e80,U,388,
0x7100626014,U,28,
0x7100626098,U,28,
0x71006260e0,U,160,
0x7100626184,U,244,
0x710062627c,U,352,
0x71006263dc,U,348,
0x7100626538,U,196,
0x7100626620,U,112,
0x7100626c90,U,148,
0x7100626d24,U,28,
0x7100626dd4,U,28,
0x7100626f94,U,244,
0x7100627210,U,352,
0x7100627374,U,244,
0x710062782c,U,388,
0x71006279b0,U,696,
0x7100627c68,U,48,
0x7100627c98,U,4,
0x7100627cc0,U,28,
0x7100627cfc,U,28,
0x7100627d50,U,28,
0x7100627db8,U,28,
0x7100627e40,U,232,
0x7100627f2c,U,244,
0x7100628024,U,388,
0x71006281a8,U,812,
0x71006284d4,U,384,
0x7100628654,U,84,
0x71006286a8,U,12,
0x71006286b4,U,12,
0x71006286c0,U,96,
0x7100628720,U,1260,
0x7100629368,U,664,
0x7100629600,U,724,
0x71006298d4,U,272,
0x71006299e4,U,304,
0x7100629b14,U,308,
0x7100629c48,U,1152,
0x710062a0c8,U,88,
0x710062a120,U,328,
0x710062a268,U,384,
0x710062a3e8,U,896,
0x710062a768,U,244,
0x710062a85c,U,28,
0x710062a9bc,U,28,
0x710062ac28,U,368,
0x710062ae0c,U,24,
0x710062b208,U,244,
0x710062b300,U,388,
0x710062b48c,U,116,
0x710062b508,U,28,
0x710062b558,U,28,
0x710062b5d0,U,160,
0x710062b674,U,244,
0x710062b894,U,388,
0x710062ba18,U,696,
0x710062bcd4,U,244,
0x710062be5c,U,340,
0x710062c028,U,40,
0x710062c18c,U,124,
0x710062c284,U,28,
0x710062c2a0,U,28,
0x710062c2f0,U,28,
0x710062c380,U,28,
0x710062c3e0,U,312,
0x710062c51c,U,244,
0x710062c614,U,356,
0x710062c778,U,300,
0x710062c8c8,U,8,
0x710062c8d0,U,232,
0x710062c9b8,U,88,
0x710062cc94,U,224,
0x710062cd74,U,464,
0x710062cf68,U,240,
0x710062e2c4,U,120,
0x710062e858,U,492,
0x710062ea78,U,168,
0x710062eb20,U,452,
0x710062ece4,U,1404,
0x710062f260,U,560,
0x710062f490,U,596,
0x710062f6e4,U,240,
0x710062f7d4,U,232,
0x710062f96c,U,92,
0x710062f9c8,U,644,
0x710062fc4c,U,44,
0x710062fc78,U,28,
0x710062fd28,U,28,
0x710062fd44,U,256,
0x710062fe50,U,24,
0x710062fe68,U,248,
0x710062ff60,U,484,
0x7100630148,U,244,
0x7100630418,U,352,
0x710063057c,U,244,
0x7100630850,U,388,
0x71006309d4,U,696,
0x7100630c8c,U,64,
0x7100630ccc,U,4,
0x7100630cf4,U,28,
0x7100630d30,U,28,
0x7100630d84,U,28,
0x7100630dfc,U,28,
0x7100630e80,U,232,
0x7100630f6c,U,244,
0x7100631064,U,388,
0x71006311e8,U,116,
0x710063125c,U,96,
0x71006312bc,U,492,
0x71006314b4,U,412,
0x7100631650,U,1600,
0x7100631c90,U,1020,
0x7100632204,U,688,
0x71006328c0,U,492,
0x7100632aac,U,480,
0x7100632c8c,U,424,
0x7100633198,U,84,
0x710063337c,U,220,
0x7100633458,U,28,
0x71006335a0,U,28,
0x7100633630,U,288,
0x7100633750,U,288,
0x71006338dc,U,452,
0x7100633be8,U,244,
0x7100633de0,U,376,
0x7100633ffc,U,376,
0x7100634174,U,2068,
0x7100634990,U,28,
0x7100634a2c,U,28,
0x7100634ac0,U,160,
0x7100634b64,U,244,
0x7100634c5c,U,388,
0x7100634de0,U,1724,
0x710063579c,U,28,
0x71006357ec,U,28,
0x7100635870,U,160,
0x7100635914,U,244,
0x7100635a0c,U,388,
0x7100635bf8,U,160,
0x7100635ca0,U,28,
0x7100635cf0,U,28,
0x7100635d70,U,160,
0x7100635e14,U,244,
0x7100635f0c,U,388,
0x71006360b8,U,108,
0x7100636124,U,28,
0x7100636150,U,28,
0x71006361d0,U,160,
0x7100636274,U,244,
0x7100636438,U,388,
0x7100636674,U,28,
0x71006366a0,U,28,
0x7100636720,U,160,
0x71006367c4,U,244,
0x7100637b08,U,388,
0x7100637c8c,U,696,
0x7100637f44,U,332,
0x7100638090,U,384,
0x7100638214,U,244,
0x710063844c,U,340,
0x7100638618,U,44,
0x710063874c,U,28,
0x7100638778,U,28,
0x71006387e0,U,28,
0x71006388f0,U,28,
0x7100638be0,U,244,
0x7100638ee8,U,356,
0x710063904c,U,164,
0x71006390f0,U,172,
0x710063919c,U,172,
0x7100639274,U,88,
0x710063970c,U,276,
0x7100639820,U,28,
0x71006398d0,U,28,
0x7100639960,U,412,
0x7100639afc,U,204,
0x7100639c30,U,200,
0x7100639cf8,U,140,
0x7100639d84,U,280,
0x7100639ec0,U,188,
0x7100639f7c,U,996,
0x710063a360,U,220,
0x710063a43c,U,780,
0x710063a748,U,140,
0x710063a7d4,U,24,
0x710063a7ec,U,792,
0x710063ab04,U,448,
0x710063acc4,U,352,
0x710063ae24,U,432,
0x710063afd4,U,476,
0x710063b1b0,U,1472,
0x710063b770,U,60,
0x710063b7ac,U,1136,
0x710063bc1c,U,880,
0x710063bf8c,U,304,
0x710063c0bc,U,80,
0x710063c10c,U,232,
0x710063c1f4,U,216,
0x710063c2cc,U,932,
0x710063c670,U,308,
0x710063c7a4,U,400,
0x710063c934,U,332,
0x710063cab8,U,12,
0x710063cb28,U,356,
0x710063cc8c,U,272,
0x710063cda0,U,140,
0x710063ce30,U,244,
0x710063d0a8,U,352,
0x710063d208,U,56,
0x710063d240,U,4,
0x710063d268,U,28,
0x710063d298,U,28,
0x710063d300,U,160,
0x710063d3a4,U,244,
0x710063d49c,U,388,
0x710063d620,U,84,
0x710063d674,U,96,
0x710063df28,U,220,
0x710063e004,U,656,
0x710063e294,U,28,
0x710063e3dc,U,28,
0x710063e44c,U,180,
0x710063e500,U,180,
0x710063e5c0,U,348,
0x710063e71c,U,348,
0x710063e878,U,24,
0x710063e890,U,240,
0x710063e984,U,244,
0x710063ebb8,U,352,
0x710063ee0c,U,136,
0x710063ee94,U,28,
0x710063eec0,U,28,
0x710063ef40,U,160,
0x710063efe4,U,244,
0x710063f1ac,U,356,
0x710063f310,U,456,
0x710063f4fc,U,172,
0x710063f5a8,U,128,
0x710063f628,U,60,
0x710063fb50,U,92,
0x710063fbec,U,756,
0x710064060c,U,84,
0x71006407e0,U,40,
0x710064083c,U,28,
0x71006408fc,U,28,
0x7100640918,U,236,
0x7100640a10,U,240,
0x7100640b04,U,244,
0x7100640ebc,U,388,
0x7100641050,U,28,
0x71006410d4,U,28,
0x7100641120,U,160,
0x71006411c4,U,244,
0x71006412bc,U,352,
0x71006414c4,U,112,
0x7100641570,U,1424,
0x7100641b5c,U,1352,
0x71006420a8,U,52,
0x7100642198,U,28,
0x7100642248,U,28,
0x7100642414,U,244,
0x7100642638,U,388,
0x71006427bc,U,696,
0x7100642a78,U,244,
0x7100642b70,U,352,
0x7100642cd0,U,48,
0x7100642d00,U,4,
0x7100642d28,U,28,
0x7100642d44,U,28,
0x7100642d94,U,28,
0x7100642e28,U,28,
0x7100642e80,U,232,
0x7100642f6c,U,244,
0x71006432e8,U,388,
0x710064346c,U,696,
0x7100643728,U,244,
0x7100643820,U,352,
0x7100643980,U,48,
0x71006439b0,U,4,
0x71006439d8,U,28,
0x71006439f4,U,28,
0x7100643a44,U,28,
0x7100643ad8,U,28,
0x7100643b30,U,232,
0x7100643c1c,U,244,
0x7100643d14,U,388,
0x7100643e98,U,56,
0x7100643ed0,U,96,
0x7100643f30,U,336,
0x7100644080,U,4,
0x7100644084,U,196,
0x7100644148,U,868,
0x71006444ac,U,724,
0x7100644780,U,652,
0x7100644e7c,U,28,
0x7100644ed0,U,28,
0x7100645050,U,160,
0x71006450f4,U,244,
0x71006451ec,U,388,
0x7100645370,U,56,
0x71006453a8,U,96,
0x7100645408,U,352,
0x7100645568,U,84,
0x71006455bc,U,220,
0x7100645698,U,300,
0x71006457c4,U,576,
0x7100646088,U,264,
0x7100646190,U,220,
0x710064626c,U,28,
0x71006462c0,U,28,
0x7100646440,U,160,
0x71006464e4,U,244,
0x71006465dc,U,388,
0x7100646760,U,588,
0x71006469ac,U,408,
0x7100646ebc,U,28,
0x710064701c,U,28,
0x71006470a0,U,160,
0x7100647144,U,244,
0x71006473b4,U,388,
0x7100647d28,U,148,
0x7100647dbc,U,28,
0x7100647e0c,U,28,
0x7100647e90,U,160,
0x7100647f34,U,244,
0x710064802c,U,388,
0x710064824c,U,28,
0x710064829c,U,28,
0x7100648310,U,160,
0x71006483b4,U,244,
0x71006485d4,U,388,
0x7100648758,U,696,
0x7100648a10,U,332,
0x7100648b5c,U,384,
0x7100648ce0,U,244,
0x7100648f88,U,352,
0x71006490e8,U,92,
0x7100649144,U,64,
0x71006491cc,U,76,
0x7100649218,U,28,
0x7100649234,U,28,
0x710064929c,U,28,
0x71006493a0,U,28,
0x7100649630,U,244,
0x71006499e0,U,356,
0x7100649b44,U,356,
0x7100649ca8,U,700,
0x7100649f88,U,208,
0x710064a058,U,528,
0x710064a268,U,252,
0x710064a364,U,1172,
0x710064a7f8,U,64,
0x710064a838,U,148,
0x710064a8cc,U,664,
0x710064ab64,U,308,
0x710064ac98,U,1052,
0x710064b0b4,U,372,
0x710064b228,U,408,
0x710064b3f4,U,1168,
0x710064b884,U,460,
0x710064ba50,U,404,
0x710064bc64,U,28,
0x710064bd14,U,28,
0x710064bd30,U,356,
0x710064beb0,U,200,
0x710064bf7c,U,244,
0x710064c074,U,388,
0x710064c208,U,28,
0x710064c28c,U,28,
0x710064c2d0,U,160,
0x710064c374,U,244,
0x710064c46c,U,352,
0x710064c5f4,U,112,
0x710064c6cc,U,60,
0x710064c710,U,816,
0x710064ca40,U,256,
0x710064cc30,U,504,
0x710064ce28,U,204,
0x710064cef4,U,72,
0x710064cf3c,U,28,
0x710064cfec,U,28,
0x710064d060,U,160,
0x710064d104,U,244,
0x710064e510,U,388,
0x710064e694,U,1192,
0x710064ebfc,U,28,
0x710064ec8c,U,28,
0x710064ed00,U,160,
0x710064eda4,U,244,
0x710064ee9c,U,352,
0x710064effc,U,280,
0x710064f114,U,112,
0x710064f184,U,560,
0x710064f42c,U,1836,
0x710064fe44,U,180,
0x710064fef8,U,608,
0x71006502f4,U,88,
0x710065034c,U,96,
0x71006504c0,U,2084,
0x7100651168,U,4384,
0x710065244c,U,140,
0x71006524d8,U,124,
0x7100652554,U,2204,
0x7100652df0,U,428,
0x7100652f9c,U,1108,
0x71006533f0,U,1548,
0x71006539fc,U,4820,
0x7100654cd0,U,1456,
0x7100655280,U,272,
0x7100655390,U,272,
0x71006554a0,U,1740,
0x7100655b6c,U,788,
0x7100656238,U,276,
0x710065634c,U,2180,
0x7100656bd0,U,224,
0x7100656da8,U,404,
0x7100656f3c,U,948,
0x7100657478,U,1420,
0x7100657a04,U,1756,
0x71006580e0,U,560,
0x7100658310,U,336,
0x7100658460,U,820,
0x71006587bc,U,392,
0x71006589cc,U,1608,
0x7100659014,U,536,
0x710065922c,U,2052,
0x710065a37c,U,408,
0x710065a7dc,U,596,
0x710065ab50,U,332,
0x710065acdc,U,44,
0x710065ad08,U,28,
0x710065adec,U,560,
0x710065b074,U,28,
0x710065b090,U,276,
0x710065b1b0,U,320,
0x710065b2f0,U,320,
0x710065b430,U,328,
0x710065b578,U,340,
0x710065b7f4,U,320,
0x710065b940,U,180,
0x710065b9f8,U,244,
0x710065c428,U,388,
0x710065c5ac,U,696,
0x710065c868,U,244,
0x710065c960,U,352,
0x710065cbe0,U,28,
0x710065cbfc,U,28,
0x710065cc4c,U,28,
0x710065cce0,U,28,
0x710065cd40,U,232,
0x710065ce2c,U,244,
0x710065d100,U,388,
0x710065d284,U,696,
0x710065d540,U,244,
0x710065d638,U,388,
0x710065d7e4,U,28,
0x710065d800,U,28,
0x710065d850,U,28,
0x710065d8e0,U,28,
0x710065d960,U,232,
0x710065da4c,U,244,
0x710065db44,U,356,
0x710065dcd0,U,16,
0x710065dce0,U,120,
0x710065dd88,U,148,
0x710065de1c,U,384,
0x710065df9c,U,120,
0x710065e124,U,164,
0x710065e1c8,U,112,
0x710065e31c,U,516,
0x710065e520,U,220,
0x710065e5fc,U,28,
0x710065e6ac,U,28,
0x710065e6c8,U,76,
0x710065e720,U,160,
0x710065e7c4,U,244,
0x710065e9b4,U,388,
0x710065eb38,U,428,
0x710065ece4,U,384,
0x710065f0d0,U,384,
0x710065f250,U,204,
0x710065f364,U,212,
0x710065f438,U,112,
0x710065f4a8,U,488,
0x710065f690,U,488,
0x710065ff7c,U,272,
0x710066008c,U,268,
0x71006602a4,U,200,
0x710066036c,U,316,
0x71006604a8,U,548,
0x71006606cc,U,676,
0x7100660970,U,1008,
0x7100660d60,U,28,
0x7100660e40,U,28,
0x71006610f8,U,164,
0x7100661238,U,264,
0x7100661340,U,824,
0x710066167c,U,244,
0x7100661774,U,356,
0x71006618d8,U,60,
0x7100661914,U,4,
0x710066193c,U,120,
0x71006619f8,U,1068,
0x7100661e24,U,148,
0x7100661eb8,U,240,
0x7100662110,U,384,
0x7100662290,U,28,
0x7100662340,U,28,
0x71006623b0,U,244,
0x71006624a8,U,244,
0x710066266c,U,352,
0x71006627d0,U,244,
0x71006629ec,U,388,
0x7100662b70,U,696,
0x7100662e60,U,28,
0x7100662e8c,U,28,
0x7100662edc,U,28,
0x7100662f48,U,28,
0x7100662fd0,U,232,
0x71006630bc,U,244,
0x71006631b4,U,356,
0x7100663340,U,120,
0x7100663b34,U,92,
0x7100663b90,U,356,
0x7100663d5c,U,28,
0x7100663e0c,U,28,
0x7100663e28,U,72,
0x7100663e80,U,328,
0x7100663fcc,U,244,
0x71006640c4,U,352,
0x7100664224,U,48,
0x7100664254,U,4,
0x710066427c,U,28,
0x71006642ac,U,28,
0x7100664310,U,160,
0x71006643b4,U,244,
0x71006644ac,U,388,
0x7100664630,U,48,
0x7100664660,U,4,
0x7100664688,U,96,
0x7100664724,U,900,
0x7100664c6c,U,28,
0x7100664c9c,U,28,
0x7100664de0,U,160,
0x7100664e84,U,244,
0x71006651d8,U,352,
0x7100665338,U,524,
0x7100665544,U,384,
0x7100665984,U,388,
0x7100665b08,U,220,
0x7100665be4,U,220,
0x7100666044,U,388,
0x71006661c8,U,220,
0x7100666628,U,388,
0x71006667ac,U,220,
0x7100666888,U,500,
0x7100666afc,U,28,
0x7100666be8,U,364,
0x7100666d54,U,96,
0x7100666dec,U,20,
0x7100666e4c,U,364,
0x7100666fb8,U,96,
0x7100667050,U,20,
0x71006670b0,U,364,
0x710066721c,U,60,
0x71006672b4,U,20,
0x71006673f0,U,364,
0x710066755c,U,60,
0x71006675f4,U,20,
0x7100667740,U,28,
0x7100667a90,U,80,
0x7100667bc8,U,80,
0x7100667dc8,U,196,
0x7100667f08,U,192,
0x7100668394,U,336,
0x7100668504,U,168,
0x7100668b24,U,244,
0x7100668cf0,U,356,
0x7100668edc,U,172,
0x710066941c,U,28,
0x71006694cc,U,28,
0x7100669540,U,160,
0x71006695e4,U,244,
0x71006696dc,U,352,
0x7100669840,U,244,
0x7100669934,U,124,
0x71006699b0,U,388,
0x7100669b34,U,696,
0x7100669dec,U,48,
0x7100669e1c,U,4,
0x7100669e44,U,28,
0x7100669e60,U,28,
0x7100669eb4,U,28,
0x7100669f1c,U,28,
0x7100669fa0,U,232,
0x710066a08c,U,244,
0x710066a184,U,388,
0x710066a308,U,104,
0x710066a370,U,172,
0x710066a41c,U,148,
0x710066a4b0,U,180,
0x710066a564,U,96,
0x710066a624,U,316,
0x710066a760,U,640,
0x710066a9e0,U,392,
0x710066aee8,U,236,
0x710066afd4,U,1420,
0x710066b560,U,216,
0x710066b638,U,4096,
0x710066c638,U,308,
0x710066c7cc,U,28,
0x710066c800,U,28,
0x710066c884,U,116,
0x710066c8f8,U,116,
0x710066c9d8,U,248,
0x710066cb5c,U,368,
0x710066ccd0,U,160,
0x710066cd74,U,244,
0x710066d0c8,U,352,
0x710066d22c,U,244,
0x710066da0c,U,388,
0x710066db90,U,696,
0x710066de48,U,524,
0x710066e054,U,384,
0x710066e9b0,U,388,
0x710066eb34,U,220,
0x710066ec10,U,220,
0x710066f070,U,388,
0x710066f1f4,U,220,
0x710066f654,U,388,
0x710066f7d8,U,220,
0x710066f8b4,U,500,
0x710066faa8,U,96,
0x710066fb08,U,88,
0x710066fbc0,U,56,
0x710066fc00,U,28,
0x710066fc1c,U,28,
0x710066fc74,U,364,
0x710066fde0,U,96,
0x710066fe78,U,20,
0x710066fed8,U,364,
0x7100670044,U,96,
0x71006700dc,U,20,
0x710067013c,U,364,
0x71006702a8,U,60,
0x7100670340,U,20,
0x710067047c,U,364,
0x71006705e8,U,60,
0x7100670680,U,20,
0x71006707cc,U,28,
0x7100670870,U,28,
0x7100670c40,U,80,
0x7100670da8,U,80,
0x7100670fe4,U,208,
0x7100671130,U,204,
0x7100671638,U,352,
0x71006717bc,U,168,
0x7100671df8,U,244,
0x7100671fc4,U,356,
0x7100672128,U,80,
0x7100672178,U,64,
0x7100672200,U,172,
0x7100672328,U,60,
0x7100672364,U,60,
0x71006723a0,U,60,
0x71006723dc,U,60,
0x7100672418,U,88,
0x7100672470,U,60,
0x71006724ac,U,60,
0x71006724e8,U,60,
0x7100672524,U,60,
0x7100672560,U,60,
0x710067259c,U,60,
0x71006725d8,U,28,
0x7100672688,U,28,
0x7100672710,U,160,
0x71006727b4,U,244,
0x71006728ac,U,352,
0x7100672a0c,U,48,
0x7100672a3c,U,4,
0x7100672a64,U,28,
0x7100672a94,U,28,
0x7100672af0,U,160,
0x7100672b94,U,244,
0x7100672c8c,U,388,
0x7100672e10,U,620,
0x710067307c,U,384,
0x71006731fc,U,76,
0x7100673248,U,96,
0x71006732b4,U,376,
0x710067342c,U,968,
0x71006737fc,U,268,
0x7100673908,U,268,
0x7100673b60,U,172,
0x7100673c0c,U,28,
0x7100673d6c,U,28,
0x7100673fd8,U,368,
0x71006743b8,U,244,
0x7100674728,U,388,
0x71006748ac,U,196,
0x71006749bc,U,360,
0x7100674bf0,U,296,
0x7100674d18,U,28,
0x7100674d34,U,124,
0x7100674db0,U,132,
0x7100674e44,U,28,
0x7100674eb0,U,160,
0x7100674f54,U,244,
0x710067504c,U,388,
0x71006751d0,U,1060,
0x7100675618,U,28,
0x7100675668,U,28,
0x71006756e0,U,160,
0x7100675784,U,244,
0x710067587c,U,388,
0x7100675d54,U,420,
0x7100675ef8,U,28,
0x7100675f24,U,28,
0x7100675fa0,U,160,
0x7100676044,U,244,
0x710067613c,U,388,
0x71006762e8,U,208,
0x71006763b8,U,28,
0x71006763e4,U,28,
0x7100676460,U,160,
0x710067664c,U,384,
0x71006767d0,U,244,
0x7100676aac,U,352,
0x7100676c10,U,244,
0x7100676ee4,U,388,
0x7100677068,U,696,
0x7100677398,U,68,
0x710067747c,U,28,
0x71006774b0,U,28,
0x7100677574,U,28,
0x71006775f0,U,28,
0x7100677670,U,516,
0x7100677878,U,244,
0x7100677970,U,388,
0x7100677c88,U,28,
0x7100677cb4,U,28,
0x7100677d30,U,160,
0x7100677dd4,U,244,
0x7100678244,U,356,
0x71006783a8,U,164,
0x710067844c,U,172,
0x71006786ec,U,2844,
0x71006792e8,U,296,
0x7100679410,U,1192,
0x71006798b8,U,292,
0x71006799dc,U,832,
0x7100679d1c,U,172,
0x710067a15c,U,40,
0x710067a1f8,U,776,
0x710067a500,U,28,
0x710067a5b0,U,28,
0x710067a650,U,160,
0x710067a6f4,U,244,
0x710067a7ec,U,352,
0x710067a974,U,108,
0x710067a9e0,U,28,
0x710067aa90,U,28,
0x710067aaf0,U,160,
0x710067ab94,U,244,
0x710067af4c,U,352,
0x710067b0b0,U,244,
0x710067b424,U,388,
0x710067b5a8,U,696,
0x710067b860,U,48,
0x710067b890,U,4,
0x710067b8b8,U,204,
0x710067b98c,U,28,
0x710067b9a8,U,28,
0x710067b9f8,U,28,
0x710067ba64,U,28,
0x710067baf0,U,232,
0x710067bbdc,U,244,
0x710067bcd4,U,388,
0x710067c00c,U,28,
0x710067c038,U,28,
0x710067c0b0,U,160,
0x710067c154,U,244,
0x710067c24c,U,356,
0x710067c3b0,U,72,
0x710067c3f8,U,4,
0x710067c420,U,88,
0x710067c478,U,1040,
0x710067c888,U,508,
0x710067ca84,U,2068,
0x710067d298,U,120,
0x710067d314,U,192,
0x710067d4a4,U,304,
0x710067d604,U,28,
0x710067d6bc,U,28,
0x710067d6d8,U,76,
0x710067d730,U,160,
0x710067d7d4,U,244,
0x710067d8cc,U,352,
0x710067da54,U,28,
0x710067db04,U,28,
0x710067db60,U,160,
0x710067dc04,U,244,
0x710067de7c,U,352,
0x710067dfdc,U,68,
0x710067e020,U,4,
0x710067e048,U,300,
0x710067e174,U,28,
0x710067e1a4,U,28,
0x710067e210,U,160,
0x710067e2b4,U,244,
0x710067e3ac,U,352,
0x710067e510,U,244,
0x710067e884,U,388,
0x710067ea08,U,696,
0x710067ecc0,U,48,
0x710067ecf0,U,4,
0x710067ed18,U,28,
0x710067ed74,U,28,
0x710067edc8,U,28,
0x710067ee30,U,28,
0x710067eeb0,U,232,
0x710067ef9c,U,244,
0x710067f094,U,352,
0x710067f1f8,U,244,
0x710067f56c,U,388,
0x710067f6f0,U,696,
0x710067f9a8,U,48,
0x710067f9d8,U,4,
0x710067fae8,U,28,
0x710067fb24,U,28,
0x710067fb78,U,28,
0x710067fbe0,U,28,
0x710067fc60,U,232,
0x710067fd4c,U,244,
0x710067fe44,U,352,
0x710067ffa8,U,244,
0x71006803bc,U,388,
0x7100680540,U,696,
0x71006807f8,U,176,
0x71006808a8,U,4,
0x71006808d0,U,28,
0x710068090c,U,28,
0x7100680960,U,28,
0x710068097c,U,176,
0x7100680a48,U,28,
0x7100680ad0,U,232,
0x7100680bbc,U,244,
0x7100680e30,U,352,
0x7100680f94,U,244,
0x7100681630,U,388,
0x71006817b4,U,696,
0x7100681a6c,U,452,
0x7100681c30,U,196,
0x7100681d5c,U,28,
0x7100681d98,U,28,
0x7100681dec,U,28,
0x7100681e28,U,28,
0x7100681eb0,U,232,
0x7100681f9c,U,244,
0x7100682094,U,352,
0x71006821f8,U,244,
0x7100682b94,U,388,
0x7100682d18,U,696,
0x7100682fd0,U,48,
0x7100683000,U,4,
0x710068305c,U,28,
0x71006830a8,U,28,
0x71006830fc,U,28,
0x7100683164,U,28,
0x71006831f0,U,232,
0x71006832dc,U,244,
0x71006834a4,U,352,
0x7100683608,U,244,
0x7100683d14,U,388,
0x7100683e98,U,696,
0x7100684150,U,196,
0x7100684214,U,124,
0x7100684290,U,132,
0x7100684358,U,28,
0x7100684394,U,28,
0x71006843e8,U,28,
0x7100684424,U,28,
0x71006844b0,U,232,
0x710068459c,U,244,
0x7100684694,U,352,
0x71006847f8,U,244,
0x7100684c10,U,388,
0x7100684d94,U,696,
0x710068504c,U,48,
0x710068507c,U,4,
0x71006850a4,U,28,
0x7100685100,U,28,
0x7100685154,U,28,
0x71006851bc,U,28,
0x7100685240,U,232,
0x710068532c,U,244,
0x7100685424,U,352,
0x7100685588,U,244,
0x7100685b54,U,388,
0x7100685cd8,U,696,
0x7100685f90,U,48,
0x7100685fc0,U,4,
0x710068602c,U,28,
0x7100686068,U,28,
0x71006860bc,U,28,
0x7100686124,U,28,
0x71006861b0,U,232,
0x710068629c,U,244,
0x7100686394,U,388,
0x7100686518,U,48,
0x7100686548,U,96,
0x71006865a8,U,4,
0x71006865ac,U,4,
0x71006865b0,U,680,
0x7100686858,U,4,
0x710068685c,U,4,
0x7100686860,U,256,
0x7100686960,U,136,
0x71006869e8,U,64,
0x7100686a28,U,28,
0x7100686a7c,U,28,
0x7100686ba0,U,160,
0x7100686c44,U,244,
0x7100686d3c,U,388,
0x7100686ec0,U,68,
0x7100686f04,U,96,
0x7100686f64,U,164,
0x71006870dc,U,148,
0x7100687170,U,264,
0x7100687278,U,564,
0x71006874ac,U,28,
0x71006875f4,U,28,
0x7100687654,U,196,
0x7100687718,U,196,
0x7100687848,U,348,
0x71006879a4,U,24,
0x71006879c0,U,240,
0x7100687ab4,U,244,
0x7100687bac,U,388,
0x7100687d30,U,48,
0x7100687d60,U,96,
0x7100687e1c,U,96,
0x7100687e7c,U,28,
0x7100687ed0,U,28,
0x7100688030,U,200,
0x71006880fc,U,244,
0x71006881f4,U,388,
0x7100688378,U,72,
0x71006883c0,U,96,
0x7100688504,U,228,
0x71006885e8,U,324,
0x710068872c,U,228,
0x7100688810,U,1032,
0x7100688c18,U,260,
0x7100688d7c,U,28,
0x7100688f2c,U,28,
0x71006892bc,U,340,
0x7100689410,U,400,
0x71006895a0,U,196,
0x7100689670,U,400,
0x7100689804,U,244,
0x71006898fc,U,388,
0x7100689a80,U,72,
0x7100689ac8,U,96,
0x7100689c08,U,4,
0x7100689c0c,U,316,
0x7100689d84,U,72,
0x7100689dcc,U,220,
0x7100689ea8,U,216,
0x7100689f80,U,636,
0x710068a1fc,U,4,
0x710068a200,U,1144,
0x710068a678,U,28,
0x710068a768,U,28,
0x710068aa00,U,240,
0x710068aaf4,U,244,
0x710068abec,U,388,
0x710068ad70,U,48,
0x710068ada0,U,96,
0x710068af10,U,732,
0x710068b1ec,U,220,
0x710068b2c8,U,28,
0x710068b31c,U,28,
0x710068b480,U,240,
0x710068b574,U,244,
0x710068b66c,U,388,
0x710068b7f0,U,56,
0x710068b828,U,96,
0x710068b9a0,U,300,
0x710068bad4,U,308,
0x710068bca4,U,28,
0x710068bcf8,U,28,
0x710068be80,U,240,
0x710068bf74,U,244,
0x710068c06c,U,388,
0x710068c1f0,U,48,
0x710068c220,U,96,
0x710068c280,U,4,
0x710068c34c,U,28,
0x710068c3a0,U,28,
0x710068c500,U,160,
0x710068c5a4,U,244,
0x710068c69c,U,388,
0x710068c820,U,48,
0x710068c850,U,96,
0x710068c958,U,28,
0x710068c9ac,U,28,
0x710068cb10,U,160,
0x710068cbb4,U,244,
0x710068ccac,U,388,
0x710068cf4c,U,260,
0x710068d050,U,872,
0x710068d9ac,U,28,
0x710068daf0,U,28,
0x710068db84,U,24,
0x710068dba0,U,320,
0x710068de8c,U,384,
0x710068e010,U,244,
0x710068f1fc,U,388,
0x710068f380,U,696,
0x710068f63c,U,244,
0x7100690338,U,352,
0x7100690498,U,296,
0x71006905c0,U,212,
0x71006906dc,U,120,
0x7100690754,U,84,
0x71006907a8,U,28,
0x71006907dc,U,28,
0x71006908a0,U,28,
0x710069093c,U,28,
0x7100690c74,U,244,
0x7100691078,U,356,
0x71006911dc,U,780,
0x71006914e8,U,280,
0x7100691600,U,1708,
0x7100691dc8,U,448,
0x71006920f8,U,1704,
0x7100692a98,U,280,
0x7100692bb0,U,220,
0x7100692c8c,U,1000,
0x7100693074,U,220,
0x7100693150,U,1108,
0x71006935a4,U,1176,
0x7100693a3c,U,1616,
0x710069408c,U,16,
0x710069409c,U,788,
0x7100694dc0,U,232,
0x7100694ea8,U,1640,
0x710069554c,U,948,
0x7100695900,U,1144,
0x7100695d78,U,492,
0x7100695f64,U,292,
0x7100696088,U,464,
0x7100696570,U,352,
0x71006966d0,U,692,
0x7100696984,U,452,
0x7100696b48,U,268,
0x7100696d68,U,412,
0x7100696f04,U,1916,
0x7100697680,U,312,
0x7100697968,U,888,
0x7100698070,U,140,
0x71006980fc,U,28,
0x71006981ac,U,28,
0x7100698200,U,256,
0x7100698478,U,84,
0x71006986dc,U,24,
0x7100698700,U,644,
0x7100698988,U,244,
0x7100698a80,U,388,
0x7100698c04,U,28,
0x7100698c54,U,28,
0x7100698cd0,U,160,
0x7100698d74,U,244,
0x7100698e6c,U,352,
0x7100698ff4,U,240,
0x71006993ac,U,52,
0x71006993e0,U,928,
0x71006997e0,U,132,
0x7100699864,U,28,
0x7100699914,U,28,
0x7100699980,U,240,
0x7100699a74,U,244,
0x7100699ce8,U,352,
0x7100699e48,U,48,
0x7100699e78,U,4,
0x7100699ea0,U,28,
0x7100699ed0,U,28,
0x7100699f30,U,160,
0x7100699fd4,U,244,
0x710069a0cc,U,388,
0x710069a250,U,812,
0x710069a57c,U,384,
0x710069a6fc,U,80,
0x710069a74c,U,96,
0x710069a7ac,U,56,
0x710069a7e4,U,260,
0x710069a8e8,U,1364,
0x710069ae3c,U,368,
0x710069afac,U,460,
0x710069b178,U,436,
0x710069ba34,U,536,
0x710069bc90,U,856,
0x710069bfe8,U,1528,
0x710069c698,U,28,
0x710069c7f8,U,28,
0x710069d034,U,244,
0x710069d4e4,U,388,
0x710069d668,U,472,
0x710069dbb0,U,28,
0x710069dbcc,U,268,
0x710069dd0c,U,28,
0x710069dd80,U,160,
0x710069de24,U,244,
0x710069e68c,U,340,
0x710069e868,U,12,
0x710069e874,U,8,
0x710069e87c,U,12,
0x710069e888,U,4,
0x710069e88c,U,64,
0x710069e8cc,U,92,
0x710069e928,U,28,
0x710069e954,U,28,
0x710069e9e0,U,200,
0x710069eaac,U,244,
0x710069eba4,U,388,
0x710069ed58,U,28,
0x710069ed84,U,28,
0x710069ee00,U,320,
0x710069ef44,U,244,
0x710069f03c,U,356,
0x710069f1a0,U,164,
0x710069f244,U,172,
0x710069f2f0,U,172,
0x710069f39c,U,160,
0x710069f43c,U,156,
0x710069f604,U,124,
0x710069f680,U,168,
0x710069f728,U,516,
0x710069f92c,U,356,
0x710069fa90,U,356,
0x710069fbf4,U,564,
0x710069fe28,U,508,
0x71006a0024,U,468,
0x71006a01f8,U,444,
0x71006a0480,U,172,
0x71006a07e0,U,164,
0x71006a0884,U,68,
0x71006a08c8,U,28,
0x71006a0978,U,28,
0x71006a0994,U,116,
0x71006a0a20,U,400,
0x71006a0bb0,U,52,
0x71006a0be4,U,36,
0x71006a0c08,U,372,
0x71006a0d7c,U,1212,
0x71006a1238,U,132,
0x71006a131c,U,4,
0x71006a1320,U,4,
0x71006a15c8,U,560,
0x71006a1800,U,140,
0x71006a1890,U,244,
0x71006a1988,U,352,
0x71006a1b10,U,28,
0x71006a1bc0,U,28,
0x71006a1c20,U,160,
0x71006a1cc0,U,116,
0x71006a1d34,U,100,
0x71006a1e04,U,236,
0x71006a1ef0,U,432,
0x71006a20a0,U,316,
0x71006a21dc,U,212,
0x71006a22b0,U,276,
0x71006a23c4,U,128,
0x71006a249c,U,516,
0x71006a26a0,U,140,
0x71006a2730,U,244,
0x71006a2aec,U,352,
0x71006a2c4c,U,48,
0x71006a2c7c,U,4,
0x71006a2ca4,U,28,
0x71006a2cd4,U,28,
0x71006a2d30,U,160,
0x71006a2dd4,U,244,
0x71006a3230,U,352,
0x71006a3390,U,52,
0x71006a33c4,U,4,
0x71006a33ec,U,28,
0x71006a341c,U,28,
0x71006a3480,U,160,
0x71006a3524,U,244,
0x71006a361c,U,388,
0x71006a37a0,U,1388,
0x71006a3d0c,U,384,
0x71006a4038,U,384,
0x71006a41b8,U,72,
0x71006a4200,U,96,
0x71006a4260,U,356,
0x71006a43c4,U,88,
0x71006a4d74,U,716,
0x71006a45e8,U,1016,
0x71006a564c,U,28,
0x71006a57c4,U,28,
0x71006a6330,U,244,
0x71006a6428,U,388,
0x71006a65ac,U,908,
0x71006a6938,U,384,
0x71006a6c64,U,384,
0x71006a6de4,U,104,
0x71006a6e4c,U,96,
0x71006a6eac,U,836,
0x71006a7afc,U,716,
0x71006a7dc8,U,284,
0x71006a84dc,U,644,
0x71006a8760,U,596,
0x71006a8d94,U,256,
0x71006a926c,U,28,
0x71006a93e4,U,28,
0x71006a977c,U,504,
0x71006aa004,U,244,
0x71006aa85c,U,388,
0x71006aa9e0,U,404,
0x71006aab74,U,3344,
0x71006ab884,U,96,
0x71006ab8e4,U,196,
0x71006ab9a8,U,28,
0x71006ab9f8,U,28,
0x71006abaa0,U,200,
0x71006abb6c,U,244,
0x71006abc64,U,388,
0x71006ac018,U,28,
0x71006ac044,U,28,
0x71006ac0c0,U,160,
0x71006ac164,U,244,
0x71006ac25c,U,388,
0x71006ac4a8,U,28,
0x71006ac4d4,U,28,
0x71006ac550,U,160,
0x71006ac5f4,U,244,
0x71006acb30,U,352,
0x71006acd18,U,4,
0x71006acdc0,U,164,
0x71006ace64,U,88,
0x71006acebc,U,28,
0x71006acee8,U,28,
0x71006acf60,U,320,
0x71006ad0a4,U,244,
0x71006ad238,U,356,
0x71006ad39c,U,380,
0x71006ad518,U,544,
0x71006ad75c,U,208,
0x71006ad858,U,236,
0x71006ae194,U,104,
0x71006ae480,U,928,
0x71006ae820,U,296,
0x71006af438,U,1040,
0x71006af848,U,164,
0x71006af8ec,U,828,
0x71006afc28,U,664,
0x71006afec0,U,604,
0x71006b011c,U,728,
0x71006b03f4,U,1036,
0x71006b0800,U,384,
0x71006b0980,U,964,
0x71006b0d44,U,204,
0x71006b1228,U,708,
0x71006b14ec,U,452,
0x71006b16b0,U,288,
0x71006b17d0,U,888,
0x71006b1ddc,U,296,
0x71006b1f04,U,176,
0x71006b1fbc,U,280,
0x71006b20d4,U,28,
0x71006b2184,U,28,
0x71006b2318,U,340,
0x71006b2470,U,680,
0x71006b271c,U,244,
0x71006b2c14,U,352,
0x71006b2d74,U,76,
0x71006b2dc0,U,4,
0x71006b2de8,U,28,
0x71006b2e18,U,28,
0x71006b2e90,U,160,
0x71006b2f34,U,244,
0x71006b302c,U,388,
0x71006b31b0,U,1292,
0x71006b36bc,U,384,
0x71006b383c,U,104,
0x71006b38a4,U,96,
0x71006b3904,U,2224,
0x71006b41b4,U,344,
0x71006b430c,U,628,
0x71006b4594,U,308,
0x71006b46c8,U,568,
0x71006b4900,U,648,
0x71006b56a0,U,1376,
0x71006b5c00,U,528,
0x71006b5fec,U,276,
0x71006b6100,U,628,
0x71006b638c,U,144,
0x71006b641c,U,116,
0x71006b6490,U,120,
0x71006b6540,U,340,
0x71006b6694,U,28,
0x71006b67f4,U,28,
0x71006b6b5c,U,480,
0x71006b6db0,U,24,
0x71006b6dc8,U,136,
0x71006b6e50,U,640,
0x71006b70d4,U,244,
0x71006b71cc,U,388,
0x71006b7350,U,336,
0x71006b7508,U,372,
0x71006b78f0,U,744,
0x71006b7be0,U,28,
0x71006b7d24,U,28,
0x71006b7db4,U,24,
0x71006b7dd0,U,160,
0x71006b7e74,U,244,
0x71006b7f6c,U,388,
0x71006b8118,U,136,
0x71006b81a0,U,28,
0x71006b81cc,U,28,
0x71006b8240,U,160,
0x71006b82e4,U,244,
0x71006b83dc,U,388,
0x71006b8588,U,112,
0x71006b85f8,U,28,
0x71006b8624,U,28,
0x71006b86a0,U,160,
0x71006b8744,U,244,
0x71006b9048,U,352,
0x71006b91a8,U,132,
0x71006b922c,U,140,
0x71006b9480,U,28,
0x71006b94ac,U,28,
0x71006b9550,U,160,
0x71006b973c,U,384,
0x71006b98c0,U,244,
0x71006b9bec,U,356,
0x71006b9d50,U,372,
0x71006b9ec4,U,208,
0x71006b9f94,U,216,
0x71006ba06c,U,172,
0x71006ba118,U,124,
0x71006ba194,U,260,
0x71006ba298,U,528,
0x71006ba4a8,U,84,
0x71006ba4fc,U,252,
0x71006ba61c,U,252,
0x71006ba7ec,U,288,
0x71006ba90c,U,336,
0x71006baa5c,U,920,
0x71006badf4,U,412,
0x71006baf90,U,384,
0x71006bb288,U,60,
0x71006bb2c4,U,804,
0x71006bb668,U,248,
0x71006bb7bc,U,332,
0x71006bba24,U,88,
0x71006bba7c,U,1248,
0x71006bbf94,U,72,
0x71006bc004,U,372,
0x71006bc178,U,16,
0x71006bc188,U,280,
0x71006bc3f0,U,1320,
0x71006bc918,U,156,
0x71006bc9b4,U,28,
0x71006bcaf0,U,28,
0x71006bcb0c,U,100,
0x71006bcbcc,U,184,
0x71006bcf84,U,44,
0x71006bcfb0,U,92,
0x71006bd074,U,176,
0x71006bd124,U,4,
0x71006bd128,U,184,
0x71006bd1e0,U,784,
0x71006bd4f0,U,184,
0x71006bd5a8,U,4,
0x71006bd5b0,U,140,
0x71006bd640,U,244,
0x71006bd738,U,388,
0x71006bd8bc,U,688,
0x71006bdb70,U,148,
0x71006bdc04,U,104,
0x71006bdc6c,U,28,
0x71006bdcbc,U,28,
0x71006bdd30,U,160,
0x71006bddd4,U,244,
0x71006be228,U,352,
0x71006be38c,U,244,
0x71006be5ac,U,388,
0x71006be730,U,696,
0x71006bea20,U,28,
0x71006bea4c,U,28,
0x71006bea9c,U,28,
0x71006beb08,U,28,
0x71006beb90,U,232,
0x71006bec7c,U,244,
0x71006bed74,U,356,
0x71006bef00,U,120,
0x71006bef78,U,320,
0x71006bf0b8,U,128,
0x71006bf138,U,28,
0x71006bf1e8,U,28,
0x71006bf250,U,160,
0x71006bf2f4,U,244,
0x71006bfee4,U,352,
0x71006c0044,U,48,
0x71006c0074,U,4,
0x71006c009c,U,28,
0x71006c00cc,U,28,
0x71006c0130,U,160,
0x71006c01d4,U,244,
0x71006c02cc,U,388,
0x71006c0450,U,620,
0x71006c06bc,U,384,
0x71006c083c,U,144,
0x71006c08cc,U,100,
0x71006c0930,U,284,
0x71006c0b98,U,672,
0x71006c0e38,U,524,
0x71006c1108,U,480,
0x71006c12e8,U,1960,
0x71006c1a90,U,372,
0x71006c1c04,U,1224,
0x71006c20cc,U,452,
0x71006c2290,U,832,
0x71006c26fc,U,2980,
0x71006c32a0,U,904,
0x71006c3628,U,628,
0x71006c389c,U,304,
0x71006c3a48,U,28,
0x71006c3a64,U,252,
0x71006c3bb0,U,28,
0x71006c3e40,U,864,
0x71006c4214,U,24,
0x71006c452c,U,244,
0x71006c4624,U,388,
0x71006c4be0,U,28,
0x71006c4c30,U,28,
0x71006c4cbc,U,132,
0x71006c4d40,U,160,
0x71006c4de4,U,244,
0x71006c51b4,U,352,
0x71006c5314,U,120,
0x71006c53a8,U,212,
0x71006c54c0,U,28,
0x71006c54dc,U,132,
0x71006c5560,U,140,
0x71006c55fc,U,28,
0x71006c56b0,U,200,
0x71006c577c,U,244,
0x71006c5874,U,356,
0x71006c59d8,U,412,
0x71006c5b74,U,204,
0x71006c5c40,U,76,
0x71006c5c8c,U,64,
0x71006c5d14,U,12,
0x71006c5d20,U,12,
0x71006c5d2c,U,172,
0x71006c6274,U,932,
0x71006c6618,U,4,
0x71006c6620,U,128,
0x71006c66e4,U,916,
0x71006c6b68,U,28,
0x71006c6c18,U,28,
0x71006c6c98,U,476,
0x71006c6e74,U,452,
0x71006c71b4,U,244,
0x71006c742c,U,388,
0x71006c75c0,U,28,
0x71006c7644,U,28,
0x71006c7690,U,160,
0x71006c7734,U,244,
0x71006c782c,U,352,
0x71006c79b4,U,132,
0x71006c7d1c,U,284,
0x71006c7e38,U,28,
0x71006c7ee8,U,28,
0x71006c7f50,U,160,
0x71006c7ff4,U,244,
0x71006c844c,U,352,
0x71006c85dc,U,28,
0x71006c8608,U,28,
0x71006c8670,U,160,
0x71006c8714,U,244,
0x71006c880c,U,356,
0x71006c8ae8,U,120,
0x71006c8ce0,U,260,
0x71006c9404,U,460,
0x71006c95d4,U,28,
0x71006c96a8,U,28,
0x71006c96c4,U,120,
0x71006c9750,U,244,
0x71006c9848,U,244,
0x71006c9ca0,U,388,
0x71006c9e34,U,28,
0x71006c9eb8,U,28,
0x71006c9f00,U,160,
0x71006c9fa4,U,244,
0x71006ca09c,U,352,
0x71006ca2ac,U,336,
0x71006ca3fc,U,364,
0x71006ca5d4,U,1316,
0x71006cad1c,U,28,
0x71006cadcc,U,28,
0x71006cae2c,U,332,
0x71006caf80,U,760,
0x71006cb280,U,244,
0x71006cb378,U,244,
0x71006cb470,U,352,
0x71006cb5f8,U,28,
0x71006cb624,U,28,
0x71006cb680,U,160,
0x71006cb724,U,244,
0x71006cb81c,U,356,
0x71006cb9a8,U,120,
0x71006cba4c,U,268,
0x71006cc3e4,U,28,
0x71006cc484,U,484,
0x71006cc678,U,28,
0x71006cc6e0,U,160,
0x71006cc784,U,244,
0x71006cc87c,U,352,
0x71006cc9e0,U,244,
0x71006ccc00,U,388,
0x71006ccd84,U,696,
0x71006cd074,U,28,
0x71006cd0a0,U,28,
0x71006cd0f0,U,28,
0x71006cd15c,U,28,
0x71006cd1e0,U,232,
0x71006cd2cc,U,244,
0x71006cd3c4,U,356,
0x71006cd550,U,120,
0x71006cd5c8,U,756,
0x71006cd9d0,U,92,
0x71006cda2c,U,28,
0x71006cdadc,U,28,
0x71006cdaf8,U,72,
0x71006cdb50,U,200,
0x71006cdc1c,U,244,
0x71006cdd14,U,352,
0x71006cde74,U,48,
0x71006cdea4,U,4,
0x71006cdf74,U,28,
0x71006cdfa4,U,28,
0x71006ce000,U,160,
0x71006ce0a4,U,244,
0x71006ce19c,U,388,
0x71006ce320,U,620,
0x71006ce58c,U,384,
0x71006ce70c,U,104,
0x71006ce774,U,96,
0x71006ce7d4,U,80,
0x71006cec98,U,404,
0x71006cee2c,U,492,
0x71006cf018,U,1348,
0x71006cf55c,U,1364,
0x71006cfab0,U,508,
0x71006cfcac,U,500,
0x71006cfea0,U,472,
0x71006d0078,U,388,
0x71006d01fc,U,72,
0x71006d0244,U,592,
0x71006d0494,U,520,
0x71006d069c,U,28,
0x71006d0724,U,28,
0x71006d0884,U,28,
0x71006d0e18,U,24,
0x71006d0e30,U,432,
0x71006d0fe4,U,244,
0x71006d10dc,U,388,
0x71006d1b40,U,28,
0x71006d1b90,U,28,
0x71006d1c10,U,160,
0x71006d1cb4,U,244,
0x71006d1dac,U,388,
0x71006d2004,U,28,
0x71006d2054,U,28,
0x71006d20d0,U,160,
0x71006d2174,U,244,
0x71006d3054,U,352,
0x71006d31b4,U,428,
0x71006d3360,U,384,
0x71006d3848,U,28,
0x71006d388c,U,28,
0x71006d3ba8,U,244,
0x71006d3ca0,U,356,
0x71006d3e48,U,12,
0x71006d3e54,U,12,
0x71006d3e60,U,16,
0x71006d3e70,U,12,
0x71006d3e7c,U,16,
0x71006d3e8c,U,12,
0x71006d3e98,U,12,
0x71006d3ea4,U,12,
0x71006d3eb0,U,12,
0x71006d3ebc,U,12,
0x71006d3ec8,U,12,
0x71006d3ed4,U,16,
0x71006d3ee4,U,12,
0x71006d3ef0,U,12,
0x71006d3efc,U,12,
0x71006d3f08,U,12,
0x71006d3f14,U,8,
0x71006d3f1c,U,12,
0x71006d3f28,U,12,
0x71006d3f34,U,12,
0x71006d3f40,U,16,
0x71006d3f50,U,12,
0x71006d3f5c,U,88,
0x71006d3fb4,U,88,
0x71006d400c,U,96,
0x71006d406c,U,96,
0x71006d40cc,U,12,
0x71006d40e4,U,164,
0x71006d4188,U,172,
0x71006d4234,U,172,
0x71006d44a0,U,40,
0x71006d44c8,U,296,
0x71006d4680,U,704,
0x71006d4940,U,164,
0x71006d49e4,U,872,
0x71006d4d4c,U,608,
0x71006d4fdc,U,396,
0x71006d51a4,U,448,
0x71006d5364,U,224,
0x71006d5444,U,652,
0x71006d56d0,U,296,
0x71006d57f8,U,184,
0x71006d58b0,U,68,
0x71006d58f4,U,68,
0x71006d5938,U,88,
0x71006d5bf8,U,368,
0x71006d5e00,U,84,
0x71006d5e54,U,396,
0x71006d6038,U,268,
0x71006d6144,U,76,
0x71006d61f0,U,28,
0x71006d62a0,U,28,
0x71006d62bc,U,112,
0x71006d6340,U,1320,
0x71006d686c,U,244,
0x71006d6964,U,388,
0x71006d6b10,U,164,
0x71006d6bb4,U,28,
0x71006d6be0,U,28,
0x71006d6c60,U,160,
0x71006d6d04,U,244,
0x71006d6dfc,U,388,
0x71006d6f88,U,116,
0x71006d7004,U,28,
0x71006d7054,U,28,
0x71006d70d0,U,160,
0x71006d7174,U,244,
0x71006d726c,U,388,
0x71006d75dc,U,548,
0x71006d78e0,U,1184,
0x71006d7d80,U,504,
0x71006d7f78,U,276,
0x71006d808c,U,328,
0x71006d81d4,U,164,
0x71006d8278,U,28,
0x71006d8294,U,204,
0x71006d8394,U,28,
0x71006d847c,U,24,
0x71006d8494,U,116,
0x71006d8510,U,160,
0x71006d85b4,U,244,
0x71006d9e98,U,340,
0x71006d9fec,U,524,
0x71006da1f8,U,384,
0x71006da4c4,U,384,
0x71006da644,U,600,
0x71006da89c,U,736,
0x71006daba0,U,8,
0x71006daba8,U,12,
0x71006dabb4,U,12,
0x71006dabc0,U,12,
0x71006dabcc,U,12,
0x71006dabd8,U,20,
0x71006dabec,U,20,
0x71006dac00,U,20,
0x71006dac14,U,20,
0x71006dac28,U,12,
0x71006dac34,U,12,
0x71006dac40,U,12,
0x71006dac4c,U,12,
0x71006dac58,U,12,
0x71006dac64,U,12,
0x71006dac70,U,20,
0x71006dac84,U,20,
0x71006dacb0,U,28,
0x71006dad0c,U,28,
0x71006db2b8,U,244,
0x71006db3b0,U,356,
0x71006db514,U,316,
0x71006db650,U,416,
0x71006db814,U,120,
0x71006db88c,U,748,
0x71006dbb78,U,472,
0x71006dc258,U,720,
0x71006dc9e8,U,188,
0x71006dcaa4,U,240,
0x71006dcb94,U,252,
0x71006dcc90,U,252,
0x71006dcdc8,U,36,
0x71006dcdec,U,408,
0x71006dcf84,U,36,
0x71006dcfa8,U,280,
0x71006dd0c0,U,412,
0x71006dd25c,U,412,
0x71006dd640,U,612,
0x71006dd8a4,U,600,
0x71006ddafc,U,688,
0x71006dddac,U,248,
0x71006ddea4,U,108,
0x71006ddf80,U,28,
0x71006de030,U,28,
0x71006de090,U,160,
0x71006de134,U,244,
0x71006de354,U,388,
0x71006de4d8,U,696,
0x71006de790,U,52,
0x71006de7c4,U,92,
0x71006de888,U,180,
0x71006de93c,U,4,
0x71006de940,U,184,
0x71006de9f8,U,808,
0x71006ded20,U,236,
0x71006dee0c,U,36,
0x71006dee30,U,28,
0x71006dee80,U,28,
0x71006def00,U,212,
0x71006defd8,U,244,
0x71006df0d0,U,388,
0x71006df264,U,28,
0x71006df2e8,U,28,
0x71006df330,U,160,
0x71006df3d4,U,244,
0x71006df4cc,U,352,
0x71006df62c,U,48,
0x71006df65c,U,4,
0x71006df684,U,232,
0x71006df774,U,232,
0x71006df868,U,292,
0x71006df98c,U,216,
0x71006dfa64,U,4,
0x71006dfa84,U,4,
0x71006dfc70,U,28,
0x71006dfd20,U,28,
0x71006dfe40,U,244,
0x71006e01f0,U,340,
0x71006e037c,U,28,
0x71006e03a8,U,28,
0x71006e0410,U,160,
0x71006e04b4,U,244,
0x71006e05ac,U,356,
0x71006e0738,U,120,
0x71006e07b0,U,184,
0x71006e09e4,U,232,
0x71006e0acc,U,468,
0x71006e0d74,U,28,
0x71006e0e30,U,28,
0x71006e0e90,U,160,
0x71006e0f30,U,92,
0x71006e1090,U,240,
0x71006e1184,U,244,
0x71006e137c,U,388,
0x71006e1500,U,900,
0x71006e1898,U,28,
0x71006e18e8,U,28,
0x71006e1960,U,244,
0x71006e2280,U,388,
0x71006e2404,U,404,
0x71006e34e8,U,28,
0x71006e3504,U,228,
0x71006e361c,U,28,
0x71006e3690,U,160,
0x71006e3734,U,244,
0x71006e382c,U,388,
0x71006e39b0,U,100,
0x71006e3a28,U,28,
0x71006e3a78,U,28,
0x71006e3af0,U,160,
0x71006e3b94,U,244,
0x71006e3d90,U,388,
0x71006e3f14,U,196,
0x71006e4138,U,28,
0x71006e4154,U,124,
0x71006e41d0,U,132,
0x71006e4264,U,28,
0x71006e42d0,U,160,
0x71006e4374,U,244,
0x71006e4568,U,388,
0x71006e4780,U,28,
0x71006e47d0,U,28,
0x71006e4850,U,160,
0x71006e48f4,U,244,
0x71006e525c,U,352,
0x71006e53ec,U,28,
0x71006e5418,U,28,
0x71006e5480,U,160,
0x71006e590c,U,384,
0x71006e5b10,U,1044,
0x71006e5f28,U,244,
0x71006e6020,U,356,
0x71006e6184,U,612,
0x71006e6d10,U,464,
0x71006e6ee0,U,1300,
0x71006e73f4,U,500,
0x71006e75e8,U,364,
0x71006e77b8,U,1748,
0x71006e7e8c,U,512,
0x71006e808c,U,380,
0x71006e8208,U,468,
0x71006e83dc,U,1360,
0x71006e892c,U,236,
0x71006e8a18,U,444,
0x71006e8bd4,U,696,
0x71006e8e8c,U,1272,
0x71006e9384,U,1012,
0x71006e9778,U,32,
0x71006e9798,U,784,
0x71006e9aa8,U,1096,
0x71006e9ef0,U,104,
0x71006e9fb4,U,24,
0x71006e9fcc,U,404,
0x71006ea160,U,176,
0x71006ea210,U,492,
0x71006ea3fc,U,392,
0x71006ea584,U,672,
0x71006ea824,U,220,
0x71006ea900,U,164,
0x71006ea9a4,U,580,
0x71006eabe8,U,116,
0x71006eac5c,U,1208,
0x71006eb114,U,220,
0x71006eb1f0,U,220,
0x71006eb2cc,U,220,
0x71006eb3a8,U,220,
0x71006eb484,U,268,
0x71006eb590,U,152,
0x71006eb628,U,212,
0x71006eb6fc,U,4,
0x71006eb700,U,204,
0x71006eb7cc,U,256,
0x71006eb8cc,U,308,
0x71006eba00,U,32,
0x71006eba20,U,28,
0x71006ebb64,U,28,
0x71006ebb80,U,280,
0x71006ebca4,U,432,
0x71006ebe54,U,328,
0x71006ebfa0,U,244,
0x71006ec098,U,352,
0x71006ec1f8,U,48,
0x71006ec228,U,4,
0x71006ec250,U,28,
0x71006ec280,U,28,
0x71006ec2e0,U,160,
0x71006ec384,U,244,
0x71006ec47c,U,352,
0x71006ec5dc,U,52,
0x71006ec610,U,4,
0x71006ec638,U,28,
0x71006ec668,U,28,
0x71006ec6d0,U,160,
0x71006ec774,U,244,
0x71006ec86c,U,388,
0x71006ec9f0,U,52,
0x71006eca24,U,96,
0x71006eca84,U,144,
0x71006ecf98,U,272,
0x71006ed0a8,U,28,
0x71006ed0fc,U,28,
0x71006ed220,U,360,
0x71006ed38c,U,244,
0x71006ed484,U,388,
0x71006ed608,U,52,
0x71006ed63c,U,96,
0x71006ed69c,U,120,
0x71006ed714,U,544,
0x71006ed934,U,588,
0x71006edc1c,U,272,
0x71006edd2c,U,28,
0x71006edd80,U,28,
0x71006edea0,U,240,
0x71006edf94,U,244,
0x71006ee08c,U,388,
0x71006ee210,U,96,
0x71006ee270,U,28,
0x71006ee2c0,U,28,
0x71006ee340,U,160,
0x71006ee52c,U,384,
0x71006ee6b0,U,244,
0x71006ee958,U,352,
0x71006eed14,U,28,
0x71006eedcc,U,28,
0x71006ef064,U,244,
0x71006ef15c,U,356,
0x71006ef2c0,U,200,
0x71006ef388,U,208,
0x71006ef458,U,224,
0x71006ef568,U,1612,
0x71006efbb4,U,204,
0x71006efc80,U,408,
0x71006efe18,U,384,
0x71006eff98,U,2612,
0x71006f09cc,U,232,
0x71006f0ab4,U,188,
0x71006f0b70,U,80,
0x71006f0cc4,U,572,
0x71006f123c,U,1984,
0x71006f19fc,U,820,
0x71006f201c,U,752,
0x71006f230c,U,180,
0x71006f23c0,U,784,
0x71006f29c4,U,640,
0x71006f2c44,U,412,
0x71006f2de0,U,356,
0x71006f2f44,U,68,
0x71006f2f88,U,84,
0x71006f2fdc,U,232,
0x71006f30c4,U,28,
0x71006f3174,U,28,
0x71006f3190,U,188,
0x71006f32a0,U,240,
0x71006f3390,U,80,
0x71006f33e0,U,56,
0x71006f3418,U,68,
0x71006f345c,U,56,
0x71006f3494,U,636,
0x71006f3710,U,140,
0x71006f379c,U,272,
0x71006f38b0,U,140,
0x71006f3ae8,U,384,
0x71006f3ea0,U,244,
0x71006f3f98,U,388,
0x71006f411c,U,268,
0x71006f4228,U,284,
0x71006f43dc,U,112,
0x71006f4450,U,336,
0x71006f4a30,U,220,
0x71006f4b0c,U,592,
0x71006f4d5c,U,40,
0x71006f4d84,U,244,
0x71006f4e78,U,176,
0x71006f4f28,U,152,
0x71006f4fc0,U,324,
0x71006f5104,U,364,
0x71006f5270,U,28,
0x71006f5320,U,28,
0x71006f540c,U,144,
0x71006f549c,U,144,
0x71006f552c,U,260,
0x71006f5630,U,260,
0x71006f5740,U,160,
0x71006f5aac,U,384,
0x71006f5e38,U,384,
0x71006f5fbc,U,244,
0x71006f6e84,U,388,
0x71006f7008,U,380,
0x71006f7184,U,380,
0x71006f7300,U,380,
0x71006f747c,U,380,
0x71006f75f8,U,380,
0x71006f7774,U,380,
0x71006f7918,U,28,
0x71006f7a5c,U,28,
0x71006f8120,U,904,
0x71006f84a8,U,508,
0x71006f86c4,U,640,
0x71006f8944,U,432,
0x71006f8af4,U,428,
0x71006f8ca0,U,416,
0x71006f8f24,U,548,
0x71006f9148,U,428,
0x71006f9368,U,424,
0x71006f9980,U,456,
0x71006f9b48,U,336,
0x71006f9c98,U,1124,
0x71006fa0fc,U,1140,
0x71006fa570,U,732,
0x71006fa84c,U,72,
0x71006fa894,U,268,
0x71006fa9a0,U,796,
0x71006facbc,U,308,
0x71006fadf0,U,128,
0x71006fae70,U,232,
0x71006faf58,U,324,
0x71006fb09c,U,500,
0x71006fb290,U,312,
0x71006fb3f4,U,288,
0x71006fb514,U,308,
0x71006fb648,U,472,
0x71006fb820,U,548,
0x71006fba50,U,140,
0x71006fbadc,U,136,
0x71006fbb70,U,140,
0x71006fbbfc,U,128,
0x71006fbe54,U,1328,
0x71006fc38c,U,164,
0x71006fc470,U,140,
0x71006fc4fc,U,320,
0x71006fc63c,U,104,
0x71006fc714,U,176,
0x71006fc7c4,U,1612,
0x71006fce10,U,80,
0x71006fce60,U,84,
0x71006fceb4,U,2136,
0x71006fd70c,U,828,
0x71006fda48,U,348,
0x71006fdba4,U,504,
0x71006fdd9c,U,736,
0x71006fe07c,U,240,
0x71006fe16c,U,496,
0x71006fe35c,U,212,
0x71006fe430,U,1124,
0x71006fe894,U,320,
0x71006fe9d4,U,684,
0x71006fec80,U,988,
0x71006ff05c,U,724,
0x71006ff330,U,780,
0x71006ff63c,U,32,
0x71006ff660,U,140,
0x71006ff6ec,U,456,
0x71006ff8b4,U,108,
0x71006ff920,U,116,
0x7100700fc0,U,140,
0x710070104c,U,196,
0x7100701560,U,436,
0x7100701960,U,140,
0x71007019f0,U,240,
0x7100701ae4,U,364,
0x7100701c54,U,244,
0x7100701d4c,U,380,
0x7100701ecc,U,244,
0x7100701fc4,U,380,
0x7100702140,U,168,
0x7100702564,U,180,
0x7100702618,U,148,
0x71007026f0,U,392,
0x710070287c,U,28,
0x7100702948,U,28,
0x710070298c,U,28,
0x7100702a68,U,28,
0x7100702a84,U,148,
0x7100702b18,U,148,
0x7100702c18,U,332,
0x7100702d70,U,200,
0x7100702e38,U,92,
0x7100702ec4,U,404,
0x7100703058,U,268,
0x7100703240,U,140,
0x71007032cc,U,100,
0x71007033c8,U,288,
0x7100703600,U,140,
0x7100703690,U,388,
0x7100703814,U,100,
0x7100703878,U,20,
0x71007038c0,U,48,
0x71007038f4,U,152,
0x710070398c,U,4,
0x7100703990,U,32,
0x7100703cf4,U,108,
0x7100703dd4,U,536,
0x7100703fec,U,432,
0x710070419c,U,1588,
0x7100704990,U,140,
0x7100704b8c,U,1388,
0x7100705110,U,140,
0x710070519c,U,84,
0x71007051f0,U,144,
0x7100705280,U,8,
0x7100705288,U,4,
0x710070528c,U,276,
0x71007053a0,U,1168,
0x7100705830,U,564,
0x7100705a64,U,408,
0x7100705bfc,U,100,
0x7100705c60,U,140,
0x71007061e0,U,1252,
0x71007066d0,U,140,
0x7100706760,U,184,
0x7100706818,U,212,
0x71007068ec,U,84,
0x7100706940,U,92,
0x710070699c,U,296,
0x7100706ac4,U,76,
0x7100706b10,U,1532,
0x710070710c,U,212,
0x71007071e0,U,196,
0x71007072a4,U,1296,
0x71007077c8,U,1208,
0x7100707c80,U,168,
0x7100707d28,U,204,
0x7100707df4,U,200,
0x7100708050,U,140,
0x71007082f0,U,140,
0x7100708380,U,140,
0x7100708410,U,240,
0x7100708824,U,388,
0x71007089a8,U,144,
0x7100708a38,U,280,
0x7100708b74,U,220,
0x7100708c50,U,220,
0x7100708d2c,U,220,
0x7100708e08,U,220,
0x7100709268,U,388,
0x71007093ec,U,220,
0x710070984c,U,388,
0x71007099d0,U,220,
0x7100709aac,U,480,
0x7100709c8c,U,528,
0x7100709e9c,U,32,
0x7100709ebc,U,100,
0x7100709f20,U,1752,
0x710070a5f8,U,356,
0x710070a75c,U,56,
0x710070a794,U,28,
0x710070a7b0,U,368,
0x710070a920,U,104,
0x710070a9c0,U,20,
0x710070aa20,U,352,
0x710070ab80,U,104,
0x710070ac2c,U,20,
0x710070acc0,U,360,
0x710070ae28,U,88,
0x710070aeb8,U,20,
0x710070af18,U,360,
0x710070b080,U,88,
0x710070b110,U,20,
0x710070b170,U,364,
0x710070b2dc,U,60,
0x710070b31c,U,112,
0x710070b3a8,U,20,
0x710070b468,U,176,
0x710070b518,U,176,
0x710070b5c8,U,364,
0x710070b734,U,60,
0x710070b774,U,112,
0x710070b800,U,20,
0x710070b8c0,U,176,
0x710070b970,U,176,
0x710070ba40,U,28,
0x710070baec,U,336,
0x710070bc3c,U,336,
0x710070c128,U,80,
0x710070c178,U,84,
0x710070c2dc,U,80,
0x710070c32c,U,84,
0x710070c388,U,100,
0x710070c624,U,144,
0x710070c76c,U,612,
0x710070c9d0,U,564,
0x710070cc24,U,260,
0x710070cd28,U,268,
0x710070d188,U,516,
0x710070d38c,U,168,
0x710070d434,U,180,
0x710070d4e8,U,24,
0x710070d500,U,8,
0x710070d508,U,212,
0x710070d5dc,U,284,
0x710070d6f8,U,88,
0x710070d750,U,40,
0x710070d778,U,28,
0x710070d794,U,76,
0x710070d7e0,U,8,
0x710070d7e8,U,8,
0x710070d7f0,U,8,
0x710070d7f8,U,32,
0x710070d818,U,8,
0x710070d820,U,16,
0x710070d830,U,16,
0x710070d840,U,16,
0x710070d850,U,20,
0x710070d864,U,16,
0x710070d874,U,16,
0x710070d884,U,12,
0x710070d890,U,12,
0x710070d89c,U,12,
0x710070d8a8,U,200,
0x710070d970,U,192,
0x710070da30,U,68,
0x710070da74,U,536,
0x710070dc8c,U,364,
0x710070ddf8,U,292,
0x710070df3c,U,4,
0x710070df40,U,188,
0x710070dffc,U,956,
0x710070e3ec,U,648,
0x710070e680,U,140,
0x710070ef18,U,384,
0x710070f098,U,424,
0x710070f240,U,192,
0x710070f300,U,44,
0x710070f3b8,U,280,
0x710070f4d0,U,1228,
0x710070f99c,U,1484,
0x710070ff68,U,384,
0x71007100e8,U,336,
0x7100710350,U,656,
0x71007105e4,U,244,
0x7100710f08,U,388,
0x710071108c,U,380,
0x7100711208,U,304,
0x7100711338,U,272,
0x7100711470,U,28,
0x710071149c,U,28,
0x7100711560,U,160,
0x7100711604,U,244,
0x71007116fc,U,352,
0x710071185c,U,120,
0x71007118d4,U,164,
0x7100711978,U,252,
0x7100711a74,U,172,
0x7100711e00,U,8,
0x7100711fe8,U,504,
0x71007121e0,U,412,
0x710071237c,U,28,
0x710071242c,U,28,
0x7100712538,U,260,
0x710071263c,U,348,
0x7100712798,U,436,
0x710071294c,U,400,
0x7100712ae0,U,160,
0x7100712b84,U,244,
0x7100712c7c,U,352,
0x7100712fe4,U,276,
0x71007130f8,U,28,
0x71007131a8,U,28,
0x7100713210,U,160,
0x71007132b4,U,244,
0x7100713770,U,388,
0x71007138f4,U,696,
0x7100713bb0,U,244,
0x7100713ca8,U,352,
0x7100713fec,U,28,
0x71007140b0,U,28,
0x7100714100,U,28,
0x7100714194,U,28,
0x7100714200,U,232,
0x71007142e8,U,224,
0x71007143c8,U,552,
0x71007145f0,U,20,
0x7100714604,U,252,
0x7100714700,U,264,
0x7100714808,U,492,
0x71007149f4,U,900,
0x7100714d78,U,52,
0x7100714dac,U,36,
0x7100714dd0,U,228,
0x7100714eb4,U,4,
0x71007153d8,U,244,
0x7100715b08,U,372,
0x7100715c7c,U,380,
0x7100715df8,U,124,
0x7100715e74,U,132,
0x7100715fa8,U,136,
0x7100716030,U,28,
0x7100716130,U,28,
0x71007161c4,U,68,
0x71007162d0,U,160,
0x7100716370,U,140,
0x7100716400,U,244,
0x71007164f8,U,388,
0x71007166a4,U,28,
0x71007166d0,U,28,
0x7100716750,U,160,
0x71007167f4,U,244,
0x71007168ec,U,388,
0x7100716a98,U,28,
0x7100716ac4,U,28,
0x7100716b50,U,160,
0x7100716bf4,U,244,
0x7100716cec,U,388,
0x7100716e74,U,244,
0x7100716f6c,U,372,
0x71007172c0,U,28,
0x7100717370,U,28,
0x7100717404,U,28,
0x7100717454,U,28,
0x71007174c0,U,180,
0x7100717578,U,244,
0x7100717670,U,388,
0x71007177f8,U,244,
0x7100717d28,U,372,
0x7100717e9c,U,372,
0x7100718010,U,372,
0x7100718184,U,52,
0x71007181b8,U,4,
0x71007181ec,U,76,
0x7100718238,U,336,
0x7100718388,U,60,
0x71007183c4,U,28,
0x71007183f0,U,28,
0x7100718484,U,28,
0x71007184d4,U,28,
0x7100718544,U,72,
0x71007185d0,U,72,
0x7100718660,U,180,
0x7100718718,U,244,
0x7100718810,U,388,
0x7100718994,U,748,
0x7100718c80,U,364,
0x7100718dec,U,632,
0x7100719064,U,732,
0x7100719364,U,112,
0x7100719444,U,376,
0x7100719894,U,604,
0x7100719af0,U,528,
0x7100719d00,U,320,
0x7100719e40,U,1272,
0x710071a338,U,96,
0x710071a398,U,396,
0x710071a524,U,696,
0x710071a7dc,U,244,
0x710071a8d0,U,2764,
0x710071b39c,U,436,
0x710071b550,U,1432,
0x710071bae8,U,1432,
0x710071c080,U,3112,
0x710071cca8,U,372,
0x710071ce1c,U,3132,
0x710071da58,U,852,
0x710071ddac,U,536,
0x710071e27c,U,560,
0x710071e4ac,U,136,
0x710071e534,U,308,
0x710071e668,U,2976,
0x710071f208,U,852,
0x710071f55c,U,20,
0x710071f634,U,276,
0x710071f748,U,28,
0x710071f80c,U,28,
0x710071f878,U,260,
0x710071f97c,U,376,
0x710071faf4,U,444,
0x710071fcb0,U,460,
0x710071ff68,U,244,
0x7100720168,U,388,
0x7100720314,U,28,
0x7100720340,U,28,
0x71007203c0,U,160,
0x7100720464,U,244,
0x710072055c,U,352,
0x71007206c0,U,244,
0x71007219f0,U,388,
0x7100721b74,U,380,
0x7100721cf0,U,380,
0x7100721e6c,U,696,
0x7100722124,U,112,
0x7100722524,U,100,
0x7100722588,U,1328,
0x7100722ab8,U,1640,
0x7100723120,U,728,
0x7100723408,U,92,
0x7100723464,U,20,
0x7100723478,U,28,
0x710072354c,U,28,
0x710072359c,U,28,
0x7100723648,U,28,
0x7100723820,U,240,
0x7100723914,U,244,
0x7100723a0c,U,352,
0x7100723b6c,U,296,
0x7100723cf0,U,304,
0x7100723e20,U,304,
0x7100724408,U,608,
0x7100724668,U,1088,
0x7100724aa8,U,1060,
0x71007251e0,U,472,
0x71007253b8,U,600,
0x7100725610,U,436,
0x71007257c4,U,740,
0x7100725aa8,U,536,
0x7100725cc0,U,180,
0x7100725d74,U,952,
0x710072612c,U,704,
0x71007263ec,U,28,
0x71007264a8,U,28,
0x71007264c4,U,176,
0x7100726580,U,24,
0x7100726598,U,220,
0x7100726674,U,248,
0x710072676c,U,492,
0x7100726960,U,160,
0x7100726a04,U,244,
0x7100726d18,U,388,
0x7100726e9c,U,308,
0x7100727688,U,1528,
0x7100727c94,U,592,
0x7100728064,U,2488,
0x7100728a1c,U,24,
0x7100728a34,U,956,
0x7100728df0,U,1760,
0x71007294d4,U,384,
0x7100729654,U,636,
0x71007298d0,U,168,
0x7100729978,U,960,
0x7100729d38,U,28,
0x7100729de8,U,28,
0x7100729eac,U,328,
0x710072a000,U,256,
0x710072a110,U,2384,
0x710072aa60,U,716,
0x710072ad30,U,564,
0x710072af70,U,724,
0x710072b250,U,772,
0x710072b590,U,160,
0x710072b634,U,244,
0x710072b72c,U,352,
0x710072b9e0,U,304,
0x710072bb10,U,112,
0x710072bb94,U,28,
0x710072bc44,U,28,
0x710072bca8,U,220,
0x710072bd90,U,160,
0x710072be34,U,244,
0x710072dfcc,U,388,
0x710072e150,U,380,
0x710072e2cc,U,380,
0x710072e448,U,380,
0x710072e5c4,U,380,
0x710072e740,U,380,
0x710072e8bc,U,380,
0x710072ea38,U,380,
0x710072ebb4,U,380,
0x710072ed30,U,380,
0x710072eeac,U,380,
0x710072f028,U,380,
0x710072f1a4,U,552,
0x710072f3cc,U,1108,
0x710072fb50,U,580,
0x710072fd94,U,204,
0x710072fe60,U,820,
0x7100730194,U,336,
0x71007302e4,U,344,
0x710073043c,U,2028,
0x7100730c28,U,28,
0x7100730c54,U,28,
0x7100730f00,U,68,
0x7100731028,U,68,
0x7100731300,U,160,
0x71007314ec,U,384,
0x7100731670,U,244,
0x71007326b0,U,388,
0x7100732834,U,104,
0x710073289c,U,4,
0x71007328c4,U,28,
0x710073299c,U,28,
0x7100732c08,U,244,
0x7100732f60,U,388,
0x71007330e4,U,380,
0x7100733288,U,28,
0x71007332b4,U,28,
0x71007333c0,U,160,
0x7100733464,U,244,
0x7100733558,U,11556,
0x710073627c,U,388,
0x7100736400,U,380,
0x710073657c,U,380,
0x71007366f8,U,380,
0x7100736874,U,380,
0x71007369f0,U,380,
0x7100736b6c,U,736,
0x7100736e4c,U,604,
0x71007370cc,U,900,
0x7100737450,U,648,
0x71007376d8,U,8,
0x71007376e0,U,28,
0x710073770c,U,28,
0x7100737a50,U,160,
0x7100737af4,U,244,
0x7100737bec,U,352,
0x7100737d4c,U,12,
0x7100737d58,U,476,
0x7100737f34,U,292,
0x710073807c,U,232,
0x7100738164,U,272,
0x7100738274,U,112,
0x71007384cc,U,152,
0x7100738564,U,1848,
0x7100738c9c,U,576,
0x71007390d0,U,92,
0x710073912c,U,476,
0x7100739308,U,1176,
0x71007397a0,U,468,
0x7100739974,U,80,
0x71007399c4,U,536,
0x7100739bdc,U,136,
0x7100739c64,U,488,
0x7100739e4c,U,196,
0x7100739f10,U,468,
0x710073a0e4,U,460,
0x710073a2b0,U,10112,
0x710073ca30,U,436,
0x710073cbe4,U,420,
0x710073cd88,U,2216,
0x710073d630,U,576,
0x710073d9c0,U,4800,
0x710073ec80,U,336,
0x710073edd0,U,120,
0x710073ee48,U,2420,
0x710073f7bc,U,204,
0x710073fea8,U,2040,
0x7100741008,U,156,
0x71007410a4,U,424,
0x710074124c,U,2140,
0x7100741aa8,U,544,
0x7100741cc8,U,1480,
0x7100742290,U,432,
0x7100742644,U,28,
0x71007426f8,U,28,
0x7100742750,U,1548,
0x7100742d60,U,380,
0x7100742ee0,U,332,
0x7100743030,U,784,
0x7100743340,U,1664,
0x71007439c0,U,368,
0x7100743b30,U,292,
0x7100743c60,U,368,
0x7100743dd0,U,556,
0x7100744000,U,1468,
0x71007445c0,U,384,
0x7100744740,U,288,
0x7100744860,U,376,
0x71007449e0,U,508,
0x7100744be0,U,160,
0x7100744c80,U,200,
0x7100744d48,U,20,
0x7100744d90,U,140,
0x7100744e1c,U,48,
0x7100744e4c,U,356,
0x7100744fb0,U,544,
0x71007451d0,U,212,
0x71007452a4,U,44,
0x71007452d0,U,216,
0x71007453a8,U,92,
0x7100745404,U,60,
0x7100745440,U,60,
0x710074547c,U,352,
0x71007455dc,U,144,
0x710074566c,U,144,
0x71007456fc,U,24,
0x7100745740,U,140,
0x71007457cc,U,56,
0x7100745804,U,4,
0x710074580c,U,36,
0x7100745830,U,356,
0x7100745994,U,88,
0x71007459f0,U,140,
0x7100745a7c,U,168,
0x7100745b24,U,80,
0x7100745bc4,U,24,
0x7100745bdc,U,128,
0x7100745c5c,U,336,
0x7100745dac,U,120,
0x7100745e24,U,80,
0x7100745e74,U,156,
0x7100745f10,U,112,
0x7100745f80,U,88,
0x7100745ff0,U,140,
0x7100746080,U,244,
0x7100746178,U,388,
0x71007463cc,U,112,
0x710074643c,U,36,
0x71007466f4,U,220,
0x71007467d8,U,28,
0x7100746888,U,28,
0x7100746910,U,160,
0x71007469b4,U,244,
0x7100746cc4,U,352,
0x7100746e28,U,244,
0x71007473bc,U,388,
0x7100747540,U,696,
0x71007477f8,U,492,
0x71007479e4,U,1176,
0x7100747ea0,U,112,
0x7100747f74,U,240,
0x7100748064,U,456,
0x7100748234,U,316,
0x7100748370,U,180,
0x7100748424,U,740,
0x7100748708,U,5064,
0x7100749ad0,U,884,
0x7100749e44,U,120,
0x7100749ebc,U,536,
0x710074a0d4,U,300,
0x710074a200,U,352,
0x710074a360,U,520,
0x710074a568,U,336,
0x710074a6b8,U,1140,
0x710074ab2c,U,1728,
0x710074b1ec,U,560,
0x710074b41c,U,352,
0x710074b680,U,1472,
0x710074bc40,U,404,
0x710074bdd4,U,324,
0x710074bf18,U,616,
0x710074c180,U,388,
0x710074c304,U,140,
0x710074c390,U,752,
0x710074c684,U,344,
0x710074c7dc,U,2596,
0x710074d200,U,1108,
0x710074d654,U,436,
0x710074d808,U,340,
0x710074d95c,U,1092,
0x710074dda0,U,56,
0x710074ddd8,U,504,
0x710074dfd0,U,88,
0x710074e028,U,360,
0x710074e190,U,304,
0x710074e390,U,28,
0x710074e44c,U,28,
0x710074e4a0,U,28,
0x710074e504,U,28,
0x710074e5ac,U,320,
0x710074e6ec,U,320,
0x710074e82c,U,268,
0x710074e938,U,240,
0x710074ea40,U,348,
0x710074eca8,U,244,
0x710074eda0,U,352,
0x710074ef00,U,180,
0x710074efb4,U,164,
0x710074f058,U,172,
0x710074f2f0,U,404,
0x710074f550,U,372,
0x710074fa64,U,676,
0x710074fd08,U,1060,
0x7100750804,U,324,
0x7100750948,U,364,
0x7100750ab4,U,64,
0x7100750af4,U,28,
0x7100750b64,U,28,
0x7100750b80,U,188,
0x7100750c50,U,244,
0x7100750d48,U,244,
0x7100750f80,U,388,
0x7100751108,U,244,
0x7100751290,U,352,
0x7100751464,U,116,
0x71007514d8,U,68,
0x7100751520,U,220,
0x7100751608,U,24,
0x7100751620,U,28,
0x7100751860,U,28,
0x71007518b0,U,28,
0x7100751940,U,28,
0x71007519d8,U,132,
0x7100751c60,U,244,
0x7100751d58,U,352,
0x7100751eb8,U,268,
0x71007523e8,U,964,
0x710075293c,U,28,
0x71007529ec,U,28,
0x7100752a78,U,304,
0x7100752ba8,U,400,
0x7100752d38,U,436,
0x7100752eec,U,208,
0x7100752fbc,U,368,
0x71007531f8,U,344,
0x7100753350,U,344,
0x71007534a8,U,120,
0x7100753524,U,244,
0x710075416c,U,352,
0x71007542cc,U,380,
0x7100754448,U,372,
0x71007545bc,U,380,
0x7100754738,U,1292,
0x7100754c44,U,372,
0x7100754db8,U,380,
0x7100754f34,U,704,
0x71007551f4,U,388,
0x7100755378,U,220,
0x7100755454,U,220,
0x71007558b4,U,388,
0x7100755a38,U,220,
0x7100755e98,U,388,
0x710075601c,U,220,
0x71007560f8,U,484,
0x71007562dc,U,220,
0x71007563b8,U,220,
0x7100756494,U,220,
0x71007568f4,U,388,
0x7100756a78,U,220,
0x7100756ed8,U,388,
0x710075705c,U,220,
0x7100757138,U,500,
0x710075732c,U,220,
0x7100757408,U,220,
0x7100757868,U,388,
0x71007579ec,U,220,
0x7100757e4c,U,388,
0x7100757fd0,U,220,
0x71007580ac,U,504,
0x71007582a4,U,228,
0x7100758388,U,312,
0x71007584c0,U,244,
0x71007585b4,U,252,
0x71007586b0,U,364,
0x7100758840,U,156,
0x71007588dc,U,568,
0x7100758b14,U,888,
0x7100758e8c,U,700,
0x71007591e0,U,456,
0x7100759440,U,1780,
0x7100759b34,U,556,
0x7100759d74,U,68,
0x7100759db8,U,748,
0x710075a0a4,U,28,
0x710075a1c4,U,8,
0x710075a1cc,U,8,
0x710075a1d4,U,172,
0x710075a298,U,356,
0x710075a400,U,252,
0x710075a4fc,U,364,
0x710075a668,U,96,
0x710075a700,U,20,
0x710075a760,U,364,
0x710075a8cc,U,96,
0x710075a964,U,20,
0x710075a9c4,U,364,
0x710075ab30,U,60,
0x710075aba8,U,20,
0x710075ad7c,U,512,
0x710075af7c,U,364,
0x710075b0e8,U,60,
0x710075b160,U,20,
0x710075b334,U,512,
0x710075b534,U,364,
0x710075b6a0,U,96,
0x710075b738,U,20,
0x710075b798,U,364,
0x710075b904,U,96,
0x710075b99c,U,20,
0x710075b9fc,U,364,
0x710075bb68,U,96,
0x710075bc00,U,20,
0x710075bc60,U,364,
0x710075bdcc,U,60,
0x710075be64,U,20,
0x710075bfa0,U,364,
0x710075c10c,U,60,
0x710075c1a4,U,20,
0x710075c2e0,U,364,
0x710075c44c,U,96,
0x710075c4e4,U,20,
0x710075c544,U,364,
0x710075c6b0,U,96,
0x710075c748,U,20,
0x710075c7a8,U,364,
0x710075c914,U,60,
0x710075c988,U,20,
0x710075c9d4,U,160,
0x710075ca74,U,196,
0x710075cc00,U,364,
0x710075cd6c,U,60,
0x710075cde0,U,20,
0x710075ce2c,U,160,
0x710075cecc,U,196,
0x710075d058,U,204,
0x710075d124,U,348,
0x710075d290,U,28,
0x710075d374,U,72,
0x710075d430,U,824,
0x710075d8e4,U,104,
0x710075db20,U,20,
0x710075db34,U,68,
0x710075df98,U,80,
0x710075e160,U,80,
0x710075e39c,U,200,
0x710075e508,U,412,
0x710075e6c8,U,316,
0x710075e804,U,328,
0x710075eb1c,U,80,
0x710075ec54,U,80,
0x710075ee54,U,196,
0x710075ef94,U,192,
0x710075f420,U,336,
0x710075f590,U,168,
0x710075f7f0,U,160,
0x710075f8f0,U,444,
0x710075faac,U,536,
0x710075fcc4,U,80,
0x710075fd80,U,160,
0x710075fff8,U,80,
0x7100760260,U,284,
0x7100760550,U,116,
0x71007605c4,U,432,
0x7100760774,U,432,
0x7100760924,U,448,
0x7100760ae4,U,268,
0x7100760bf0,U,440,
0x7100760da8,U,368,
0x7100760f3c,U,184,
0x7100760ff4,U,200,
0x71007610bc,U,24,
0x71007610d4,U,772,
0x71007613d8,U,528,
0x71007615e8,U,256,
0x71007616e8,U,484,
0x710076238c,U,244,
0x710076270c,U,352,
0x710076286c,U,308,
0x71007629a0,U,432,
0x7100762b74,U,24,
0x7100762b8c,U,112,
0x7100762f64,U,948,
0x7100763414,U,264,
0x710076351c,U,168,
0x71007635c4,U,28,
0x7100763674,U,28,
0x71007636c8,U,84,
0x710076371c,U,536,
0x7100763934,U,336,
0x7100763c7c,U,244,
0x7100763d74,U,352,
0x7100763ed4,U,160,
0x7100763f74,U,4,
0x7100763f9c,U,824,
0x71007642d4,U,180,
0x7100764388,U,4,
0x710076438c,U,52,
0x71007643c0,U,1580,
0x71007649ec,U,100,
0x7100764a50,U,2540,
0x710076543c,U,32,
0x7100765484,U,8,
0x71007654b0,U,1352,
0x71007659f8,U,3900,
0x7100766934,U,308,
0x7100766a68,U,1080,
0x7100766ea0,U,28,
0x7100766ecc,U,28,
0x7100766fa0,U,160,
0x7100767044,U,244,
0x71007677cc,U,388,
0x7100767950,U,124,
0x71007679cc,U,132,
0x7100767ba0,U,968,
0x7100767f70,U,28,
0x7100767f9c,U,28,
0x7100768040,U,160,
0x71007680e4,U,244,
0x71007682b0,U,352,
0x7100768410,U,244,
0x7100768504,U,252,
0x7100768604,U,28,
0x71007686b4,U,28,
0x7100768770,U,160,
0x7100768814,U,244,
0x710076890c,U,388,
0x7100768ab8,U,28,
0x7100768ae4,U,28,
0x7100768b60,U,160,
0x7100768c04,U,244,
0x7100769214,U,388,
0x71007696d8,U,28,
0x7100769714,U,28,
0x71007697b0,U,160,
0x7100769854,U,244,
0x7100769bc4,U,352,
0x7100769d2c,U,32,
0x7100769dc0,U,28,
0x7100769ee0,U,28,
0x710076a0f8,U,240,
0x710076a50c,U,352,
0x710076a66c,U,320,
0x710076a7d0,U,220,
0x710076a8ac,U,220,
0x710076a988,U,220,
0x710076aa64,U,220,
0x710076aec4,U,388,
0x710076b048,U,220,
0x710076b4a8,U,388,
0x710076b62c,U,220,
0x710076b708,U,480,
0x710076b8e8,U,120,
0x710076b960,U,524,
0x710076bb6c,U,384,
0x710076bcec,U,220,
0x710076bdc8,U,220,
0x710076c228,U,388,
0x710076c3ac,U,220,
0x710076c80c,U,388,
0x710076c990,U,220,
0x710076ca6c,U,500,
0x710076cc60,U,368,
0x710076cdd0,U,388,
0x710076cf58,U,244,
0x710076e50c,U,352,
0x710076e66c,U,380,
0x710076e7e8,U,380,
0x710076e964,U,2528,
0x710076f344,U,3404,
0x710077018c,U,456,
0x7100770354,U,184,
0x710077045c,U,456,
0x7100771064,U,756,
0x7100771358,U,1128,
0x71007717c0,U,628,
0x7100771ea4,U,1104,
0x71007722f4,U,464,
0x71007724c4,U,332,
0x7100772610,U,136,
0x7100772698,U,76,
0x71007727f0,U,532,
0x7100772a04,U,332,
0x7100772b50,U,328,
0x7100772c98,U,24,
0x7100772cb0,U,72,
0x7100772cf8,U,440,
0x7100772eb0,U,360,
0x7100773018,U,620,
0x7100773284,U,284,
0x71007733a0,U,748,
0x710077368c,U,220,
0x7100773768,U,352,
0x71007738c8,U,684,
0x7100773b74,U,276,
0x7100773c88,U,584,
0x7100773ed0,U,324,
0x7100774014,U,220,
0x71007740f0,U,156,
0x710077418c,U,396,
0x7100774318,U,440,
0x71007749d4,U,336,
0x7100774b24,U,608,
0x7100774d84,U,580,
0x7100774fc8,U,896,
0x7100775348,U,16,
0x7100775358,U,352,
0x71007754b8,U,344,
0x710077561c,U,764,
0x7100775918,U,424,
0x7100775ac0,U,1312,
0x7100775fe0,U,616,
0x7100776248,U,280,
0x7100776360,U,28,
0x710077637c,U,28,
0x710077641c,U,368,
0x710077658c,U,104,
0x710077662c,U,20,
0x710077668c,U,352,
0x71007767ec,U,104,
0x7100776898,U,20,
0x710077692c,U,360,
0x7100776a94,U,88,
0x7100776b24,U,20,
0x7100776b84,U,360,
0x7100776cec,U,88,
0x7100776d7c,U,20,
0x7100776ddc,U,364,
0x7100776f48,U,60,
0x7100776f88,U,112,
0x7100777014,U,20,
0x71007770d4,U,176,
0x7100777184,U,176,
0x7100777234,U,364,
0x71007773a0,U,60,
0x71007773e0,U,112,
0x710077746c,U,20,
0x710077752c,U,176,
0x71007775dc,U,176,
0x7100777718,U,8,
0x7100777720,U,8,
0x7100777728,U,172,
0x71007777ec,U,356,
0x7100777968,U,364,
0x7100777ad4,U,96,
0x7100777b6c,U,20,
0x7100777bcc,U,364,
0x7100777d38,U,96,
0x7100777dd0,U,20,
0x7100777e30,U,364,
0x7100777f9c,U,60,
0x7100777fdc,U,96,
0x7100778058,U,20,
0x7100778108,U,144,
0x7100778198,U,144,
0x7100778228,U,424,
0x71007783d0,U,364,
0x710077853c,U,60,
0x710077857c,U,96,
0x71007785f8,U,20,
0x71007786a8,U,144,
0x7100778738,U,144,
0x71007787c8,U,204,
0x71007788a8,U,28,
0x7100778bc4,U,80,
0x7100778c14,U,84,
0x7100778d78,U,80,
0x7100778dc8,U,84,
0x7100778e24,U,100,
0x71007790c0,U,144,
0x7100779208,U,612,
0x710077946c,U,564,
0x71007796c0,U,260,
0x71007797c4,U,268,
0x71007798d0,U,348,
0x7100779ad0,U,152,
0x7100779d34,U,328,
0x7100779e7c,U,228,
0x7100779f60,U,80,
0x710077a0a8,U,80,
0x710077a1b0,U,168,
0x710077a28c,U,100,
0x710077a478,U,164,
0x710077a51c,U,276,
0x710077a630,U,208,
0x710077a700,U,300,
0x710077a82c,U,320,
0x710077a96c,U,404,
0x710077ab00,U,624,
0x710077ad70,U,288,
0x710077ae90,U,244,
0x710077afa4,U,580,
0x710077b1e8,U,588,
0x710077b508,U,44,
0x710077b538,U,108,
0x710077b5e4,U,28,
0x710077b8c8,U,24,
0x710077b8e0,U,24,
0x710077b8f8,U,24,
0x710077b9a8,U,164,
0x710077babc,U,28,
0x710077bad8,U,28,
0x710077bb08,U,4,
0x710077bb0c,U,4,
0x710077bbd0,U,264,
0x710077c5f0,U,244,
0x710077c6e8,U,388,
0x710077c86c,U,56,
0x710077c8a4,U,4,
0x710077c8cc,U,28,
0x710077c8f8,U,28,
0x710077c980,U,160,
0x710077cb6c,U,384,
0x710077cd60,U,316,
0x710077cea0,U,244,
0x710077d06c,U,352,
0x710077d1cc,U,244,
0x710077d2c0,U,252,
0x710077d3bc,U,28,
0x710077d46c,U,28,
0x710077d520,U,160,
0x710077d5c4,U,244,
0x710077d6bc,U,388,
0x710077d868,U,28,
0x710077d894,U,28,
0x710077d910,U,160,
0x710077d9b4,U,244,
0x710077db80,U,352,
0x710077dce0,U,244,
0x710077ddd4,U,252,
0x710077e35c,U,28,
0x710077e40c,U,28,
0x710077e4c0,U,160,
0x710077e564,U,244,
0x710077e65c,U,388,
0x710077e808,U,28,
0x710077e834,U,28,
0x710077e8b0,U,160,
0x710077e954,U,244,
0x710077eb14,U,388,
0x710077ec98,U,52,
0x710077eccc,U,4,
0x710077ecf4,U,28,
0x710077ed20,U,28,
0x710077eda0,U,160,
0x710077ee44,U,244,
0x710077f174,U,388,
0x710077f2f8,U,380,
0x710077f49c,U,28,
0x710077f4c8,U,28,
0x710077f5d0,U,160,
0x710077f674,U,244,
0x710077f768,U,41912,
0x7100789b20,U,388,
0x7100789ca4,U,696,
0x7100789f5c,U,244,
0x710078a054,U,244,
0x710078be40,U,388,
0x710078bfc4,U,380,
0x710078c140,U,380,
0x710078c2bc,U,380,
0x710078c438,U,380,
0x710078c5b4,U,380,
0x710078c730,U,380,
0x710078c8ac,U,380,
0x710078ca28,U,380,
0x710078cba4,U,372,
0x710078cd18,U,380,
0x710078ce94,U,380,
0x710078d010,U,308,
0x710078d144,U,772,
0x710078d46c,U,184,
0x710078d524,U,560,
0x710078d754,U,28,
0x710078d770,U,28,
0x710078d7c0,U,28,
0x710078d854,U,28,
0x710078d8c0,U,68,
0x710078d904,U,264,
0x710078da9c,U,68,
0x710078db9c,U,68,
0x710078dc9c,U,68,
0x710078dd9c,U,68,
0x710078dfbc,U,72,
0x710078e0d8,U,68,
0x710078e180,U,232,
0x710078e26c,U,244,
0x710078e4e4,U,388,
0x710078e668,U,68,
0x710078e6ac,U,4,
0x710078e6d4,U,28,
0x710078e700,U,28,
0x710078e790,U,160,
0x710078e834,U,244,
0x710078eb90,U,388,
0x710078ed14,U,380,
0x710078eeb8,U,28,
0x710078eee4,U,28,
0x710078eff0,U,160,
0x710078f094,U,244,
0x710078f18c,U,388,
0x710078f338,U,28,
0x710078f364,U,28,
0x710078f3e0,U,160,
0x710078f484,U,244,
0x710078f57c,U,388,
0x710078f700,U,644,
0x710078fe5c,U,296,
0x710078ff84,U,28,
0x710078ffb0,U,28,
0x7100790060,U,160,
0x7100790104,U,244,
0x7100790434,U,388,
0x71007905b8,U,276,
0x7100790cbc,U,208,
0x7100790d8c,U,28,
0x7100790da8,U,208,
0x7100790e78,U,216,
0x7100790f50,U,112,
0x7100791038,U,28,
0x71007910b0,U,160,
0x7100791154,U,244,
0x7100791380,U,388,
0x7100791504,U,124,
0x7100791580,U,132,
0x7100791604,U,28,
0x7100791630,U,28,
0x71007916c0,U,160,
0x7100791764,U,244,
0x710079185c,U,388,
0x7100791a08,U,28,
0x7100791a34,U,28,
0x7100791ab0,U,160,
0x7100791b54,U,244,
0x71007920fc,U,388,
0x7100792280,U,380,
0x71007923fc,U,76,
0x7100792448,U,4,
0x7100792470,U,28,
0x710079249c,U,28,
0x7100792590,U,160,
0x7100792634,U,244,
0x710079304c,U,388,
0x71007931d0,U,200,
0x71007932bc,U,28,
0x71007932e8,U,28,
0x7100793400,U,160,
0x71007934a4,U,244,
0x710079366c,U,388,
0x71007937f0,U,108,
0x710079385c,U,116,
0x71007938d0,U,28,
0x71007938fc,U,28,
0x7100793990,U,160,
0x7100793a34,U,244,
0x7100793d00,U,388,
0x7100793eac,U,28,
0x7100793ed8,U,28,
0x7100793f50,U,160,
0x7100793ff4,U,244,
0x7100794618,U,388,
0x710079479c,U,736,
0x7100794a7c,U,412,
0x7100794c3c,U,28,
0x7100794c68,U,28,
0x7100794ce0,U,160,
0x7100794d84,U,244,
0x71007950b4,U,388,
0x7100795238,U,380,
0x71007953dc,U,28,
0x7100795408,U,28,
0x71007954e0,U,160,
0x7100795584,U,244,
0x710079630c,U,388,
0x7100796490,U,124,
0x710079650c,U,132,
0x7100796590,U,24,
0x71007965a8,U,24,
0x71007965c0,U,24,
0x71007965d8,U,28,
0x7100796604,U,28,
0x7100796730,U,160,
0x71007967d4,U,244,
0x71007968cc,U,388,
0x7100796a78,U,28,
0x7100796aa4,U,28,
0x7100796b20,U,160,
0x7100796bc4,U,244,
0x71007970b0,U,388,
0x7100797234,U,268,
0x7100797340,U,124,
0x71007973bc,U,132,
0x7100797440,U,28,
0x710079746c,U,28,
0x71007974e0,U,160,
0x7100797584,U,244,
0x710079767c,U,352,
0x71007977dc,U,48,
0x710079792c,U,28,
0x710079795c,U,28,
0x71007979b0,U,160,
0x7100797a54,U,244,
0x7100797b4c,U,352,
0x7100797cac,U,112,
0x7100797d44,U,92,
0x7100797da0,U,80,
0x7100797e5c,U,2128,
0x71007986ac,U,244,
0x7100798a08,U,136,
0x7100798a90,U,28,
0x7100798ac4,U,28,
0x7100798b60,U,160,
0x7100798c04,U,244,
0x7100798cfc,U,388,
0x7100798e88,U,8,
0x7100798e90,U,8,
0x7100798e98,U,84,
0x7100798eec,U,220,
0x7100798fc8,U,28,
0x710079909c,U,28,
0x7100799120,U,160,
0x71007991c0,U,220,
0x710079929c,U,220,
0x71007996fc,U,388,
0x7100799880,U,220,
0x7100799ce0,U,388,
0x7100799e64,U,220,
0x7100799f40,U,504,
0x710079a138,U,220,
0x710079a218,U,244,
0x710079a6bc,U,388,
0x710079a8b8,U,196,
0x710079a97c,U,28,
0x710079a998,U,68,
0x710079a9dc,U,76,
0x710079aa28,U,364,
0x710079ab94,U,96,
0x710079ac2c,U,20,
0x710079ac8c,U,364,
0x710079adf8,U,96,
0x710079ae90,U,20,
0x710079aef0,U,364,
0x710079b05c,U,60,
0x710079b0d0,U,20,
0x710079b11c,U,128,
0x710079b19c,U,164,
0x710079b2e8,U,364,
0x710079b454,U,60,
0x710079b4c8,U,20,
0x710079b514,U,128,
0x710079b594,U,164,
0x710079b6e0,U,364,
0x710079b84c,U,96,
0x710079b8e4,U,20,
0x710079b944,U,252,
0x710079bb88,U,128,
0x710079bc08,U,268,
0x710079bd44,U,404,
0x710079bed8,U,80,
0x710079c0a8,U,128,
0x710079c138,U,80,
0x710079c1c8,U,172,
0x710079c650,U,196,
0x710079c890,U,348,
0x710079c9ec,U,360,
0x710079cb54,U,356,
0x710079ccb8,U,304,
0x710079ce08,U,152,
0x710079cea0,U,164,
0x710079cf54,U,28,
0x710079d320,U,140,
0x710079d3b0,U,244,
0x710079e6e0,U,388,
0x710079e864,U,380,
0x710079e9e0,U,380,
0x710079eb5c,U,380,
0x710079ecd8,U,380,
0x710079ee54,U,380,
0x710079efd0,U,380,
0x710079f14c,U,380,
0x710079f2c8,U,380,
0x710079f444,U,380,
0x710079f5c0,U,484,
0x710079f8b0,U,24,
0x710079f8c8,U,464,
0x710079fa98,U,244,
0x710079fbb0,U,40,
0x710079fbd8,U,16,
0x710079fbe8,U,60,
0x710079fc24,U,132,
0x710079fca8,U,680,
0x710079ff50,U,280,
0x71007a0068,U,680,
0x71007a0310,U,280,
0x71007a0428,U,604,
0x71007a0684,U,28,
0x71007a0734,U,28,
0x71007a07a0,U,100,
0x71007a0a3c,U,100,
0x71007a0cac,U,72,
0x71007a0d58,U,72,
0x71007a0e04,U,248,
0x71007a0f30,U,400,
0x71007a10c0,U,300,
0x71007a11ec,U,220,
0x71007a12c8,U,220,
0x71007a1734,U,388,
0x71007a18b8,U,220,
0x71007a1d24,U,388,
0x71007a1ea8,U,220,
0x71007a1f84,U,504,
0x71007a217c,U,220,
0x71007a225c,U,240,
0x71007a2944,U,388,
0x71007a2ac8,U,372,
0x71007a2c40,U,244,
0x71007a2d38,U,388,
0x71007a2ec0,U,244,
0x71007a4ffc,U,352,
0x71007a515c,U,380,
0x71007a52d8,U,372,
0x71007a544c,U,380,
0x71007a55c8,U,380,
0x71007a5744,U,380,
0x71007a58c0,U,636,
0x71007a5b3c,U,736,
0x71007a5e1c,U,1016,
0x71007a6214,U,352,
0x71007a63fc,U,860,
0x71007a6b58,U,532,
0x71007a6d6c,U,172,
0x71007a6e18,U,720,
0x71007a7c40,U,1036,
0x71007a804c,U,564,
0x71007a8280,U,1188,
0x71007a8724,U,716,
0x71007a89f0,U,960,
0x71007a8db0,U,316,
0x71007a8eec,U,348,
0x71007a9268,U,8,
0x71007a9270,U,348,
0x71007a95f8,U,304,
0x71007a9728,U,348,
0x71007a9884,U,192,
0x71007a9944,U,192,
0x71007aa604,U,12,
0x71007aa610,U,436,
0x71007aa7c4,U,12,
0x71007aa7d0,U,20,
0x71007aa7e4,U,20,
0x71007aa7f8,U,28,
0x71007aa898,U,368,
0x71007aaa08,U,104,
0x71007aaaa8,U,20,
0x71007aab08,U,368,
0x71007aac78,U,104,
0x71007aad18,U,20,
0x71007aad78,U,364,
0x71007aaee4,U,60,
0x71007aaf24,U,96,
0x71007aafa0,U,20,
0x71007ab050,U,144,
0x71007ab0e0,U,144,
0x71007ab170,U,364,
0x71007ab2dc,U,60,
0x71007ab31c,U,96,
0x71007ab398,U,20,
0x71007ab448,U,144,
0x71007ab4d8,U,144,
0x71007ab568,U,368,
0x71007ab6d8,U,104,
0x71007ab778,U,20,
0x71007ab7d8,U,280,
0x71007ab8f0,U,28,
0x71007ab968,U,28,
0x71007abba4,U,436,
0x71007abd58,U,328,
0x71007abea0,U,80,
0x71007abef0,U,96,
0x71007ac010,U,80,
0x71007ac060,U,96,
0x71007ac400,U,172,
0x71007ac4ac,U,540,
0x71007ac6c8,U,596,
0x71007ac91c,U,608,
0x71007acb7c,U,408,
0x71007acd14,U,300,
0x71007ace64,U,216,
0x71007acf3c,U,228,
0x71007ad034,U,28,
0x71007ad18c,U,28,
0x71007ad1dc,U,116,
0x71007ad250,U,116,
0x71007ad330,U,316,
0x71007ad47c,U,28,
0x71007ad5e8,U,96,
0x71007ad648,U,120,
0x71007ad6c0,U,204,
0x71007ada28,U,224,
0x71007adb50,U,80,
0x71007adc7c,U,408,
0x71007ade14,U,148,
0x71007adea8,U,136,
0x71007adf30,U,220,
0x71007ae00c,U,364,
0x71007ae178,U,96,
0x71007ae210,U,20,
0x71007ae40c,U,220,
0x71007ae908,U,244,
0x71007aeb34,U,388,
0x71007aecb8,U,180,
0x71007aed6c,U,284,
0x71007aee88,U,256,
0x71007aef88,U,156,
0x71007af024,U,164,
0x71007af0d4,U,28,
0x71007af184,U,28,
0x71007af270,U,160,
0x71007af314,U,244,
0x71007af40c,U,352,
0x71007af56c,U,56,
0x71007af8e4,U,64,
0x71007af924,U,28,
0x71007af950,U,28,
0x71007af9c0,U,160,
0x71007afa60,U,120,
0x71007afadc,U,244,
0x71007afd48,U,388,
0x71007afecc,U,512,
0x71007b00cc,U,184,
0x71007b0240,U,456,
0x71007b046c,U,1244,
0x71007b0948,U,1212,
0x71007b0e04,U,592,
0x71007b1094,U,448,
0x71007b1254,U,28,
0x71007b12f0,U,8,
0x71007b12f8,U,8,
0x71007b1300,U,172,
0x71007b13c4,U,356,
0x71007b1528,U,204,
0x71007b15f4,U,204,
0x71007b16c0,U,348,
0x71007b182c,U,28,
0x71007b1848,U,188,
0x71007b1928,U,252,
0x71007b1a24,U,24,
0x71007b1a40,U,364,
0x71007b1bac,U,120,
0x71007b1c28,U,244,
0x71007b1d20,U,388,
0x71007b1ea8,U,244,
0x71007b21b0,U,388,
0x71007b24f4,U,456,
0x71007b26bc,U,728,
0x71007b2df0,U,608,
0x71007b3050,U,436,
0x71007b3318,U,628,
0x71007b3900,U,644,
0x71007b3db8,U,404,
0x71007b3f4c,U,28,
0x71007b3f68,U,192,
0x71007b4028,U,328,
0x71007b4274,U,8,
0x71007b427c,U,8,
0x71007b4284,U,172,
0x71007b4348,U,356,
0x71007b44ac,U,204,
0x71007b4578,U,164,
0x71007b46fc,U,164,
0x71007b4824,U,348,
0x71007b4990,U,28,
0x71007b4a1c,U,28,
0x71007b4a6c,U,28,
0x71007b4c78,U,264,
0x71007b4d80,U,556,
0x71007b4fb0,U,244,
0x71007b52e0,U,388,
0x71007b5464,U,380,
0x71007b55e4,U,244,
0x71007b56dc,U,352,
0x71007b583c,U,1036,
0x71007b5c48,U,328,
0x71007b5d90,U,24,
0x71007b5da8,U,8,
0x71007b5db0,U,16,
0x71007b5dc0,U,120,
0x71007b5e38,U,116,
0x71007b5eac,U,84,
0x71007b5f00,U,88,
0x71007b5f58,U,2328,
0x71007b6b38,U,172,
0x71007b6be4,U,188,
0x71007b6ca0,U,4,
0x71007b6ca4,U,152,
0x71007b6d3c,U,28,
0x71007b6d58,U,80,
0x71007b6da8,U,88,
0x71007b6e94,U,28,
0x71007b6f28,U,28,
0x71007b7008,U,28,
0x71007b7088,U,80,
0x71007b7384,U,244,
0x71007b75f8,U,388,
0x71007b77a4,U,28,
0x71007b77d0,U,28,
0x71007b7850,U,160,
0x71007b78f4,U,244,
0x71007b7b04,U,388,
0x71007b7c88,U,140,
0x71007b7d5c,U,148,
0x71007b7ef8,U,112,
0x71007b7f68,U,172,
0x71007b877c,U,472,
0x71007b8954,U,392,
0x71007b8adc,U,484,
0x71007b8cc0,U,392,
0x71007b8e48,U,540,
0x71007b9064,U,28,
0x71007b9114,U,28,
0x71007b92f4,U,164,
0x71007b941c,U,264,
0x71007b9540,U,200,
0x71007b960c,U,244,
0x71007b9804,U,364,
0x71007b9974,U,244,
0x71007b9c9c,U,388,
0x71007b9e20,U,696,
0x71007ba0d8,U,196,
0x71007ba19c,U,308,
0x71007ba354,U,304,
0x71007ba580,U,140,
0x71007ba60c,U,1832,
0x71007bad34,U,220,
0x71007bae10,U,408,
0x71007bb068,U,28,
0x71007bb108,U,28,
0x71007bb28c,U,28,
0x71007bb2d4,U,28,
0x71007bb354,U,220,
0x71007bb450,U,272,
0x71007bb564,U,244,
0x71007bb758,U,388,
0x71007bb940,U,220,
0x71007bba1c,U,28,
0x71007bbad4,U,28,
0x71007bbb50,U,160,
0x71007bbbf4,U,244,
0x71007bc194,U,388,
0x71007bc318,U,380,
0x71007bc494,U,380,
0x71007bc610,U,196,
0x71007bc7d0,U,28,
0x71007bc888,U,28,
0x71007bc8a4,U,80,
0x71007bc918,U,68,
0x71007bc95c,U,216,
0x71007bca98,U,68,
0x71007bcadc,U,216,
0x71007bcc20,U,160,
0x71007bccc4,U,244,
0x71007bd264,U,388,
0x71007bd3e8,U,380,
0x71007bd564,U,380,
0x71007bd6e0,U,196,
0x71007bd8a0,U,28,
0x71007bd958,U,28,
0x71007bd974,U,80,
0x71007bd9e8,U,68,
0x71007bda2c,U,216,
0x71007bdb68,U,68,
0x71007bdbac,U,216,
0x71007bdcf0,U,160,
0x71007bdd94,U,244,
0x71007bdf88,U,388,
0x71007be170,U,28,
0x71007be228,U,28,
0x71007be2a0,U,160,
0x71007be344,U,244,
0x71007bed20,U,388,
0x71007beea4,U,268,
0x71007befd4,U,28,
0x71007bf000,U,28,
0x71007bf0d0,U,160,
0x71007bf174,U,244,
0x71007bf26c,U,388,
0x71007bf3f0,U,352,
0x71007bf550,U,1312,
0x71007bfa70,U,392,
0x71007bfc24,U,960,
0x71007bffe4,U,444,
0x71007c01a0,U,228,
0x71007c0284,U,88,
0x71007c02dc,U,528,
0x71007c04f0,U,220,
0x71007c05cc,U,28,
0x71007c05f8,U,28,
0x71007c0670,U,160,
0x71007c0714,U,244,
0x71007c129c,U,388,
0x71007c1420,U,696,
0x71007c16dc,U,244,
0x71007c17d4,U,388,
0x71007c1958,U,196,
0x71007c1a40,U,112,
0x71007c1ab0,U,492,
0x71007c1c9c,U,24,
0x71007c1ce0,U,112,
0x71007c1d50,U,396,
0x71007c1fb0,U,568,
0x71007c21e8,U,700,
0x71007c26f0,U,568,
0x71007c2928,U,416,
0x71007c2ac8,U,2560,
0x71007c34c8,U,472,
0x71007c36a0,U,468,
0x71007c3874,U,232,
0x71007c395c,U,220,
0x71007c3a38,U,2208,
0x71007c42d8,U,220,
0x71007c43b4,U,388,
0x71007c4538,U,648,
0x71007c47c0,U,660,
0x71007c4a54,U,576,
0x71007c4c94,U,1712,
0x71007c5344,U,512,
0x71007c5544,U,528,
0x71007c5754,U,968,
0x71007c5b1c,U,4,
0x71007c5b28,U,28,
0x71007c5bc8,U,28,
0x71007c5c18,U,28,
0x71007c5cb0,U,28,
0x71007c5d50,U,312,
0x71007c62d4,U,384,
0x71007c6600,U,384,
0x71007c6784,U,240,
0x71007c7c58,U,388,
0x71007c7ddc,U,112,
0x71007c7e4c,U,36,
0x71007c7f9c,U,28,
0x71007c8168,U,104,
0x71007c86a4,U,244,
0x71007c879c,U,388,
0x71007c8948,U,28,
0x71007c8974,U,28,
0x71007c89f0,U,160,
0x71007c8a94,U,240,
0x71007c8f80,U,388,
0x71007c9104,U,220,
0x71007c91e0,U,220,
0x71007c92bc,U,220,
0x71007c9398,U,220,
0x71007c97f8,U,388,
0x71007c997c,U,220,
0x71007c9ddc,U,388,
0x71007c9f60,U,220,
0x71007ca03c,U,480,
0x71007ca21c,U,368,
0x71007ca38c,U,104,
0x71007ca42c,U,20,
0x71007ca48c,U,352,
0x71007ca5ec,U,104,
0x71007ca698,U,20,
0x71007ca72c,U,360,
0x71007ca894,U,88,
0x71007ca924,U,20,
0x71007ca984,U,360,
0x71007caaec,U,88,
0x71007cab7c,U,20,
0x71007cabdc,U,364,
0x71007cad48,U,60,
0x71007cad88,U,112,
0x71007cae14,U,20,
0x71007caed4,U,176,
0x71007caf84,U,176,
0x71007cb034,U,364,
0x71007cb1a0,U,60,
0x71007cb1e0,U,112,
0x71007cb26c,U,20,
0x71007cb32c,U,176,
0x71007cb3dc,U,176,
0x71007cb4a0,U,28,
0x71007cb55c,U,28,
0x71007cb7fc,U,80,
0x71007cb84c,U,84,
0x71007cb9b0,U,80,
0x71007cba00,U,84,
0x71007cba5c,U,100,
0x71007cbcf8,U,144,
0x71007cbe40,U,612,
0x71007cc0a4,U,564,
0x71007cc2f8,U,260,
0x71007cc3fc,U,268,
0x71007cc85c,U,244,
0x71007cca50,U,388,
0x71007ccbe8,U,28,
0x71007ccd60,U,28,
0x71007ccee0,U,160,
0x71007ccf84,U,244,
0x71007cd214,U,388,
0x71007cd398,U,292,
0x71007cd4d0,U,28,
0x71007cd4ec,U,152,
0x71007cd584,U,256,
0x71007cd684,U,256,
0x71007cd790,U,104,
0x71007cd7f8,U,104,
0x71007cd860,U,28,
0x71007cd92c,U,360,
0x71007cdaa0,U,160,
0x71007cdb44,U,244,
0x71007cdd08,U,388,
0x71007cdea0,U,28,
0x71007cdf34,U,244,
0x71007ce028,U,244,
0x71007ce128,U,92,
0x71007ce184,U,92,
0x71007ce1e0,U,28,
0x71007ce1fc,U,240,
0x71007ce2ec,U,240,
0x71007ce3f0,U,160,
0x71007ce494,U,244,
0x71007ce58c,U,388,
0x71007ce724,U,28,
0x71007ce7f8,U,28,
0x71007ce820,U,160,
0x71007ce8c4,U,244,
0x71007cea90,U,352,
0x71007cebf0,U,164,
0x71007cec94,U,172,
0x71007ced40,U,112,
0x71007cedb0,U,28,
0x71007cee60,U,28,
0x71007ceef0,U,160,
0x71007cef94,U,244,
0x71007cf08c,U,388,
0x71007cf2d0,U,112,
0x71007cf4d0,U,468,
0x71007cf6a4,U,28,
0x71007cf754,U,28,
0x71007cf7e0,U,160,
0x71007cf884,U,244,
0x71007cf97c,U,388,
0x71007cfb00,U,48,
0x71007cfb30,U,4,
0x71007cfcb0,U,220,
0x71007cfd8c,U,220,
0x71007cfe68,U,220,
0x71007cff44,U,220,
0x71007d0020,U,220,
0x71007d00fc,U,28,
0x71007d01ac,U,28,
0x71007d02e0,U,244,
0x71007d03d8,U,388,
0x71007d05a8,U,28,
0x71007d0658,U,28,
0x71007d06d0,U,160,
0x71007d0774,U,244,
0x71007d0ec4,U,388,
0x71007d1070,U,28,
0x71007d109c,U,28,
0x71007d1110,U,160,
0x71007d11b4,U,244,
0x71007d1374,U,388,
0x71007d15e0,U,112,
0x71007d1a64,U,16,
0x71007d1a74,U,268,
0x71007d1b80,U,1648,
0x71007d21f0,U,172,
0x71007d229c,U,220,
0x71007d2378,U,340,
0x71007d24cc,U,1288,
0x71007d29d4,U,360,
0x71007d2b3c,U,296,
0x71007d2c64,U,68,
0x71007d2ce0,U,132,
0x71007d2d64,U,8,
0x71007d2d6c,U,28,
0x71007d2e1c,U,28,
0x71007d2f50,U,160,
0x71007d2ff4,U,244,
0x71007d30ec,U,352,
0x71007d324c,U,96,
0x71007d36b8,U,28,
0x71007d36e4,U,28,
0x71007d3770,U,160,
0x71007d3814,U,244,
0x71007d3aa0,U,388,
0x71007d3c34,U,28,
0x71007d3ccc,U,28,
0x71007d3d10,U,160,
0x71007d3db4,U,244,
0x71007d3eac,U,388,
0x71007d4030,U,112,
0x71007d4114,U,28,
0x71007d41e8,U,28,
0x71007d4270,U,160,
0x71007d4314,U,244,
0x71007d46fc,U,388,
0x71007d4890,U,28,
0x71007d4938,U,28,
0x71007d4980,U,160,
0x71007d4a24,U,244,
0x71007d4b1c,U,388,
0x71007d4ca0,U,112,
0x71007d4e30,U,28,
0x71007d4f04,U,28,
0x71007d4f90,U,320,
0x71007d50d4,U,244,
0x71007d5298,U,388,
0x71007d5444,U,28,
0x71007d5470,U,28,
0x71007d54f0,U,160,
0x71007d573c,U,384,
0x71007d58c0,U,244,
0x71007d59b8,U,388,
0x71007d5b64,U,120,
0x71007d5bdc,U,216,
0x71007d5cb4,U,216,
0x71007d5d8c,U,300,
0x71007d5eb8,U,28,
0x71007d5ff4,U,28,
0x71007d6394,U,244,
0x71007d648c,U,388,
0x71007d6614,U,244,
0x71007d670c,U,388,
0x71007d68ac,U,244,
0x71007d69a0,U,28,
0x71007d6a74,U,28,
0x71007d6b00,U,28,
0x71007d6b50,U,28,
0x71007d6bd0,U,180,
0x71007d6c88,U,244,
0x71007d6e10,U,388,
0x71007d6f94,U,324,
0x71007d70d8,U,184,
0x71007d723c,U,400,
0x71007d73cc,U,228,
0x71007d74b0,U,220,
0x71007d758c,U,28,
0x71007d762c,U,204,
0x71007d7708,U,28,
0x71007d7810,U,160,
0x71007d78b4,U,244,
0x71007d908c,U,388,
0x71007d9210,U,896,
0x71007d9590,U,484,
0x71007d9774,U,696,
0x71007d9a30,U,244,
0x71007d9cb0,U,388,
0x71007d9e34,U,220,
0x71007da3f0,U,76,
0x71007da43c,U,316,
0x71007da730,U,508,
0x71007da92c,U,352,
0x71007daa8c,U,560,
0x71007dacbc,U,584,
0x71007daf04,U,336,
0x71007db054,U,604,
0x71007db2b0,U,216,
0x71007db388,U,28,
0x71007db428,U,28,
0x71007db478,U,28,
0x71007db520,U,28,
0x71007db614,U,136,
0x71007db6a0,U,380,
0x71007db81c,U,120,
0x71007db898,U,244,
0x71007db990,U,388,
0x71007dbb18,U,244,
0x71007dbd28,U,388,
0x71007dbeac,U,152,
0x71007dbf44,U,456,
0x71007dc10c,U,500,
0x71007dc328,U,336,
0x71007dc478,U,288,
0x71007dc598,U,288,
0x71007dc6b8,U,28,
0x71007dc7fc,U,8,
0x71007dc804,U,8,
0x71007dc80c,U,172,
0x71007dc8d0,U,356,
0x71007dca34,U,348,
0x71007dcba0,U,28,
0x71007dcc2c,U,28,
0x71007dcc7c,U,28,
0x71007dcff4,U,244,
0x71007dd0ec,U,388,
0x71007dd280,U,28,
0x71007dd30c,U,28,
0x71007dd350,U,160,
0x71007dd3f4,U,244,
0x71007dd678,U,388,
0x71007dd7fc,U,380,
0x71007dda00,U,328,
0x71007ddb9c,U,292,
0x71007ddcc0,U,28,
0x71007ddd70,U,28,
0x71007dde48,U,144,
0x71007ddee0,U,160,
0x71007ddf84,U,244,
0x71007de194,U,388,
0x71007de318,U,196,
0x71007de424,U,204,
0x71007df12c,U,236,
0x71007df218,U,364,
0x71007df6cc,U,524,
0x71007df8d8,U,28,
0x71007df988,U,28,
0x71007dfbcc,U,164,
0x71007dfcf4,U,264,
0x71007dfe20,U,240,
0x71007dff10,U,120,
0x71007dff8c,U,244,
0x71007e0084,U,388,
0x71007e020c,U,244,
0x71007e0c00,U,352,
0x71007e0d60,U,404,
0x71007e0ef4,U,1112,
0x71007e1408,U,456,
0x71007e15d0,U,236,
0x71007e1730,U,4952,
0x71007e2ecc,U,1840,
0x71007e35fc,U,544,
0x71007e3840,U,228,
0x71007e3a8c,U,212,
0x71007e3db8,U,436,
0x71007e3f6c,U,588,
0x71007e41b8,U,368,
0x71007e4328,U,400,
0x71007e44b8,U,292,
0x71007e45dc,U,504,
0x71007e47d4,U,336,
0x71007e4924,U,220,
0x71007e4a00,U,664,
0x71007e4c98,U,348,
0x71007e4df4,U,440,
0x71007e4fac,U,28,
0x71007e50cc,U,8,
0x71007e50d4,U,8,
0x71007e50dc,U,172,
0x71007e51a0,U,356,
0x71007e5304,U,204,
0x71007e53d0,U,348,
0x71007e553c,U,28,
0x71007e55c8,U,28,
0x71007e5618,U,28,
0x71007e566c,U,40,
0x71007e5694,U,40,
0x71007e572c,U,372,
0x71007e58a0,U,320,
0x71007e59e0,U,388,
0x71007e5b68,U,244,
0x71007e5c60,U,352,
0x71007e5dc0,U,48,
0x71007e5f44,U,28,
0x71007e5f74,U,28,
0x71007e5fd0,U,160,
0x71007e6074,U,244,
0x71007e616c,U,388,
0x71007e66bc,U,80,
0x71007e670c,U,108,
0x71007e6778,U,108,
0x71007e67e4,U,28,
0x71007e6894,U,28,
0x71007e6940,U,200,
0x71007e6a0c,U,244,
0x71007e6b04,U,388,
0x71007e6d80,U,360,
0x71007e6ee8,U,28,
0x71007e6f98,U,28,
0x71007e7010,U,160,
0x71007e70b4,U,244,
0x71007e7610,U,388,
0x71007e7794,U,276,
0x71007e78a8,U,580,
0x71007e7b5c,U,172,
0x71007e7c08,U,548,
0x71007e81a0,U,468,
0x71007e8374,U,948,
0x71007e8728,U,28,
0x71007e895c,U,224,
0x71007e8a3c,U,28,
0x71007e8aec,U,28,
0x71007e8b90,U,240,
0x71007e8fb0,U,244,
0x71007e9218,U,352,
0x71007e9378,U,292,
0x71007e94c0,U,192,
0x71007e9580,U,376,
0x71007e9a18,U,72,
0x71007e9ba4,U,764,
0x71007e9ea0,U,72,
0x71007e9ee8,U,872,
0x71007ea250,U,220,
0x71007ea32c,U,220,
0x71007ea408,U,348,
0x71007ea564,U,1108,
0x71007ea9b8,U,28,
0x71007eaa40,U,3688,
0x71007eb998,U,884,
0x71007ebd0c,U,1164,
0x71007ec21c,U,320,
0x71007ec35c,U,376,
0x71007ec5e4,U,160,
0x71007ec684,U,680,
0x71007ec92c,U,220,
0x71007eca08,U,488,
0x71007ecbf0,U,24,
0x71007ecc08,U,304,
0x71007ecd38,U,140,
0x71007ecdc4,U,28,
0x71007ecf00,U,28,
0x71007ecfe8,U,168,
0x71007ed090,U,28,
0x71007ed0ac,U,432,
0x71007ed25c,U,328,
0x71007ed3a4,U,328,
0x71007ed888,U,244,
0x71007ee344,U,388,
0x71007ee4c8,U,244,
0x71007ee5bc,U,628,
0x71007ee854,U,28,
0x71007ee880,U,28,
0x71007ee9c0,U,160,
0x71007eea64,U,240,
0x71007eee34,U,388,
0x71007eefb8,U,192,
0x71007ef078,U,196,
0x71007ef13c,U,220,
0x71007ef218,U,220,
0x71007ef2f4,U,220,
0x71007ef3d0,U,220,
0x71007ef830,U,388,
0x71007ef9b4,U,220,
0x71007efe14,U,388,
0x71007eff98,U,220,
0x71007f0074,U,480,
0x71007f0258,U,244,
0x71007f08cc,U,352,
0x71007f0a2c,U,312,
0x71007f0b88,U,28,
0x71007f0ba4,U,28,
0x71007f0bc0,U,368,
0x71007f0d30,U,104,
0x71007f0dd0,U,20,
0x71007f0e30,U,352,
0x71007f0f90,U,104,
0x71007f103c,U,20,
0x71007f10d0,U,360,
0x71007f1238,U,88,
0x71007f12c8,U,20,
0x71007f1328,U,360,
0x71007f1490,U,88,
0x71007f1520,U,20,
0x71007f1580,U,364,
0x71007f16ec,U,60,
0x71007f172c,U,112,
0x71007f17b8,U,20,
0x71007f1878,U,176,
0x71007f1928,U,176,
0x71007f19d8,U,364,
0x71007f1b44,U,60,
0x71007f1b84,U,112,
0x71007f1c10,U,20,
0x71007f1cd0,U,176,
0x71007f1d80,U,176,
0x71007f1e50,U,28,
0x71007f1fb0,U,244,
0x71007f20a4,U,244,
0x71007f23c8,U,80,
0x71007f2418,U,84,
0x71007f257c,U,80,
0x71007f25cc,U,84,
0x71007f2628,U,100,
0x71007f28c4,U,144,
0x71007f2a0c,U,612,
0x71007f2c70,U,564,
0x71007f2ec4,U,260,
0x71007f2fc8,U,268,
0x71007f30e4,U,28,
0x71007f3534,U,244,
0x71007f362c,U,352,
0x71007f3790,U,244,
0x71007f3c4c,U,388,
0x71007f3dd0,U,696,
0x71007f4088,U,112,
0x71007f40f8,U,120,
0x71007f4378,U,412,
0x71007f4514,U,396,
0x71007f48d8,U,1204,
0x71007f4d8c,U,336,
0x71007f4f64,U,288,
0x71007f5084,U,52,
0x71007f513c,U,1860,
0x71007f5880,U,432,
0x71007f5aa4,U,56,
0x71007f5adc,U,28,
0x71007f5b88,U,28,
0x71007f5bd8,U,28,
0x71007f5ca0,U,28,
0x71007f5db4,U,400,
0x71007f5f44,U,436,
0x71007f6100,U,1616,
0x71007f6750,U,348,
0x71007f68b0,U,724,
0x71007f6b90,U,1616,
0x71007f71e0,U,348,
0x71007f7340,U,724,
0x71007f7620,U,1616,
0x71007f7c70,U,348,
0x71007f7dd0,U,724,
0x71007f8314,U,244,
0x71007f840c,U,344,
0x71007f8568,U,244,
0x71007f8784,U,388,
0x71007f8908,U,696,
0x71007f8bc0,U,448,
0x71007f8d80,U,576,
0x71007f900c,U,588,
0x71007f9428,U,292,
0x71007f954c,U,108,
0x71007f95b8,U,564,
0x71007f97ec,U,292,
0x71007f9d7c,U,420,
0x71007f9f20,U,144,
0x71007f9fb0,U,32,
0x71007f9fd0,U,32,
0x71007fa000,U,124,
0x71007fa07c,U,4,
0x71007fa080,U,16,
0x71007fa090,U,52,
0x71007fa0c4,U,108,
0x71007fa130,U,20,
0x71007fa144,U,840,
0x71007fa5d0,U,64,
0x71007fa610,U,312,
0x71007fa748,U,12,
0x71007fa754,U,1168,
0x71007facf4,U,380,
0x71007fae70,U,80,
0x71007faec0,U,352,
0x71007fb020,U,364,
0x71007fb18c,U,244,
0x71007fb280,U,12,
0x71007fb28c,U,28,
0x71007fb330,U,28,
0x71007fb380,U,28,
0x71007fb3b8,U,28,
0x71007fb4d0,U,164,
0x71007fb694,U,24,
0x71007fb6ac,U,264,
0x71007fb7b4,U,536,
0x71007fb9cc,U,336,
0x71007fbb20,U,312,
0x71007fbc5c,U,244,
0x71007fc394,U,388,
0x71007fc518,U,380,
0x71007fc694,U,444,
0x71007fc850,U,352,
0x71007fcae4,U,784,
0x71007fcdf4,U,600,
0x71007fd04c,U,400,
0x71007fd1dc,U,288,
0x71007fd2fc,U,28,
0x71007fd328,U,28,
0x71007fd394,U,68,
0x71007fd3d8,U,204,
0x71007fd4c8,U,120,
0x71007fd5b0,U,160,
0x71007fd654,U,244,
0x71007fd74c,U,352,
0x71007fd990,U,660,
0x71007fdc30,U,332,
0x71007fdd80,U,352,
0x71007fdee0,U,264,
0x71007fdff0,U,152,
0x71007fe090,U,340,
0x71007fe1e4,U,308,
0x71007fe318,U,132,
0x71007fe49c,U,540,
0x71007fe6b8,U,220,
0x71007fe794,U,988,
0x71007feb70,U,812,
0x71007fee9c,U,296,
0x71007fefc4,U,588,
0x71007ff210,U,328,
0x71007ff358,U,488,
0x71007ff540,U,168,
0x71007ff5e8,U,64,
0x71007ff628,U,44,
0x71007ff654,U,280,
0x71007ff76c,U,80,
0x71007ff7bc,U,288,
0x71007ff914,U,252,
0x71007ffa70,U,632,
0x71007ffce8,U,3016,
0x71008008b0,U,1224,
0x7100800d78,U,1428,
0x7100801344,U,472,
0x710080151c,U,1520,
0x7100801b78,U,1068,
0x7100801fa4,U,356,
0x7100802108,U,316,
0x7100802244,U,428,
0x71008025f0,U,28,
0x710080260c,U,292,
0x7100802804,U,28,
0x710080284c,U,244,
0x7100802b1c,U,388,
0x7100802ca0,U,164,
0x7100802d44,U,172,
0x7100802df0,U,596,
0x7100803044,U,848,
0x7100803394,U,252,
0x71008036a8,U,548,
0x71008038cc,U,340,
0x7100803a24,U,28,
0x7100803ad8,U,28,
0x7100803ba0,U,160,
0x7100803c44,U,244,
0x7100803d3c,U,388,
0x7100803ef4,U,144,
0x7100803f84,U,444,
0x7100804140,U,28,
0x71008041f4,U,28,
0x7100804270,U,160,
0x7100804314,U,244,
0x7100804990,U,388,
0x7100804b14,U,208,
0x7100804be4,U,124,
0x7100804c60,U,132,
0x7100804ce4,U,28,
0x7100804d10,U,28,
0x7100804d80,U,160,
0x7100804e24,U,244,
0x71008051e4,U,388,
0x7100805390,U,28,
0x71008053bc,U,28,
0x7100805440,U,160,
0x71008054e4,U,244,
0x7100805980,U,388,
0x7100805b04,U,208,
0x7100805bd4,U,124,
0x7100805c50,U,132,
0x7100805cd4,U,28,
0x7100805d00,U,28,
0x7100805d70,U,160,
0x7100805e14,U,244,
0x710080634c,U,388,
0x71008064d0,U,208,
0x71008065a0,U,124,
0x710080661c,U,132,
0x71008066a0,U,28,
0x71008066cc,U,28,
0x7100806740,U,160,
0x71008067e4,U,244,
0x71008068dc,U,388,
0x7100806a88,U,28,
0x7100806ab4,U,28,
0x7100806b30,U,160,
0x7100806bd4,U,244,
0x7100806ccc,U,388,
0x7100806e50,U,204,
0x7100806f1c,U,164,
0x7100806fc0,U,172,
0x71008071bc,U,516,
0x71008073c0,U,368,
0x7100807cc4,U,28,
0x7100807d78,U,28,
0x7100807df0,U,160,
0x7100807e94,U,244,
0x71008080b0,U,388,
0x7100808234,U,832,
0x7100808598,U,11976,
0x710080b460,U,4468,
0x710080c5d4,U,880,
0x710080c944,U,120,
0x710080c9bc,U,112,
0x710080ca2c,U,1444,
0x710080d024,U,900,
0x710080d3a8,U,248,
0x710080ec6c,U,28,
0x710080ed20,U,28,
0x710080ee10,U,244,
0x710080ef08,U,244,
0x710080f000,U,388,
0x710080f184,U,256,
0x710080f284,U,264,
0x710080f38c,U,56,
0x710080f3c4,U,260,
0x710080f4c8,U,348,
0x710080f624,U,236,
0x710080f710,U,240,
0x710080f804,U,28,
0x710080f8b8,U,28,
0x710080f940,U,160,
0x710080f9e0,U,72,
0x710080fa28,U,216,
0x710080fb00,U,8,
0x710080fb08,U,236,
0x710080fc00,U,140,
0x710080fc90,U,588,
0x710080fedc,U,220,
0x710080ffb8,U,220,
0x7100810418,U,388,
0x710081059c,U,220,
0x71008109fc,U,388,
0x7100810b80,U,220,
0x7100810c5c,U,484,
0x7100810e40,U,2164,
0x71008116b4,U,372,
0x7100811828,U,380,
0x71008119a4,U,380,
0x7100811b20,U,380,
0x7100811c9c,U,380,
0x7100811e18,U,272,
0x7100811f28,U,412,
0x71008120c8,U,244,
0x7100812700,U,352,
0x7100812860,U,384,
0x7100812d5c,U,448,
0x7100812f1c,U,312,
0x7100813278,U,532,
0x710081348c,U,184,
0x7100813544,U,28,
0x71008135e8,U,364,
0x7100813754,U,96,
0x71008137ec,U,20,
0x710081384c,U,364,
0x71008139b8,U,96,
0x7100813a50,U,20,
0x7100813ab0,U,364,
0x7100813c1c,U,60,
0x7100813c5c,U,96,
0x7100813cd8,U,20,
0x7100813d88,U,144,
0x7100813e18,U,144,
0x7100813ea8,U,364,
0x7100814014,U,60,
0x7100814054,U,96,
0x71008140d0,U,20,
0x7100814180,U,144,
0x7100814210,U,144,
0x710081446c,U,540,
0x7100814688,U,80,
0x710081478c,U,80,
0x7100814888,U,220,
0x710081499c,U,372,
0x7100814c3c,U,164,
0x7100814d00,U,352,
0x7100814e60,U,360,
0x7100815150,U,200,
0x7100815218,U,68,
0x71008152c0,U,68,
0x71008153d8,U,68,
0x71008154f0,U,68,
0x7100815660,U,28,
0x7100815758,U,308,
0x710081588c,U,628,
0x7100815e98,U,244,
0x710081608c,U,388,
0x7100816210,U,28,
0x710081622c,U,148,
0x71008162d0,U,28,
0x7100816350,U,160,
0x71008163f4,U,244,
0x7100816828,U,388,
0x71008169ac,U,380,
0x7100816b28,U,72,
0x7100816b70,U,124,
0x7100816bec,U,132,
0x7100816c70,U,28,
0x7100816c9c,U,28,
0x7100816dd0,U,160,
0x7100816e74,U,244,
0x710081733c,U,388,
0x71008174c0,U,696,
0x710081777c,U,244,
0x7100817b24,U,368,
0x7100817c94,U,1160,
0x710081811c,U,660,
0x71008186e8,U,248,
0x71008187e0,U,8,
0x71008187e8,U,304,
0x7100818918,U,96,
0x7100818978,U,44,
0x71008189a4,U,276,
0x7100818ab8,U,264,
0x7100818bc0,U,304,
0x7100818cf0,U,1268,
0x71008191e4,U,260,
0x71008194e8,U,688,
0x7100819798,U,224,
0x7100819878,U,296,
0x71008199a0,U,460,
0x7100819b6c,U,512,
0x7100819d6c,U,292,
0x7100819e90,U,2156,
0x710081a6fc,U,988,
0x710081aad8,U,784,
0x710081ade8,U,744,
0x710081b0d0,U,868,
0x710081b434,U,220,
0x710081b510,U,276,
0x710081b808,U,280,
0x710081b920,U,256,
0x710081ba20,U,304,
0x710081bb50,U,384,
0x710081bcd0,U,580,
0x710081bf14,U,528,
0x710081c124,U,56,
0x710081c220,U,400,
0x710081c3b0,U,248,
0x710081c4a8,U,220,
0x710081c584,U,268,
0x710081c690,U,28,
0x710081c730,U,28,
0x7100821930,U,28,
0x71008219c4,U,28,
0x7100821ab8,U,164,
0x7100821be0,U,264,
0x7100821f40,U,120,
0x7100821fbc,U,244,
0x71008220b4,U,388,
0x7100822238,U,64,
0x7100822278,U,236,
0x7100822388,U,112,
0x71008223f8,U,148,
0x710082248c,U,456,
0x7100822654,U,120,
0x71008226d0,U,316,
0x7100822888,U,404,
0x7100822a1c,U,20,
0x7100822a30,U,284,
0x7100822b4c,U,276,
0x7100822c60,U,4,
0x7100822c64,U,4,
0x7100822c70,U,8,
0x7100822ca0,U,28,
0x7100822dc4,U,8,
0x7100822dcc,U,8,
0x7100822dd4,U,172,
0x7100822e98,U,356,
0x7100822ffc,U,204,
0x71008230c8,U,348,
0x7100823234,U,28,
0x71008232c0,U,500,
0x71008234b8,U,244,
0x71008235b0,U,388,
0x710082375c,U,28,
0x7100823788,U,28,
0x7100823800,U,160,
0x71008238a4,U,244,
0x7100823ca4,U,388,
0x7100823e28,U,116,
0x7100823e9c,U,124,
0x7100823f18,U,132,
0x7100823f9c,U,28,
0x7100823fc8,U,28,
0x7100824090,U,160,
0x7100824134,U,244,
0x710082422c,U,388,
0x71008243d8,U,120,
0x7100824454,U,108,
0x71008244c0,U,104,
0x7100824528,U,68,
0x71008245e0,U,28,
0x7100824690,U,28,
0x7100824710,U,160,
0x71008247b4,U,244,
0x71008248ac,U,388,
0x7100824b04,U,28,
0x7100824bb4,U,28,
0x7100824c30,U,160,
0x7100824cd4,U,244,
0x7100824dcc,U,388,
0x7100824f50,U,68,
0x7100824f94,U,4,
0x7100824fbc,U,120,
0x7100825098,U,448,
0x7100825258,U,736,
0x7100825538,U,160,
0x71008255f4,U,80,
0x7100825644,U,16,
0x71008257e0,U,28,
0x7100825890,U,28,
0x7100825920,U,160,
0x71008259c4,U,244,
0x7100825bc0,U,388,
0x7100825d44,U,204,
0x7100825e10,U,124,
0x7100825e8c,U,132,
0x7100825f10,U,112,
0x7100825f80,U,268,
0x71008261e0,U,112,
0x7100826250,U,116,
0x71008262c4,U,288,
0x7100826788,U,28,
0x7100826838,U,28,
0x71008268b0,U,200,
0x710082697c,U,244,
0x7100827150,U,388,
0x71008272d4,U,412,
0x7100827494,U,28,
0x71008274c0,U,28,
0x71008275c0,U,160,
0x7100827664,U,244,
0x710082775c,U,388,
0x7100827908,U,112,
0x7100827978,U,152,
0x7100827a10,U,88,
0x7100827ad4,U,72,
0x7100827b7c,U,100,
0x7100827be0,U,28,
0x7100827c90,U,28,
0x7100827d10,U,160,
0x7100827db4,U,244,
0x7100827fb0,U,388,
0x7100828134,U,196,
0x71008281f8,U,124,
0x7100828274,U,132,
0x71008282f8,U,28,
0x7100828324,U,28,
0x7100828390,U,160,
0x7100828434,U,244,
0x71008287bc,U,388,
0x7100828940,U,132,
0x71008289c4,U,196,
0x7100828aac,U,28,
0x7100828ad8,U,28,
0x7100828ba0,U,160,
0x7100828c44,U,244,
0x7100828e0c,U,388,
0x7100828f90,U,216,
0x7100829068,U,224,
0x7100829148,U,28,
0x7100829174,U,28,
0x7100829220,U,160,
0x71008292c4,U,244,
0x71008293bc,U,388,
0x7100829568,U,120,
0x71008295e0,U,208,
0x71008296b0,U,108,
0x710082971c,U,400,
0x7100829984,U,28,
0x7100829a34,U,28,
0x7100829ab0,U,200,
0x7100829b7c,U,244,
0x7100829c74,U,388,
0x7100829e3c,U,28,
0x7100829eec,U,28,
0x7100829f60,U,160,
0x710082a004,U,244,
0x710082a0fc,U,388,
0x710082a2c4,U,100,
0x710082a328,U,284,
0x710082a500,U,372,
0x710082a674,U,200,
0x710082a73c,U,320,
0x710082a87c,U,984,
0x710082ac54,U,1112,
0x710082b0ac,U,28,
0x710082b15c,U,28,
0x710082b1f0,U,204,
0x710082b2c0,U,244,
0x710082b518,U,388,
0x710082b69c,U,196,
0x710082b760,U,124,
0x710082b7dc,U,132,
0x710082b860,U,28,
0x710082b88c,U,28,
0x710082b900,U,160,
0x710082b9a4,U,244,
0x710082ba9c,U,388,
0x710082bc48,U,112,
0x710082bcf4,U,128,
0x710082bd74,U,220,
0x710082be50,U,116,
0x710082bec4,U,268,
0x710082c4b4,U,28,
0x710082c564,U,28,
0x710082c5e0,U,200,
0x710082c6ac,U,244,
0x710082c7a4,U,388,
0x710082ca34,U,52,
0x710082ca68,U,4,
0x710082ca90,U,60,
0x710082cacc,U,40,
0x710082caf4,U,40,
0x710082cb24,U,452,
0x710082cce8,U,4,
0x710082ccec,U,196,
0x710082cdb0,U,308,
0x710082cee4,U,36,
0x710082cf08,U,124,
0x710082cf84,U,28,
0x710082d034,U,28,
0x710082d0ac,U,536,
0x710082d2c4,U,336,
0x710082d53c,U,120,
0x710082d5b8,U,244,
0x710082d784,U,388,
0x710082d908,U,460,
0x710082db6c,U,120,
0x710082dc7c,U,456,
0x710082de44,U,80,
0x710082de94,U,808,
0x710082e238,U,128,
0x710082e2b8,U,600,
0x710082e510,U,220,
0x710082e5ec,U,608,
0x710082e84c,U,28,
0x710082e96c,U,8,
0x710082e974,U,8,
0x710082e97c,U,172,
0x710082ea40,U,356,
0x710082eba4,U,204,
0x710082ec70,U,348,
0x710082eddc,U,28,
0x710082efe8,U,260,
0x710082f0f0,U,540,
0x710082f310,U,244,
0x710082f408,U,388,
0x710082f62c,U,24,
0x710082f644,U,28,
0x710082f6f4,U,28,
0x710082f770,U,160,
0x710082f814,U,244,
0x710082f90c,U,364,
0x710082fa78,U,48,
0x710082faa8,U,4,
0x710082fab0,U,588,
0x710082fcfc,U,28,
0x710082fd20,U,36,
0x710082fd78,U,44,
0x710082fda4,U,44,
0x710082fe3c,U,28,
0x710082fe80,U,160,
0x710082ff24,U,244,
0x710083001c,U,388,
0x71008301a4,U,244,
0x7100830724,U,388,
0x71008308dc,U,380,
0x7100830a58,U,696,
0x7100830f78,U,992,
0x7100831358,U,220,
0x7100831464,U,28,
0x7100831480,U,28,
0x71008314e8,U,28,
0x7100831574,U,28,
0x7100831590,U,100,
0x7100831618,U,68,
0x71008316e0,U,240,
0x71008317d4,U,244,
0x71008318cc,U,388,
0x7100831aa0,U,452,
0x7100831dcc,U,96,
0x7100831e2c,U,16,
0x7100831e4c,U,28,
0x7100831efc,U,28,
0x7100831f90,U,160,
0x7100832034,U,244,
0x710083212c,U,388,
0x71008322b0,U,620,
0x710083251c,U,384,
0x7100832848,U,384,
0x71008329cc,U,244,
0x710083300c,U,388,
0x7100833190,U,696,
0x7100833448,U,200,
0x71008338a0,U,56,
0x71008338d8,U,60,
0x7100833978,U,180,
0x7100833e18,U,172,
0x7100833ec4,U,136,
0x7100833f4c,U,220,
0x7100834028,U,28,
0x710083407c,U,48,
0x71008340e0,U,28,
0x7100834130,U,28,
0x71008342b4,U,28,
0x7100834640,U,244,
0x7100834ca4,U,388,
0x7100834e28,U,696,
0x71008350e0,U,200,
0x71008351ac,U,244,
0x71008352a4,U,364,
0x7100835410,U,428,
0x71008355bc,U,640,
0x7100835840,U,12,
0x710083584c,U,104,
0x71008358b4,U,84,
0x7100835908,U,52,
0x710083593c,U,4,
0x7100835940,U,4,
0x7100835944,U,48,
0x71008359f4,U,32,
0x7100835a14,U,96,
0x7100835a74,U,156,
0x7100835b40,U,124,
0x7100835bbc,U,24,
0x7100835bd4,U,4,
0x7100835bd8,U,68,
0x7100835c94,U,164,
0x7100835dd8,U,444,
0x7100835f94,U,716,
0x7100836260,U,72,
0x71008362a8,U,152,
0x7100836340,U,164,
0x71008363e4,U,256,
0x71008366fc,U,336,
0x710083684c,U,188,
0x7100836908,U,680,
0x7100836bb0,U,28,
0x7100836bcc,U,28,
0x7100836c1c,U,28,
0x7100836cb0,U,28,
0x7100836ce8,U,328,
0x7100836e30,U,760,
0x7100837130,U,232,
0x7100837220,U,140,
0x71008372ac,U,476,
0x7100837490,U,140,
0x7100837520,U,244,
0x7100837d14,U,388,
0x7100837e98,U,696,
0x7100838154,U,244,
0x7100838798,U,352,
0x71008388f8,U,180,
0x71008389ac,U,180,
0x7100838a60,U,180,
0x7100838b14,U,180,
0x7100838bc8,U,180,
0x7100838c7c,U,676,
0x7100838f20,U,1568,
0x71008395f0,U,268,
0x71008396fc,U,132,
0x7100839780,U,116,
0x71008397f4,U,304,
0x7100839924,U,452,
0x7100839ae8,U,24,
0x7100839b00,U,456,
0x7100839cc8,U,168,
0x7100839d70,U,504,
0x7100839f68,U,204,
0x710083a034,U,632,
0x710083a2ac,U,220,
0x710083a3a0,U,24,
0x710083a3c4,U,404,
0x710083ab50,U,368,
0x710083acc0,U,172,
0x710083ad6c,U,284,
0x710083ae88,U,556,
0x710083b0b4,U,8,
0x710083b0bc,U,8,
0x710083b0c4,U,1912,
0x710083b83c,U,2368,
0x710083c17c,U,2996,
0x710083cd30,U,28,
0x710083cd4c,U,8,
0x710083cd54,U,276,
0x710083ce68,U,1044,
0x710083d27c,U,1656,
0x710083d8f4,U,260,
0x710083daa4,U,172,
0x710083db50,U,460,
0x710083dd48,U,1288,
0x710083e250,U,236,
0x710083e33c,U,448,
0x710083e4fc,U,1240,
0x710083e9d4,U,340,
0x710083eb28,U,48,
0x710083eb58,U,212,
0x710083ec2c,U,204,
0x710083ecf8,U,64,
0x710083ed38,U,360,
0x710083eea0,U,76,
0x710083eeec,U,588,
0x710083f138,U,192,
0x710083f1f8,U,84,
0x710083f24c,U,224,
0x710083f32c,U,1140,
0x710083f7a0,U,16,
0x710083f7b0,U,1348,
0x710083fcf4,U,880,
0x7100840064,U,280,
0x710084017c,U,304,
0x71008402ac,U,504,
0x71008404a4,U,820,
0x71008407d8,U,28,
0x71008407f4,U,8,
0x71008407fc,U,44,
0x7100840828,U,28,
0x7100840844,U,28,
0x7100840860,U,28,
0x710084087c,U,8,
0x7100840884,U,8,
0x710084088c,U,16,
0x71008408c8,U,96,
0x7100840928,U,8,
0x7100840930,U,28,
0x71008409fc,U,28,
0x7100840a4c,U,28,
0x7100840ae4,U,28,
0x7100840f50,U,400,
0x71008410e0,U,400,
0x7100841270,U,436,
0x7100841424,U,436,
0x71008415d8,U,608,
0x7100841838,U,404,
0x71008419cc,U,320,
0x7100841b0c,U,320,
0x7100841c4c,U,452,
0x7100841e10,U,336,
0x7100841f60,U,796,
0x710084227c,U,336,
0x71008423d0,U,276,
0x71008424e8,U,244,
0x71008425e0,U,352,
0x7100842744,U,244,
0x7100843010,U,388,
0x7100843194,U,696,
0x71008434b8,U,312,
0x71008435f0,U,1028,
0x71008439f4,U,92,
0x7100843a50,U,2488,
0x7100844408,U,1508,
0x71008449ec,U,2036,
0x710084523c,U,1724,
0x71008458f8,U,1716,
0x7100845fac,U,12,
0x7100846678,U,440,
0x7100846830,U,324,
0x7100846a50,U,92,
0x7100846ca0,U,452,
0x7100846e64,U,24,
0x7100846e7c,U,36,
0x7100846ea0,U,32,
0x7100846ec0,U,1044,
0x71008472d4,U,1132,
0x7100847740,U,2740,
0x71008481f4,U,404,
0x7100848390,U,1276,
0x710084888c,U,556,
0x7100848ab8,U,556,
0x7100848ce4,U,28,
0x7100848d08,U,56,
0x7100848d40,U,68,
0x7100848d94,U,28,
0x7100848de4,U,28,
0x7100848e00,U,216,
0x7100848eec,U,28,
0x7100848f74,U,952,
0x71008495a8,U,244,
0x71008496a0,U,352,
0x7100849804,U,244,
0x7100849b28,U,388,
0x7100849cac,U,696,
0x7100849f9c,U,24,
0x7100849fb4,U,40,
0x7100849fe8,U,28,
0x710084a004,U,28,
0x710084a054,U,28,
0x710084a0c8,U,28,
0x710084a150,U,272,
0x710084a264,U,244,
0x710084a35c,U,388,
0x710084a4e4,U,244,
0x710084aa64,U,388,
0x710084ac1c,U,380,
0x710084ad98,U,696,
0x710084b7a0,U,28,
0x710084b7cc,U,28,
0x710084b834,U,28,
0x710084b8c0,U,28,
0x710084b8dc,U,100,
0x710084b964,U,68,
0x710084ba30,U,240,
0x710084bb24,U,244,
0x710084bc1c,U,352,
0x710084bd80,U,244,
0x710084c524,U,388,
0x710084c6a8,U,124,
0x710084c724,U,380,
0x710084c8a0,U,696,
0x710084cca8,U,40,
0x710084cd84,U,1660,
0x710084d468,U,116,
0x710084d67c,U,372,
0x710084d7f0,U,220,
0x710084d8cc,U,28,
0x710084d904,U,28,
0x710084d920,U,132,
0x710084d9b4,U,28,
0x710084d9d0,U,116,
0x710084da60,U,28,
0x710084da7c,U,224,
0x710084db80,U,68,
0x710084dbc4,U,264,
0x710084de80,U,244,
0x710084df78,U,352,
0x710084e0dc,U,244,
0x710084e40c,U,388,
0x710084e590,U,696,
0x710084e848,U,180,
0x710084e8fc,U,288,
0x710084eb44,U,264,
0x710084ec4c,U,1504,
0x710084f22c,U,224,
0x710084f30c,U,1004,
0x710084f768,U,96,
0x710084f7c8,U,96,
0x710084f828,U,108,
0x710084f8c4,U,60,
0x710084fab0,U,28,
0x710084facc,U,28,
0x710084fb1c,U,28,
0x710084fc14,U,28,
0x710084fca0,U,232,
0x710084fd8c,U,244,
0x710084fe84,U,352,
0x710084ffe8,U,244,
0x71008504fc,U,388,
0x7100850680,U,696,
0x7100850938,U,92,
0x7100850994,U,4,
0x7100850a00,U,8,
0x7100850a08,U,40,
0x7100850a8c,U,28,
0x7100850aa8,U,28,
0x7100850af8,U,28,
0x7100850b14,U,108,
0x7100850b9c,U,28,
0x7100850c20,U,272,
0x7100850d34,U,244,
0x7100850e2c,U,388,
0x7100850fb4,U,244,
0x7100851510,U,388,
0x7100851694,U,696,
0x710085194c,U,100,
0x71008519b0,U,4,
0x7100851bc0,U,428,
0x7100851d6c,U,428,
0x71008520e4,U,56,
0x710085213c,U,24,
0x71008521ac,U,28,
0x71008521c8,U,44,
0x71008521f4,U,56,
0x710085222c,U,28,
0x710085227c,U,28,
0x7100852298,U,116,
0x7100852340,U,28,
0x71008523c4,U,388,
0x7100852548,U,336,
0x7100852698,U,388,
0x7100852928,U,244,
0x7100852a20,U,388,
0x7100852ba8,U,244,
0x71008531a8,U,388,
0x710085332c,U,696,
0x71008535e4,U,104,
0x710085364c,U,4,
0x7100853674,U,172,
0x7100853c14,U,2840,
0x710085472c,U,80,
0x71008547a8,U,148,
0x710085485c,U,8,
0x71008548bc,U,1276,
0x7100854db8,U,704,
0x7100855078,U,28,
0x7100855094,U,68,
0x71008550d8,U,28,
0x7100855128,U,28,
0x7100855144,U,120,
0x71008551f0,U,28,
0x7100855610,U,232,
0x71008556fc,U,244,
0x71008557f4,U,388,
0x710085597c,U,244,
0x7100855efc,U,388,
0x71008560b4,U,380,
0x7100856230,U,696,
0x71008566f8,U,244,
0x71008567ec,U,940,
0x7100856b98,U,220,
0x7100856d2c,U,28,
0x7100856d48,U,28,
0x7100856db0,U,28,
0x7100856e40,U,28,
0x7100856e5c,U,100,
0x7100856ee4,U,68,
0x7100856fb0,U,240,
0x71008570a4,U,244,
0x710085719c,U,364,
0x7100857308,U,52,
0x710085733c,U,4,
0x7100857344,U,212,
0x7100857418,U,64,
0x7100857458,U,28,
0x7100857484,U,28,
0x71008574c0,U,160,
0x7100857564,U,244,
0x7100857830,U,352,
0x7100857994,U,244,
0x7100857e58,U,388,
0x7100857fdc,U,696,
0x7100858294,U,424,
0x710085843c,U,328,
0x7100858818,U,3372,
0x7100859544,U,216,
0x710085961c,U,380,
0x7100859798,U,296,
0x71008598c0,U,120,
0x7100859938,U,232,
0x7100859a20,U,268,
0x710085a498,U,668,
0x710085a734,U,368,
0x710085a8a4,U,400,
0x710085aa5c,U,84,
0x710085aab0,U,136,
0x710085ab38,U,44,
0x710085ab64,U,1452,
0x710085b110,U,704,
0x710085b3d0,U,848,
0x710085b76c,U,160,
0x710085b80c,U,664,
0x710085baa4,U,196,
0x710085bd24,U,28,
0x710085bdc4,U,28,
0x710085be14,U,28,
0x710085be78,U,28,
0x710085befc,U,164,
0x710085c338,U,320,
0x710085c480,U,232,
0x710085c56c,U,244,
0x710085c664,U,364,
0x710085c7d0,U,68,
0x710085c814,U,196,
0x710085c8dc,U,124,
0x710085c958,U,732,
0x710085cd54,U,28,
0x710085cd80,U,28,
0x710085ced0,U,244,
0x710085cfc8,U,388,
0x710085d150,U,244,
0x710085d608,U,388,
0x710085d78c,U,696,
0x710085db1c,U,664,
0x710085ddb4,U,752,
0x710085e0b0,U,56,
0x710085e0e8,U,56,
0x710085e120,U,56,
0x710085e180,U,40,
0x710085e1c8,U,352,
0x710085e328,U,332,
0x710085e504,U,464,
0x710085e6d4,U,276,
0x710085e7e8,U,304,
0x710085e918,U,568,
0x710085eb50,U,24,
0x710085eb68,U,140,
0x710085ebf4,U,24,
0x710085ec0c,U,28,
0x710085ec28,U,68,
0x710085ec74,U,28,
0x710085ecc4,U,28,
0x710085ece0,U,192,
0x710085edd4,U,28,
0x710085ee60,U,232,
0x710085ef4c,U,244,
0x710085f044,U,352,
0x710085f1a8,U,244,
0x710085f4cc,U,388,
0x710085f650,U,696,
0x710085f940,U,24,
0x710085f958,U,40,
0x710085f98c,U,28,
0x710085f9a8,U,28,
0x710085f9f8,U,28,
0x710085fa14,U,116,
0x710085faa4,U,28,
0x710085fb30,U,272,
0x710085fc44,U,244,
0x710085fe70,U,388,
0x710085fff4,U,180,
0x71008600a8,U,196,
0x710086016c,U,208,
0x710086023c,U,296,
0x7100860364,U,448,
0x7100860524,U,324,
0x7100860830,U,1076,
0x7100860c64,U,636,
0x7100860ee0,U,360,
0x7100861048,U,152,
0x71008610e0,U,104,
0x7100861148,U,320,
0x7100861288,U,564,
0x71008614c0,U,244,
0x71008615b4,U,348,
0x7100861710,U,192,
0x71008617d0,U,252,
0x71008618cc,U,400,
0x7100861a5c,U,156,
0x7100861af8,U,188,
0x7100861bb4,U,644,
0x7100861e38,U,400,
0x7100861fc8,U,192,
0x7100862088,U,336,
0x7100862400,U,416,
0x71008625a0,U,284,
0x71008626bc,U,616,
0x7100862924,U,2748,
0x71008633e0,U,452,
0x71008635a4,U,396,
0x7100863730,U,228,
0x7100863814,U,404,
0x71008639a8,U,228,
0x7100863a8c,U,552,
0x7100863cb4,U,336,
0x7100863e04,U,532,
0x7100864018,U,84,
0x710086406c,U,56,
0x71008640a4,U,120,
0x710086411c,U,120,
0x7100864194,U,120,
0x710086420c,U,112,
0x710086427c,U,72,
0x71008642c4,U,176,
0x7100864374,U,736,
0x7100864654,U,744,
0x710086493c,U,944,
0x7100864cec,U,328,
0x7100864e34,U,476,
0x7100865010,U,440,
0x71008651c8,U,168,
0x7100865270,U,336,
0x71008653c0,U,392,
0x7100865548,U,400,
0x71008656d8,U,748,
0x71008659c4,U,884,
0x7100865d38,U,756,
0x7100866580,U,232,
0x7100866668,U,196,
0x7100866730,U,28,
0x71008667e0,U,28,
0x71008667fc,U,220,
0x710086697c,U,720,
0x7100866c74,U,292,
0x7100866e88,U,244,
0x7100866f80,U,388,
0x7100867108,U,244,
0x7100867664,U,388,
0x71008677e8,U,696,
0x7100867aa0,U,100,
0x7100867b04,U,4,
0x7100867ee0,U,56,
0x7100867f38,U,24,
0x7100867fac,U,28,
0x7100867fc8,U,28,
0x7100868018,U,28,
0x7100868034,U,116,
0x71008680dc,U,28,
0x7100868268,U,244,
0x7100868360,U,388,
0x71008684e8,U,244,
0x7100868a64,U,388,
0x7100868be8,U,696,
0x7100868ea0,U,56,
0x7100868ed8,U,4,
0x710086981c,U,24,
0x7100869834,U,28,
0x7100869850,U,56,
0x7100869888,U,28,
0x71008698d8,U,28,
0x7100869964,U,28,
0x71008699f0,U,232,
0x7100869adc,U,244,
0x710086a1e0,U,388,
0x710086a398,U,696,
0x710086a654,U,244,
0x710086aa54,U,352,
0x710086abb4,U,368,
0x710086ad24,U,316,
0x710086ae60,U,988,
0x710086b378,U,2516,
0x710086bd4c,U,532,
0x710086bf60,U,696,
0x710086c218,U,1360,
0x710086c768,U,64,
0x710086c7a8,U,136,
0x710086c830,U,108,
0x710086c89c,U,64,
0x710086c8dc,U,28,
0x710086c97c,U,28,
0x710086c9e4,U,28,
0x710086ca00,U,104,
0x710086ca9c,U,28,
0x710086cb28,U,220,
0x710086cc04,U,540,
0x710086ce58,U,1320,
0x710086d380,U,376,
0x710086d6b8,U,536,
0x710086d8d0,U,336,
0x710086da20,U,400,
0x710086dbb0,U,592,
0x710086de00,U,328,
0x710086df48,U,356,
0x710086e0ac,U,476,
0x710086e288,U,392,
0x710086e410,U,196,
0x710086e4e0,U,140,
0x710086e570,U,244,
0x710086e668,U,352,
0x710086e7c8,U,372,
0x710086e93c,U,232,
0x710086eb44,U,320,
0x710086f030,U,176,
0x710086f0e0,U,288,
0x710086f200,U,28,
0x710086f234,U,28,
0x710086f290,U,192,
0x710086f350,U,68,
0x710086f394,U,268,
0x710086f4a0,U,268,
0x710086f5ac,U,252,
0x710086f6a8,U,112,
0x710086f718,U,344,
0x710086f870,U,368,
0x710086f9e0,U,324,
0x710086fb24,U,380,
0x710086fca0,U,592,
0x710086fef0,U,608,
0x7100870150,U,44,
0x710087017c,U,56,
0x71008701b4,U,76,
0x7100870200,U,88,
0x7100870258,U,40,
0x7100870280,U,40,
0x71008703b0,U,140,
0x7100870440,U,244,
0x71008708fc,U,352,
0x7100870a5c,U,180,
0x7100870b14,U,244,
0x71008711ac,U,388,
0x7100871330,U,696,
0x71008715e8,U,492,
0x71008717d4,U,1448,
0x7100871d7c,U,88,
0x7100871dd4,U,536,
0x71008721dc,U,8,
0x7100872268,U,292,
0x710087238c,U,104,
0x71008723f4,U,8,
0x71008723fc,U,100,
0x7100872460,U,84,
0x71008724b4,U,68,
0x71008724f8,U,408,
0x7100872690,U,456,
0x7100872858,U,8,
0x7100872860,U,168,
0x7100872908,U,192,
0x71008729c8,U,808,
0x7100872d00,U,1288,
0x7100873208,U,2196,
0x7100873bf8,U,788,
0x7100873f0c,U,28,
0x7100873fac,U,28,
0x7100873ffc,U,28,
0x7100874050,U,220,
0x710087412c,U,232,
0x710087433c,U,28,
0x710087440c,U,84,
0x7100874460,U,536,
0x7100874678,U,336,
0x71008747d0,U,232,
0x71008751e4,U,384,
0x7100875570,U,384,
0x71008757f0,U,568,
0x7100875a2c,U,244,
0x7100875b24,U,388,
0x7100875ed0,U,668,
0x71008762d8,U,360,
0x7100876440,U,64,
0x7100876480,U,28,
0x7100876530,U,28,
0x71008765d0,U,160,
0x7100876674,U,244,
0x710087688c,U,388,
0x7100876a38,U,312,
0x7100876b70,U,52,
0x7100876ba4,U,52,
0x7100876bd8,U,28,
0x7100876c88,U,28,
0x7100876db0,U,160,
0x7100876e54,U,244,
0x71008772c0,U,388,
0x7100877444,U,196,
0x710087752c,U,28,
0x7100877558,U,28,
0x7100877640,U,160,
0x71008776e4,U,244,
0x71008777dc,U,388,
0x7100877960,U,48,
0x7100877990,U,4,
0x71008779cc,U,28,
0x7100877a7c,U,28,
0x7100877af0,U,160,
0x7100877b90,U,120,
0x7100877c0c,U,244,
0x7100877d04,U,388,
0x7100877e8c,U,244,
0x710087818c,U,388,
0x7100878310,U,152,
0x71008783a8,U,456,
0x7100878570,U,272,
0x7100878680,U,328,
0x71008787c8,U,28,
0x7100878888,U,8,
0x7100878890,U,8,
0x7100878898,U,172,
0x710087895c,U,356,
0x7100878ac0,U,348,
0x7100878c2c,U,28,
0x7100878cb8,U,28,
0x7100878d08,U,28,
0x7100878e20,U,524,
0x7100879030,U,244,
0x7100879128,U,388,
0x71008792b0,U,244,
0x71008793a8,U,388,
0x7100879530,U,244,
0x710087985c,U,388,
0x71008799e0,U,696,
0x7100879cc0,U,116,
0x7100879e54,U,348,
0x710087a054,U,28,
0x710087a0f4,U,28,
0x710087a144,U,28,
0x710087a1d0,U,28,
0x710087a220,U,28,
0x710087a2d0,U,28,
0x710087a350,U,252,
0x710087a450,U,244,
0x710087a650,U,388,
0x710087a7d4,U,620,
0x710087aa74,U,1368,
0x710087afcc,U,2068,
0x710087b910,U,28,
0x710087b9c0,U,28,
0x710087bb10,U,160,
0x710087bbb4,U,244,
0x710087bcac,U,388,
0x710087be68,U,168,
0x710087bf10,U,200,
0x710087bfd8,U,28,
0x710087c088,U,28,
0x710087c120,U,160,
0x710087c1c4,U,244,
0x710087c4d4,U,388,
0x710087c65c,U,244,
0x710087d33c,U,372,
0x710087d4b0,U,380,
0x710087d62c,U,380,
0x710087d7a8,U,380,
0x710087d924,U,380,
0x710087daa0,U,380,
0x710087dc1c,U,280,
0x710087dd34,U,280,
0x710087de4c,U,480,
0x710087e240,U,116,
0x710087e378,U,720,
0x710087e648,U,1008,
0x710087ea38,U,364,
0x710087eba4,U,428,
0x710087eda0,U,100,
0x710087ee04,U,440,
0x710087f018,U,284,
0x710087f138,U,244,
0x710087f22c,U,244,
0x710087f33c,U,28,
0x710087f3ec,U,28,
0x710087f474,U,356,
0x710087f5d8,U,28,
0x710087f5f4,U,196,
0x710087f6b8,U,204,
0x710087f794,U,28,
0x710087fae0,U,68,
0x710087fd0c,U,84,
0x710087fea4,U,84,
0x710087ff00,U,180,
0x710087ffb8,U,244,
0x71008800b0,U,388,
0x7100880238,U,244,
0x7100880620,U,388,
0x71008807cc,U,116,
0x7100880840,U,248,
0x7100880938,U,292,
0x7100880a5c,U,292,
0x7100880b80,U,292,
0x7100880ca4,U,28,
0x7100880d54,U,28,
0x7100880de0,U,28,
0x7100880e30,U,28,
0x7100880f40,U,180,
0x7100880ff8,U,244,
0x71008810f0,U,388,
0x7100881278,U,244,
0x7100881370,U,352,
0x71008814d0,U,76,
0x710088151c,U,84,
0x7100881570,U,116,
0x71008816e8,U,80,
0x7100881738,U,56,
0x7100881770,U,56,
0x71008817a8,U,28,
0x7100881858,U,28,
0x71008818e4,U,28,
0x7100881934,U,28,
0x71008819b0,U,180,
0x7100881a68,U,244,
0x7100881cc0,U,388,
0x7100881e44,U,696,
0x7100882100,U,244,
0x7100882288,U,352,
0x71008823e8,U,120,
0x710088256c,U,348,
0x71008826c8,U,496,
0x7100882970,U,456,
0x7100882bac,U,304,
0x7100882cdc,U,1096,
0x710088341c,U,184,
0x71008834d4,U,508,
0x71008836d0,U,28,
0x7100883770,U,28,
0x7100883830,U,8,
0x7100883838,U,8,
0x7100883840,U,172,
0x7100883904,U,356,
0x7100883a68,U,204,
0x7100883b44,U,28,
0x7100883bd4,U,28,
0x7100883c28,U,348,
0x7100883d84,U,152,
0x71008840b0,U,244,
0x710088427c,U,388,
0x7100884400,U,244,
0x71008844f4,U,252,
0x71008845fc,U,224,
0x71008846dc,U,220,
0x71008847b8,U,28,
0x7100884868,U,28,
0x7100884940,U,160,
0x71008849e4,U,244,
0x7100885038,U,388,
0x71008851bc,U,124,
0x7100885238,U,132,
0x71008852bc,U,28,
0x71008852e8,U,28,
0x71008853a0,U,160,
0x7100885444,U,244,
0x71008857d4,U,388,
0x7100885980,U,28,
0x71008859ac,U,28,
0x7100885a30,U,160,
0x7100885ad4,U,244,
0x7100885ea8,U,388,
0x7100886138,U,588,
0x7100886384,U,712,
0x7100886a00,U,528,
0x7100887074,U,668,
0x7100887310,U,324,
0x7100887454,U,1788,
0x7100887b50,U,224,
0x7100887c30,U,220,
0x7100887d0c,U,944,
0x71008880bc,U,288,
0x71008881dc,U,840,
0x71008887d0,U,264,
0x71008888d8,U,420,
0x7100888a7c,U,28,
0x7100888aa8,U,352,
0x7100888c08,U,28,
0x7100888c24,U,320,
0x7100888d64,U,28,
0x7100888e14,U,28,
0x7100888f18,U,164,
0x7100889160,U,24,
0x7100889190,U,96,
0x7100889280,U,116,
0x7100889448,U,244,
0x7100889a3c,U,388,
0x7100889c54,U,608,
0x7100889eb4,U,28,
0x7100889f64,U,28,
0x7100889ff0,U,200,
0x710088a0bc,U,244,
0x710088a330,U,388,
0x710088a4b8,U,244,
0x710088a72c,U,352,
0x710088a88c,U,160,
0x710088adf0,U,376,
0x710088af9c,U,596,
0x710088b1f0,U,376,
0x710088b7dc,U,244,
0x710088b8d0,U,456,
0x710088ba98,U,292,
0x710088bbbc,U,352,
0x710088be40,U,292,
0x710088c098,U,288,
0x710088c1b8,U,288,
0x710088c47c,U,324,
0x710088c5f0,U,28,
0x710088c60c,U,376,
0x710088c874,U,400,
0x710088ca9c,U,164,
0x710088cbd4,U,28,
0x710088cc6c,U,28,
0x710088ccbc,U,28,
0x710088d004,U,436,
0x710088d1c0,U,260,
0x710088d2c4,U,120,
0x710088d340,U,244,
0x710088d6ac,U,388,
0x710088d830,U,696,
0x710088daec,U,244,
0x710088ddbc,U,388,
0x710088df40,U,328,
0x710088e088,U,388,
0x710088e20c,U,220,
0x710088e2e8,U,220,
0x710088e748,U,388,
0x710088e8cc,U,220,
0x710088ed2c,U,388,
0x710088eeb0,U,220,
0x710088ef8c,U,500,
0x710088f184,U,244,
0x710088f988,U,352,
0x710088fce4,U,812,
0x7100890010,U,1184,
0x71008904b0,U,488,
0x71008906bc,U,152,
0x7100890754,U,456,
0x710089091c,U,456,
0x7100890ae4,U,960,
0x7100890ea4,U,508,
0x71008910a0,U,1420,
0x7100891690,U,308,
0x71008917c4,U,512,
0x71008919c4,U,324,
0x7100891b08,U,328,
0x7100891c50,U,60,
0x7100891c8c,U,336,
0x7100891ddc,U,964,
0x71008921a0,U,336,
0x71008922f0,U,220,
0x7100892528,U,452,
0x71008926ec,U,152,
0x7100892784,U,28,
0x71008928a4,U,8,
0x71008928ac,U,8,
0x71008928b4,U,172,
0x7100892978,U,356,
0x7100892adc,U,28,
0x7100892b1c,U,364,
0x7100892c88,U,96,
0x7100892d20,U,20,
0x7100892d80,U,364,
0x7100892eec,U,96,
0x7100892f84,U,20,
0x7100892fe4,U,364,
0x7100893150,U,60,
0x7100893190,U,96,
0x710089320c,U,20,
0x71008932bc,U,140,
0x7100893348,U,140,
0x71008933d4,U,300,
0x7100893500,U,364,
0x710089366c,U,60,
0x71008936ac,U,96,
0x7100893728,U,20,
0x71008937d8,U,140,
0x7100893864,U,140,
0x71008938f0,U,300,
0x7100893a1c,U,204,
0x7100893ae8,U,348,
0x7100893c54,U,28,
0x7100893ce4,U,28,
0x7100893d68,U,28,
0x7100893dc8,U,256,
0x7100893ec8,U,248,
0x7100893fc0,U,64,
0x7100894000,U,300,
0x710089412c,U,172,
0x71008941d8,U,236,
0x71008942f4,U,148,
0x7100894510,U,496,
0x7100894700,U,80,
0x71008947b8,U,468,
0x71008949d8,U,80,
0x7100894a68,U,456,
0x7100894c50,U,792,
0x7100894fa4,U,168,
0x710089504c,U,232,
0x7100895288,U,528,
0x7100895498,U,468,
0x710089566c,U,348,
0x71008957c8,U,524,
0x71008959d4,U,832,
0x7100895d14,U,684,
0x7100895fe4,U,472,
0x71008961bc,U,484,
0x71008963b0,U,28,
0x71008969f4,U,244,
0x7100896aec,U,388,
0x7100896c74,U,244,
0x7100896ee0,U,352,
0x7100897040,U,444,
0x7100897224,U,116,
0x7100897298,U,172,
0x7100897344,U,276,
0x7100897458,U,144,
0x710089754c,U,1472,
0x7100897b0c,U,220,
0x7100897f00,U,72,
0x7100897f48,U,372,
0x71008980bc,U,888,
0x7100898434,U,100,
0x7100898498,U,156,
0x7100898534,U,28,
0x71008985e8,U,28,
0x710089866c,U,28,
0x71008986bc,U,28,
0x71008988fc,U,244,
0x7100898cf0,U,388,
0x7100898fbc,U,408,
0x7100899154,U,1024,
0x7100899610,U,220,
0x7100899780,U,1236,
0x7100899cb8,U,1272,
0x710089a1b0,U,220,
0x710089a600,U,448,
0x710089a940,U,332,
0x710089af20,U,28,
0x710089afd0,U,28,
0x710089b048,U,244,
0x710089b98c,U,388,
0x710089bb14,U,244,
0x710089d008,U,372,
0x710089d17c,U,380,
0x710089d2f8,U,380,
0x710089d474,U,380,
0x710089d5f0,U,380,
0x710089d76c,U,380,
0x710089d8e8,U,380,
0x710089da64,U,380,
0x710089dbe0,U,1028,
0x710089dfe4,U,364,
0x710089e150,U,244,
0x710089e244,U,252,
0x710089e340,U,184,
0x710089ebd0,U,440,
0x710089ed88,U,204,
0x710089ee54,U,124,
0x710089eed0,U,356,
0x710089f1b8,U,120,
0x710089f238,U,344,
0x710089f390,U,460,
0x710089f55c,U,216,
0x710089f634,U,212,
0x710089f7a8,U,264,
0x710089f8b0,U,28,
0x710089f958,U,28,
0x710089f974,U,556,
0x710089fbd4,U,28,
0x710089fc50,U,28,
0x710089fe60,U,128,
0x710089fee0,U,68,
0x71008a00d4,U,68,
0x71008a026c,U,244,
0x71008a0464,U,388,
0x71008a0610,U,28,
0x71008a063c,U,28,
0x71008a06c0,U,160,
0x71008a0764,U,244,
0x71008a09b8,U,388,
0x71008a0b3c,U,696,
0x71008a0df8,U,244,
0x71008a0fc4,U,388,
0x71008a1148,U,424,
0x71008a135c,U,112,
0x71008a1598,U,332,
0x71008a1b40,U,912,
0x71008a1ed0,U,220,
0x71008a1fac,U,1104,
0x71008a23fc,U,452,
0x71008a25c0,U,28,
0x71008a2660,U,28,
0x71008a26a0,U,264,
0x71008a27b8,U,28,
0x71008a2848,U,28,
0x71008a2a9c,U,164,
0x71008a2d70,U,244,
0x71008a3068,U,388,
0x71008a3288,U,112,
0x71008a32f8,U,28,
0x71008a3314,U,112,
0x71008a3384,U,72,
0x71008a33cc,U,28,
0x71008a347c,U,28,
0x71008a34f0,U,72,
0x71008a3678,U,244,
0x71008a38a4,U,352,
0x71008a3a04,U,180,
0x71008a3ab8,U,76,
0x71008a3b04,U,4,
0x71008a3b2c,U,112,
0x71008a3bd4,U,60,
0x71008a3c48,U,520,
0x71008a3e64,U,556,
0x71008a4090,U,24,
0x71008a40c0,U,1128,
0x71008a4528,U,16,
0x71008a4544,U,16,
0x71008a4554,U,12,
0x71008a4568,U,28,
0x71008a4618,U,28,
0x71008a4740,U,160,
0x71008a47e0,U,120,
0x71008a4858,U,328,
0x71008a49a0,U,388,
0x71008a4b24,U,220,
0x71008a4c00,U,220,
0x71008a5060,U,388,
0x71008a51e4,U,220,
0x71008a5644,U,388,
0x71008a57c8,U,220,
0x71008a58a4,U,500,
0x71008a5a9c,U,244,
0x71008a5e50,U,352,
0x71008a5fb0,U,376,
0x71008a6128,U,900,
0x71008a6568,U,456,
0x71008a6730,U,1552,
0x71008a6d40,U,1532,
0x71008a733c,U,1160,
0x71008a84e4,U,452,
0x71008a86a8,U,220,
0x71008a878c,U,28,
0x71008a88ac,U,8,
0x71008a88b4,U,8,
0x71008a88bc,U,172,
0x71008a8980,U,356,
0x71008a8ae4,U,364,
0x71008a8c50,U,96,
0x71008a8ce8,U,20,
0x71008a8d48,U,364,
0x71008a8eb4,U,96,
0x71008a8f4c,U,20,
0x71008a8fac,U,364,
0x71008a9118,U,60,
0x71008a9158,U,96,
0x71008a91d4,U,20,
0x71008a9284,U,140,
0x71008a9310,U,140,
0x71008a939c,U,300,
0x71008a94c8,U,364,
0x71008a9634,U,60,
0x71008a9674,U,96,
0x71008a96f0,U,20,
0x71008a97a0,U,140,
0x71008a982c,U,140,
0x71008a98b8,U,300,
0x71008a99e4,U,204,
0x71008a9ab0,U,348,
0x71008a9c2c,U,256,
0x71008a9d2c,U,248,
0x71008a9e24,U,64,
0x71008a9e64,U,300,
0x71008a9f90,U,172,
0x71008aa03c,U,236,
0x71008aa158,U,148,
0x71008aa374,U,496,
0x71008aa564,U,80,
0x71008aa61c,U,468,
0x71008aa83c,U,80,
0x71008aa8cc,U,456,
0x71008aaab4,U,792,
0x71008aae08,U,168,
0x71008aaeb0,U,232,
0x71008ab0b8,U,488,
0x71008ab2d0,U,528,
0x71008ab4e0,U,468,
0x71008ab6b4,U,348,
0x71008ab810,U,524,
0x71008aba1c,U,832,
0x71008abd5c,U,684,
0x71008ac02c,U,472,
0x71008ac204,U,484,
0x71008ac3f8,U,28,
0x71008ac458,U,260,
0x71008acaac,U,244,
0x71008acba4,U,352,
0x71008ace1c,U,52,
0x71008ace98,U,532,
0x71008ad0b4,U,104,
0x71008ad164,U,28,
0x71008ad214,U,28,
0x71008ad330,U,160,
0x71008ad3d4,U,244,
0x71008ad4cc,U,352,
0x71008ad65c,U,28,
0x71008ad70c,U,28,
0x71008ad770,U,160,
0x71008ad814,U,244,
0x71008adb9c,U,388,
0x71008add60,U,52,
0x71008addd0,U,28,
0x71008addfc,U,28,
0x71008ade90,U,160,
0x71008adf34,U,244,
0x71008ae02c,U,388,
0x71008ae1d8,U,28,
0x71008ae204,U,28,
0x71008ae280,U,160,
0x71008ae324,U,244,
0x71008ae59c,U,388,
0x71008ae748,U,28,
0x71008ae774,U,28,
0x71008ae800,U,160,
0x71008ae8a4,U,244,
0x71008aeb70,U,388,
0x71008aecf4,U,196,
0x71008aeddc,U,28,
0x71008aee08,U,28,
0x71008aee24,U,100,
0x71008aeeb0,U,160,
0x71008aef54,U,244,
0x71008af6c8,U,388,
0x71008af84c,U,528,
0x71008afa5c,U,276,
0x71008afb94,U,28,
0x71008afbc0,U,28,
0x71008afc30,U,160,
0x71008afcd4,U,244,
0x71008afdcc,U,388,
0x71008aff78,U,28,
0x71008affa4,U,28,
0x71008b0020,U,160,
0x71008b00c4,U,244,
0x71008b19e4,U,388,
0x71008b1b68,U,380,
0x71008b1ce4,U,380,
0x71008b1e60,U,380,
0x71008b1fdc,U,380,
0x71008b2158,U,380,
0x71008b22d4,U,380,
0x71008b2450,U,380,
0x71008b25cc,U,380,
0x71008b2748,U,380,
0x71008b28c4,U,380,
0x71008b2a40,U,380,
0x71008b2bbc,U,136,
0x71008b2c44,U,4,
0x71008b2c6c,U,28,
0x71008b2c98,U,28,
0x71008b3034,U,104,
0x71008b309c,U,128,
0x71008b311c,U,104,
0x71008b3184,U,128,
0x71008b3450,U,160,
0x71008b34f4,U,244,
0x71008b3800,U,388,
0x71008b39ac,U,28,
0x71008b39d8,U,28,
0x71008b3a60,U,160,
0x71008b3b04,U,244,
0x71008b43c0,U,388,
0x71008b4544,U,392,
0x71008b46cc,U,204,
0x71008b47bc,U,28,
0x71008b47e8,U,28,
0x71008b4860,U,160,
0x71008b4904,U,244,
0x71008b4b04,U,388,
0x71008b4c88,U,64,
0x71008b4cc8,U,52,
0x71008b4d38,U,28,
0x71008b4d64,U,28,
0x71008b4df0,U,160,
0x71008b4e94,U,244,
0x71008b4f88,U,26720,
0x71008bb7e8,U,388,
0x71008bb96c,U,696,
0x71008bbc24,U,868,
0x71008bbf8c,U,244,
0x71008bc8ac,U,388,
0x71008bca30,U,268,
0x71008bcb3c,U,700,
0x71008bce1c,U,8,
0x71008bce24,U,28,
0x71008bce40,U,28,
0x71008bce90,U,28,
0x71008bcf24,U,28,
0x71008bcf90,U,232,
0x71008bd078,U,120,
0x71008bd0f4,U,244,
0x71008bd360,U,352,
0x71008bd4c0,U,640,
0x71008bd764,U,112,
0x71008bd878,U,456,
0x71008bda40,U,272,
0x71008bdb50,U,564,
0x71008bdd84,U,1040,
0x71008be25c,U,576,
0x71008be49c,U,68,
0x71008be4e0,U,1916,
0x71008bf94c,U,28,
0x71008bfa6c,U,8,
0x71008bfa74,U,8,
0x71008bfa7c,U,172,
0x71008bfb40,U,356,
0x71008bfca4,U,204,
0x71008bfd70,U,348,
0x71008bfedc,U,28,
0x71008c0004,U,612,
0x71008c07c8,U,384,
0x71008c0af4,U,384,
0x71008c0c74,U,444,
0x71008c0e30,U,608,
0x71008c1090,U,1192,
0x71008c1538,U,32,
0x71008c1558,U,356,
0x71008c16e0,U,184,
0x71008c18b0,U,664,
0x71008c1b4c,U,240,
0x71008c2c24,U,388,
0x71008c2da8,U,56,
0x71008c2de0,U,4,
0x71008c2de8,U,348,
0x71008c2f44,U,28,
0x71008c2f74,U,28,
0x71008c3120,U,160,
0x71008c348c,U,384,
0x71008c3840,U,244,
0x71008c3a0c,U,352,
0x71008c3b6c,U,244,
0x71008c3c60,U,252,
0x71008c3d5c,U,112,
0x71008c3dcc,U,360,
0x71008c3f34,U,220,
0x71008c4010,U,28,
0x71008c40c0,U,28,
0x71008c4180,U,160,
0x71008c448c,U,384,
0x71008c460c,U,120,
0x71008c4688,U,244,
0x71008c4960,U,352,
0x71008c4ac0,U,180,
0x71008c4b74,U,592,
0x71008c4dc4,U,804,
0x71008c510c,U,120,
0x71008c5184,U,656,
0x71008c5414,U,456,
0x71008c5898,U,216,
0x71008c5970,U,244,
0x71008c5a64,U,108,
0x71008c5ad0,U,2836,
0x71008c65e4,U,80,
0x71008c6634,U,272,
0x71008c6744,U,608,
0x71008c69a4,U,360,
0x71008c6b0c,U,192,
0x71008c6bcc,U,4744,
0x71008c86f8,U,572,
0x71008c8934,U,28,
0x71008c8a70,U,8,
0x71008c8a78,U,8,
0x71008c8a80,U,172,
0x71008c8b44,U,356,
0x71008c8ca8,U,204,
0x71008c8de8,U,348,
0x71008c8f54,U,28,
0x71008c9050,U,24,
0x71008c9068,U,56,
0x71008c94d4,U,244,
0x71008c9698,U,352,
0x71008c97f8,U,172,
0x71008c98a4,U,180,
0x71008c9958,U,112,
0x71008c99c8,U,452,
0x71008c9b8c,U,1324,
0x71008ca0b8,U,404,
0x71008ca24c,U,56,
0x71008ca2d0,U,296,
0x71008ca3f8,U,348,
0x71008ca700,U,340,
0x71008ca8ac,U,180,
0x71008ca960,U,8,
0x71008ca968,U,172,
0x71008caa14,U,28,
0x71008caac4,U,28,
0x71008cab60,U,24,
0x71008cab80,U,240,
0x71008cac70,U,120,
0x71008cace8,U,524,
0x71008cb078,U,244,
0x71008cc8a4,U,352,
0x71008cca04,U,380,
0x71008ccb80,U,380,
0x71008cccfc,U,380,
0x71008cce78,U,380,
0x71008ccff4,U,180,
0x71008cd0a8,U,180,
0x71008cd15c,U,180,
0x71008cd210,U,180,
0x71008cd2c8,U,244,
0x71008cd8c0,U,388,
0x71008cda44,U,380,
0x71008cdbc0,U,696,
0x71008cde78,U,244,
0x71008cdf6c,U,24,
0x71008cdf84,U,524,
0x71008ce828,U,1032,
0x71008cec30,U,368,
0x71008ceda0,U,1548,
0x71008cf3ac,U,988,
0x71008cf7f4,U,512,
0x71008cf9f4,U,1392,
0x71008cff64,U,748,
0x71008d0250,U,1264,
0x71008d0740,U,184,
0x71008d07f8,U,528,
0x71008d0a08,U,540,
0x71008d0c24,U,400,
0x71008d0db4,U,320,
0x71008d0ef4,U,312,
0x71008d102c,U,112,
0x71008d1294,U,456,
0x71008d1590,U,116,
0x71008d1604,U,832,
0x71008d1944,U,520,
0x71008d1b4c,U,260,
0x71008d1c50,U,448,
0x71008d1e10,U,12,
0x71008d1e1c,U,2132,
0x71008d2670,U,20,
0x71008d2684,U,12,
0x71008d2690,U,348,
0x71008d27f4,U,1076,
0x71008d2c28,U,244,
0x71008d33a8,U,1236,
0x71008d387c,U,524,
0x71008d3cb4,U,400,
0x71008d3e44,U,2888,
0x71008d498c,U,1160,
0x71008d4e14,U,976,
0x71008d51e4,U,28,
0x71008d5200,U,1100,
0x71008d564c,U,544,
0x71008d586c,U,788,
0x71008d5b80,U,156,
0x71008d5c1c,U,272,
0x71008d5d2c,U,220,
0x71008d5e08,U,32,
0x71008d5e28,U,32,
0x71008d5e48,U,32,
0x71008d5e74,U,1196,
0x71008d6320,U,688,
0x71008d6d38,U,528,
0x71008d6f48,U,1672,
0x71008d7a88,U,588,
0x71008d7cd4,U,1212,
0x71008d8190,U,1792,
0x71008d8890,U,288,
0x71008d89b0,U,220,
0x71008d8a8c,U,2988,
0x71008d9638,U,16,
0x71008d9648,U,1228,
0x71008d9b14,U,16,
0x71008d9b24,U,56,
0x71008d9b5c,U,1016,
0x71008d9f54,U,492,
0x71008da140,U,420,
0x71008da2e4,U,524,
0x71008da5b0,U,4,
0x71008db1d8,U,116,
0x71008db24c,U,164,
0x71008db2f0,U,336,
0x71008db440,U,164,
0x71008db4e4,U,480,
0x71008db6c4,U,360,
0x71008db82c,U,28,
0x71008db95c,U,172,
0x71008dba20,U,356,
0x71008dbb9c,U,28,
0x71008dbbdc,U,204,
0x71008dbddc,U,348,
0x71008dbfbc,U,28,
0x71008dc270,U,440,
0x71008dc538,U,412,
0x71008dc6d4,U,220,
0x71008dc938,U,276,
0x71008dcc68,U,28,
0x71008dce2c,U,164,
0x71008dcf38,U,24,
0x71008dd010,U,24,
0x71008dd0c8,U,264,
0x71008dd1d0,U,436,
0x71008dd384,U,400,
0x71008dd514,U,524,
0x71008dd720,U,384,
0x71008ddb6c,U,384,
0x71008ddcf0,U,244,
0x71008de19c,U,352,
0x71008de2fc,U,228,
0x71008de3e0,U,304,
0x71008de534,U,112,
0x71008de628,U,44,
0x71008de654,U,76,
0x71008de71c,U,240,
0x71008de8f4,U,224,
0x71008de9d4,U,276,
0x71008debb0,U,432,
0x71008ded60,U,248,
0x71008df16c,U,36,
0x71008df190,U,328,
0x71008df2e0,U,28,
0x71008df4a8,U,28,
0x71008df4c4,U,228,
0x71008df5b8,U,244,
0x71008df6b0,U,352,
0x71008df8f8,U,56,
0x71008df930,U,384,
0x71008dfab0,U,28,
0x71008dfacc,U,172,
0x71008dfb78,U,180,
0x71008dfcc0,U,28,
0x71008dfd40,U,172,
0x71008dfdec,U,24,
0x71008dfe80,U,160,
0x71008dff20,U,120,
0x71008dff9c,U,244,
0x71008e01c8,U,352,
0x71008e0328,U,180,
0x71008e04e8,U,256,
0x71008e05e8,U,504,
0x71008e0804,U,120,
0x71008e087c,U,152,
0x71008e0914,U,456,
0x71008e0adc,U,812,
0x71008e0e08,U,76,
0x71008e0e54,U,220,
0x71008e0f30,U,580,
0x71008e1174,U,360,
0x71008e12dc,U,2508,
0x71008e1cbc,U,488,
0x71008e1ea4,U,856,
0x71008e21fc,U,204,
0x71008e22c8,U,24,
0x71008e22f8,U,20,
0x71008e2314,U,28,
0x71008e2434,U,8,
0x71008e243c,U,8,
0x71008e2444,U,172,
0x71008e2508,U,356,
0x71008e266c,U,204,
0x71008e2738,U,348,
0x71008e28a4,U,28,
0x71008e28c0,U,256,
0x71008e2a74,U,72,
0x71008e2d60,U,120,
0x71008e2ddc,U,244,
0x71008e2ed4,U,352,
0x71008e3034,U,344,
0x71008e3248,U,456,
0x71008e3410,U,704,
0x71008e36d0,U,312,
0x71008e39b8,U,112,
0x71008e3a28,U,960,
0x71008e3dfc,U,28,
0x71008e3f1c,U,8,
0x71008e3f24,U,8,
0x71008e3f2c,U,172,
0x71008e3ff0,U,356,
0x71008e4154,U,204,
0x71008e4220,U,348,
0x71008e438c,U,28,
0x71008e4430,U,412,
0x71008e45d0,U,244,
0x71008e4910,U,352,
0x71008e4a70,U,180,
0x71008e4b24,U,304,
0x71008e4c54,U,456,
0x71008e4f30,U,180,
0x71008e51c4,U,552,
0x71008e53ec,U,28,
0x71008e549c,U,28,
0x71008e55c0,U,204,
0x71008e568c,U,432,
0x71008e583c,U,1512,
0x71008e5f14,U,120,
0x71008e5f8c,U,120,
0x71008e6004,U,248,
0x71008e60fc,U,248,
0x71008e61f4,U,96,
0x71008e6254,U,100,
0x71008e62b8,U,108,
0x71008e6330,U,140,
0x71008e6b40,U,140,
0x71008e6bd0,U,244,
0x71008e6f70,U,388,
0x71008e70f4,U,380,
0x71008e7274,U,244,
0x71008e736c,U,388,
0x71008e74f0,U,124,
0x71008e756c,U,376,
0x71008e7bc0,U,128,
0x71008e7c40,U,64,
0x71008e7c80,U,64,
0x71008e7d20,U,120,
0x71008e7d98,U,128,
0x71008e7e18,U,128,
0x71008e7e98,U,128,
0x71008e7f18,U,128,
0x71008e7f98,U,128,
0x71008e8018,U,120,
0x71008e8090,U,120,
0x71008e8108,U,128,
0x71008e8188,U,148,
0x71008e821c,U,28,
0x71008e8238,U,352,
0x71008e8450,U,28,
0x71008e846c,U,232,
0x71008e8578,U,28,
0x71008e8594,U,124,
0x71008e8610,U,132,
0x71008e86fc,U,28,
0x71008e878c,U,324,
0x71008e88d0,U,180,
0x71008e8ed0,U,140,
0x71008e97e0,U,140,
0x71008ea240,U,140,
0x71008ea2d0,U,244,
0x71008eaa2c,U,388,
0x71008eabb0,U,380,
0x71008ead2c,U,380,
0x71008eaea8,U,380,
0x71008eb348,U,380,
0x71008eb574,U,100,
0x71008eb5ec,U,100,
0x71008eb664,U,100,
0x71008eb6dc,U,100,
0x71008eb7d8,U,108,
0x71008eb8cc,U,28,
0x71008eb97c,U,28,
0x71008eb998,U,164,
0x71008eba60,U,80,
0x71008ebca8,U,404,
0x71008ebe40,U,160,
0x71008ebee4,U,244,
0x71008ed9f4,U,352,
0x71008edb54,U,380,
0x71008edcd0,U,380,
0x71008ede4c,U,380,
0x71008edfc8,U,380,
0x71008ee144,U,380,
0x71008ee2c0,U,380,
0x71008ee43c,U,380,
0x71008ee5b8,U,380,
0x71008ee734,U,380,
0x71008ee8b0,U,372,
0x71008eea24,U,380,
0x71008eeba0,U,380,
0x71008eed1c,U,380,
0x71008eee98,U,380,
0x71008ef014,U,56,
0x71008ef04c,U,4,
0x71008ef058,U,28,
0x71008ef090,U,28,
0x71008ef0bc,U,92,
0x71008ef3ac,U,80,
0x71008ef468,U,80,
0x71008ef524,U,80,
0x71008ef5e0,U,80,
0x71008ef810,U,80,
0x71008efb00,U,160,
0x71008efba4,U,244,
0x71008f0c14,U,388,
0x71008f0d98,U,380,
0x71008f0f14,U,380,
0x71008f1090,U,380,
0x71008f120c,U,380,
0x71008f1388,U,380,
0x71008f1504,U,380,
0x71008f1680,U,380,
0x71008f1a68,U,100,
0x71008f1ae0,U,100,
0x71008f1b58,U,100,
0x71008f1bd0,U,100,
0x71008f1ccc,U,108,
0x71008f1dc0,U,28,
0x71008f1e70,U,28,
0x71008f1e8c,U,164,
0x71008f2444,U,404,
0x71008f25e0,U,160,
0x71008f2684,U,244,
0x71008f3530,U,388,
0x71008f36b4,U,380,
0x71008f3830,U,380,
0x71008f39ac,U,380,
0x71008f3b28,U,380,
0x71008f3ca4,U,380,
0x71008f3e20,U,380,
0x71008f44f8,U,100,
0x71008f4570,U,100,
0x71008f45e8,U,100,
0x71008f4660,U,100,
0x71008f475c,U,108,
0x71008f4850,U,28,
0x71008f4900,U,28,
0x71008f491c,U,164,
0x71008f49e4,U,188,
0x71008f5084,U,404,
0x71008f5220,U,160,
0x71008f52c4,U,244,
0x71008f7564,U,388,
0x71008f76e8,U,380,
0x71008f7864,U,380,
0x71008f79e0,U,380,
0x71008f7b5c,U,380,
0x71008f7cd8,U,380,
0x71008f7e54,U,380,
0x71008f7fd0,U,380,
0x71008f814c,U,380,
0x71008f82c8,U,380,
0x71008f8444,U,380,
0x71008f85c0,U,380,
0x71008f873c,U,380,
0x71008f88b8,U,380,
0x71008f8a34,U,380,
0x71008f8bb0,U,380,
0x71008f8d2c,U,380,
0x71008f920c,U,432,
0x71008f946c,U,100,
0x71008f94e4,U,100,
0x71008f955c,U,100,
0x71008f95d4,U,100,
0x71008f96d0,U,108,
0x71008f97c0,U,740,
0x71008f9aa8,U,28,
0x71008f9b58,U,28,
0x71008f9b74,U,164,
0x71008f9e20,U,192,
0x71008f9f50,U,200,
0x71008fa168,U,80,
0x71008fa3b0,U,80,
0x71008fa708,U,200,
0x71008fa834,U,80,
0x71008fa8f8,U,404,
0x71008faa90,U,160,
0x71008fab30,U,120,
0x71008fabac,U,244,
0x71008fb130,U,388,
0x71008fb2b4,U,864,
0x71008fb614,U,388,
0x71008fb79c,U,244,
0x71008fba04,U,352,
0x71008fbb64,U,256,
0x71008fbc64,U,184,
0x71008fbdb4,U,24,
0x71008fbdcc,U,176,
0x71008fbfc0,U,220,
0x71008fc134,U,456,
0x71008fc524,U,340,
0x71008fc70c,U,60,
0x71008fc748,U,448,
0x71008fcaa0,U,172,
0x71008fcc18,U,292,
0x71008fce88,U,28,
0x71008fcfa8,U,8,
0x71008fcfb0,U,8,
0x71008fcfb8,U,172,
0x71008fd07c,U,356,
0x71008fd1e0,U,204,
0x71008fd2ac,U,348,
0x71008fd418,U,28,
0x71008fd4b0,U,256,
0x71008fd5b0,U,612,
0x71008fd814,U,28,
0x71008fd830,U,200,
0x71008fd8f8,U,208,
0x71008fd9cc,U,340,
0x71008fdbe4,U,28,
0x71008fdfbc,U,244,
0x71008fe4a4,U,388,
0x71008fe62c,U,244,
0x71008feaf0,U,332,
0x71008fec3c,U,380,
0x71008fedb8,U,220,
0x71008fee94,U,220,
0x71008ff2f4,U,388,
0x71008ff478,U,220,
0x71008ff8d8,U,388,
0x71008ffa5c,U,220,
0x71008ffb38,U,504,
0x71008ffd30,U,524,
0x71008fff3c,U,384,
0x71009000bc,U,856,
0x7100900414,U,504,
0x7100900610,U,508,
0x710090087c,U,172,
0x7100900928,U,536,
0x7100900b40,U,204,
0x7100900c0c,U,56,
0x7100900c44,U,176,
0x7100900cf4,U,1104,
0x7100901144,U,152,
0x71009011dc,U,92,
0x7100901260,U,4,
0x7100901264,U,328,
0x71009013ac,U,252,
0x71009014a8,U,504,
0x71009016a0,U,608,
0x7100901900,U,188,
0x71009019bc,U,220,
0x7100901dd4,U,532,
0x7100902334,U,344,
0x710090248c,U,332,
0x71009025d8,U,56,
0x7100902a94,U,40,
0x7100902abc,U,152,
0x7100902b54,U,28,
0x7100902b90,U,364,
0x7100902cfc,U,96,
0x7100902d94,U,20,
0x7100902df4,U,364,
0x7100902f60,U,96,
0x7100902ff8,U,20,
0x7100903058,U,364,
0x71009031c4,U,60,
0x7100903238,U,20,
0x7100903284,U,128,
0x7100903304,U,164,
0x7100903450,U,364,
0x71009035bc,U,60,
0x7100903630,U,20,
0x710090367c,U,128,
0x71009036fc,U,164,
0x7100903870,U,28,
0x710090390c,U,28,
0x7100903928,U,68,
0x7100903cb4,U,128,
0x7100903d34,U,292,
0x7100903e88,U,460,
0x7100904054,U,80,
0x7100904310,U,128,
0x71009043a0,U,80,
0x7100904430,U,172,
0x7100904b48,U,256,
0x7100904c48,U,404,
0x7100904ddc,U,416,
0x7100904f7c,U,412,
0x7100905138,U,152,
0x71009051d0,U,164,
0x71009058b4,U,244,
0x71009059ac,U,388,
0x7100905bdc,U,432,
0x7100905d8c,U,272,
0x7100905e9c,U,628,
0x7100906110,U,248,
0x7100906208,U,272,
0x7100906318,U,28,
0x71009063c8,U,28,
0x7100906580,U,120,
0x71009065fc,U,244,
0x7100906a44,U,388,
0x7100906bcc,U,244,
0x710090708c,U,352,
0x71009071ec,U,320,
0x710090732c,U,388,
0x71009074b0,U,220,
0x710090758c,U,220,
0x71009079ec,U,388,
0x7100907b70,U,220,
0x7100907fd0,U,388,
0x7100908154,U,220,
0x7100908230,U,500,
0x7100908424,U,404,
0x710090869c,U,456,
0x71009088a0,U,24,
0x7100908cbc,U,116,
0x7100908d30,U,1592,
0x7100909368,U,324,
0x71009094ac,U,124,
0x7100909530,U,8,
0x7100909538,U,1892,
0x7100909c9c,U,8,
0x7100909ca4,U,56,
0x7100909cdc,U,300,
0x7100909e08,U,56,
0x7100909e78,U,268,
0x710090a194,U,1080,
0x710090a610,U,28,
0x710090a718,U,8,
0x710090a720,U,8,
0x710090a728,U,172,
0x710090a7ec,U,356,
0x710090a950,U,364,
0x710090aabc,U,96,
0x710090ab54,U,20,
0x710090abb4,U,364,
0x710090ad20,U,96,
0x710090adb8,U,20,
0x710090ae18,U,364,
0x710090af84,U,60,
0x710090affc,U,20,
0x710090b050,U,248,
0x710090b1c8,U,492,
0x710090b3b4,U,364,
0x710090b520,U,60,
0x710090b598,U,20,
0x710090b5ec,U,248,
0x710090b764,U,492,
0x710090b950,U,204,
0x710090ba1c,U,348,
0x710090bb88,U,28,
0x710090bba4,U,256,
0x710090bcc8,U,28,
0x710090bce4,U,124,
0x710090bd60,U,132,
0x710090bdf4,U,28,
0x710090be10,U,220,
0x710090bf90,U,212,
0x710090c064,U,44,
0x710090c090,U,224,
0x710090c170,U,84,
0x710090c1c4,U,152,
0x710090c28c,U,128,
0x710090c30c,U,248,
0x710090c4f8,U,288,
0x710090c618,U,80,
0x710090c6d4,U,248,
0x710090c7dc,U,420,
0x710090c980,U,80,
0x710090ca8c,U,376,
0x710090cc04,U,440,
0x710090cf98,U,116,
0x710090d00c,U,432,
0x710090d1bc,U,312,
0x710090d2f4,U,360,
0x710090d45c,U,696,
0x710090d714,U,560,
0x710090d944,U,588,
0x710090dbb4,U,316,
0x710090dcf0,U,328,
0x710090e3f4,U,244,
0x710090e7a0,U,388,
0x710090e924,U,380,
0x710090eac4,U,548,
0x710090ece8,U,28,
0x710090edbc,U,28,
0x710090ee6c,U,68,
0x710090ef10,U,160,
0x710090efb0,U,120,
0x710090f02c,U,244,
0x710090f1f8,U,352,
0x710090f358,U,300,
0x710090f53c,U,456,
0x710090f828,U,384,
0x710090f9a8,U,104,
0x710090fa10,U,112,
0x710090fa80,U,272,
0x710090fb90,U,28,
0x710090fcb0,U,8,
0x710090fcb8,U,8,
0x710090fcc0,U,172,
0x710090fd84,U,356,
0x710090fee8,U,204,
0x710090ffb4,U,348,
0x7100910120,U,28,
0x71009101b0,U,364,
0x7100910320,U,244,
0x710091059c,U,388,
0x7100910720,U,220,
0x710091083c,U,128,
0x71009108f8,U,112,
0x7100910968,U,28,
0x7100910be0,U,360,
0x7100910d48,U,60,
0x7100910da0,U,20,
0x7100910de0,U,196,
0x7100910f04,U,196,
0x7100910fcc,U,204,
0x7100911098,U,372,
0x710091121c,U,28,
0x7100911238,U,80,
0x71009112ac,U,220,
0x7100911388,U,360,
0x71009114f0,U,88,
0x7100911580,U,20,
0x7100911768,U,244,
0x7100911860,U,388,
0x7100911a0c,U,112,
0x7100911eb4,U,28,
0x7100911f64,U,28,
0x7100911ff0,U,240,
0x71009120e4,U,244,
0x7100912454,U,388,
0x71009125e0,U,32,
0x7100912674,U,112,
0x71009126e4,U,28,
0x7100912804,U,28,
0x7100912888,U,112,
0x7100912a38,U,244,
0x7100912ef4,U,372,
0x7100913068,U,220,
0x7100913144,U,376,
0x71009132bc,U,220,
0x7100913398,U,220,
0x710091397c,U,220,
0x7100913f60,U,220,
0x710091403c,U,500,
0x7100914230,U,24,
0x7100914248,U,56,
0x7100914364,U,56,
0x710091439c,U,60,
0x71009143d8,U,112,
0x710091444c,U,180,
0x7100914500,U,28,
0x7100914638,U,344,
0x7100914790,U,88,
0x710091482c,U,20,
0x71009148c0,U,360,
0x7100914a28,U,60,
0x7100914a9c,U,20,
0x7100914afc,U,360,
0x7100914c64,U,60,
0x7100914cd8,U,20,
0x7100914d38,U,364,
0x7100914ea4,U,60,
0x7100914f18,U,20,
0x7100914f64,U,128,
0x7100914fe4,U,164,
0x7100915130,U,364,
0x710091529c,U,60,
0x7100915310,U,20,
0x710091535c,U,128,
0x71009153dc,U,164,
0x7100915538,U,28,
0x71009155a8,U,220,
0x7100915684,U,360,
0x71009157ec,U,88,
0x710091587c,U,20,
0x71009158dc,U,148,
0x7100915970,U,268,
0x7100915bc4,U,128,
0x7100915c44,U,268,
0x7100915d80,U,404,
0x7100915f14,U,80,
0x7100915f64,U,84,
0x7100916100,U,128,
0x7100916190,U,80,
0x71009161e0,U,84,
0x710091623c,U,172,
0x71009166a4,U,192,
0x71009168e0,U,252,
0x71009169dc,U,356,
0x7100916b40,U,348,
0x7100916c9c,U,300,
0x7100916de8,U,152,
0x7100916e80,U,164,
0x7100917368,U,244,
0x71009175d4,U,388,
0x7100917758,U,444,
0x71009179cc,U,256,
0x7100917acc,U,220,
0x7100917ba8,U,180,
0x7100917c5c,U,164,
0x7100917d00,U,28,
0x7100917db0,U,28,
0x7100917eb0,U,160,
0x7100917f54,U,244,
0x710091804c,U,388,
0x71009181d0,U,308,
0x71009185d0,U,32,
0x7100918a78,U,260,
0x7100918b7c,U,284,
0x7100918dbc,U,312,
0x7100918ef4,U,40,
0x7100918f1c,U,412,
0x7100919254,U,676,
0x71009194f8,U,28,
0x71009195a8,U,28,
0x71009197c0,U,164,
0x71009198fc,U,264,
0x7100919a04,U,24,
0x7100919a20,U,204,
0x7100919af0,U,244,
0x7100919be8,U,388,
0x7100919d94,U,140,
0x7100919e20,U,140,
0x7100919eac,U,28,
0x7100919f5c,U,28,
0x7100919fd0,U,160,
0x710091a074,U,244,
0x710091a23c,U,388,
0x710091a3c0,U,244,
0x710091a4b4,U,252,
0x710091a644,U,28,
0x710091a6f4,U,28,
0x710091a7c0,U,160,
0x710091a864,U,244,
0x710091a95c,U,388,
0x710091aae0,U,52,
0x710091ab14,U,100,
0x710091abfc,U,272,
0x710091ad0c,U,4,
0x710091ad10,U,124,
0x710091ad8c,U,204,
0x710091ae58,U,28,
0x710091ae74,U,188,
0x710091af30,U,28,
0x710091afe0,U,28,
0x710091b060,U,160,
0x710091b104,U,244,
0x710091b498,U,388,
0x710091b61c,U,60,
0x710091b658,U,4,
0x710091b680,U,28,
0x710091b6ac,U,28,
0x710091b730,U,160,
0x710091b7d4,U,244,
0x710091bd0c,U,388,
0x710091beb8,U,28,
0x710091bee4,U,28,
0x710091bf60,U,160,
0x710091c004,U,244,
0x710091c1d0,U,372,
0x710091c4ac,U,120,
0x710091c55c,U,196,
0x710091c620,U,172,
0x710091c6cc,U,152,
0x710091c774,U,164,
0x710091c818,U,152,
0x710091c8b8,U,8,
0x710091c8c0,U,188,
0x710091c994,U,652,
0x710091cc30,U,28,
0x710091cce0,U,28,
0x710091cda0,U,160,
0x710091ce44,U,244,
0x710091d010,U,388,
0x710091d4bc,U,260,
0x710091d5c0,U,28,
0x710091d5dc,U,28,
0x710091d68c,U,28,
0x710091d730,U,160,
0x710091d7d0,U,120,
0x710091d84c,U,244,
0x710091e0ec,U,372,
0x710091e260,U,688,
0x710091e510,U,836,
0x710091e8c0,U,608,
0x710091eb20,U,268,
0x710091ec2c,U,780,
0x710091ef38,U,456,
0x710091f100,U,160,
0x710091f22c,U,380,
0x710091f3a8,U,788,
0x710091f6bc,U,220,
0x710091fbfc,U,480,
0x710091feb4,U,196,
0x710091ff78,U,4,
0x71009200a8,U,800,
0x71009203c8,U,884,
0x710092073c,U,752,
0x7100920a2c,U,4,
0x7100920a30,U,444,
0x7100920bec,U,848,
0x7100920f40,U,252,
0x710092103c,U,76,
0x7100921088,U,44,
0x71009210b4,U,32,
0x71009210d4,U,372,
0x7100921380,U,28,
0x71009214a0,U,8,
0x71009214a8,U,8,
0x71009214b0,U,172,
0x7100921574,U,356,
0x71009216d8,U,204,
0x71009217a4,U,348,
0x7100921910,U,28,
0x7100921a0c,U,164,
0x7100921ba8,U,264,
0x7100921f00,U,244,
0x7100921ff8,U,372,
0x710092222c,U,284,
0x71009224dc,U,220,
0x7100922724,U,28,
0x71009227d4,U,28,
0x7100922ac0,U,200,
0x7100922b8c,U,244,
0x7100922c84,U,388,
0x7100922e30,U,248,
0x7100922f28,U,212,
0x7100922ffc,U,28,
0x71009230ac,U,28,
0x7100923120,U,160,
0x71009231c4,U,244,
0x71009234cc,U,388,
0x7100923654,U,244,
0x7100923924,U,388,
0x7100923aa8,U,696,
0x7100923d60,U,348,
0x7100923ebc,U,196,
0x7100923fa4,U,28,
0x7100923fc0,U,28,
0x7100924010,U,28,
0x710092408c,U,28,
0x7100924110,U,232,
0x71009241fc,U,244,
0x71009242f4,U,388,
0x7100924674,U,8,
0x710092467c,U,8,
0x7100924684,U,424,
0x710092482c,U,220,
0x7100924908,U,28,
0x71009249b8,U,28,
0x7100924a40,U,320,
0x7100924b84,U,244,
0x7100924c7c,U,388,
0x7100924e00,U,120,
0x7100924e78,U,184,
0x7100924f54,U,112,
0x7100925060,U,456,
0x7100925348,U,648,
0x7100925674,U,8,
0x710092567c,U,28,
0x7100925698,U,328,
0x71009257e0,U,28,
0x7100925900,U,8,
0x7100925908,U,8,
0x7100925910,U,172,
0x71009259d4,U,356,
0x7100925b38,U,204,
0x7100925c14,U,28,
0x7100925ca8,U,348,
0x7100925e04,U,24,
0x7100925e20,U,412,
0x7100925fc0,U,244,
0x71009260b8,U,388,
0x710092623c,U,508,
0x7100926494,U,248,
0x71009265e0,U,660,
0x7100926874,U,556,
0x7100926aa0,U,564,
0x7100926ec4,U,720,
0x7100927194,U,64,
0x71009271d4,U,240,
0x71009272c4,U,156,
0x7100927360,U,28,
0x7100927564,U,28,
0x71009275d0,U,160,
0x7100927674,U,244,
0x710092776c,U,352,
0x71009278cc,U,56,
0x7100927a1c,U,8,
0x7100927a24,U,28,
0x7100927a58,U,28,
0x7100927ac0,U,160,
0x7100927b64,U,244,
0x7100927fe8,U,388,
0x710092816c,U,380,
0x71009282e8,U,196,
0x71009283d0,U,28,
0x71009283fc,U,28,
0x7100928418,U,104,
0x7100928540,U,160,
0x710092872c,U,384,
0x71009288b0,U,244,
0x7100928aac,U,352,
0x7100928c0c,U,656,
0x7100928e9c,U,764,
0x71009291bc,U,112,
0x710092922c,U,100,
0x7100929298,U,236,
0x7100929404,U,340,
0x7100929558,U,876,
0x71009299bc,U,512,
0x7100929bbc,U,2008,
0x710092a394,U,24,
0x710092a3ac,U,1932,
0x710092ab38,U,1464,
0x710092b0f0,U,1112,
0x710092b548,U,188,
0x710092b604,U,68,
0x710092b648,U,68,
0x710092b68c,U,108,
0x710092b6f8,U,64,
0x710092b738,U,568,
0x710092b970,U,9828,
0x710092dfd4,U,212,
0x710092e0a8,U,1088,
0x710092e4e8,U,216,
0x710092e5c0,U,636,
0x710092e83c,U,1880,
0x710092ef94,U,288,
0x710092f0b4,U,336,
0x710092f204,U,2208,
0x710092faa4,U,488,
0x710092fc8c,U,872,
0x710092fff4,U,1220,
0x71009304b8,U,532,
0x71009306cc,U,640,
0x710093094c,U,2748,
0x7100931408,U,428,
0x71009315b4,U,592,
0x7100931804,U,472,
0x71009319dc,U,600,
0x7100931c34,U,288,
0x7100931d54,U,280,
0x7100931e6c,U,28,
0x7100931f90,U,28,
0x7100932010,U,120,
0x71009323c4,U,244,
0x71009324bc,U,388,
0x7100932668,U,28,
0x7100932694,U,28,
0x7100932710,U,160,
0x71009327b4,U,244,
0x71009328ac,U,388,
0x7100932c04,U,404,
0x7100932d98,U,28,
0x7100932e48,U,28,
0x7100932ed0,U,36,
0x7100932f00,U,160,
0x7100932fa4,U,244,
0x710093309c,U,352,
0x7100933200,U,244,
0x71009342e8,U,388,
0x710093446c,U,696,
0x7100934724,U,176,
0x71009349b0,U,12,
0x7100935688,U,852,
0x71009359dc,U,116,
0x7100935c14,U,164,
0x7100935cb8,U,136,
0x7100935d40,U,84,
0x7100935ed8,U,28,
0x7100935ef4,U,28,
0x7100935f44,U,28,
0x7100936038,U,28,
0x71009360d0,U,232,
0x71009361bc,U,244,
0x7100936774,U,388,
0x71009368f8,U,380,
0x7100936a74,U,380,
0x7100936bf0,U,208,
0x7100936cc0,U,184,
0x7100936da0,U,592,
0x7100936ff0,U,88,
0x710093704c,U,348,
0x71009371a8,U,80,
0x71009371f8,U,404,
0x710093738c,U,28,
0x7100937440,U,28,
0x71009374ac,U,68,
0x7100937554,U,68,
0x71009376a0,U,204,
0x7100937770,U,244,
0x7100937c4c,U,388,
0x7100937dd0,U,376,
0x7100937f48,U,180,
0x7100937ffc,U,224,
0x71009380dc,U,656,
0x7100938390,U,412,
0x710093852c,U,752,
0x710093881c,U,900,
0x7100938ba0,U,588,
0x7100938dec,U,208,
0x7100938ebc,U,272,
0x7100938fcc,U,772,
0x71009392d4,U,28,
0x7100939390,U,28,
0x71009393fc,U,68,
0x71009395b8,U,192,
0x7100939678,U,396,
0x7100939804,U,580,
0x7100939a50,U,160,
0x7100939af4,U,244,
0x7100939d20,U,388,
0x7100939ea4,U,180,
0x710093a130,U,1444,
0x710093a780,U,172,
0x710093a82c,U,676,
0x710093aad0,U,204,
0x710093ab9c,U,268,
0x710093aca8,U,124,
0x710093ad24,U,156,
0x710093adc0,U,536,
0x710093afd8,U,28,
0x710093b088,U,28,
0x710093b160,U,160,
0x710093b204,U,244,
0x710093c6d0,U,352,
0x710093c834,U,244,
0x710093d548,U,388,
0x710093d6cc,U,380,
0x710093d848,U,696,
0x710093db00,U,2684,
0x710093e57c,U,1256,
0x710093ea88,U,112,
0x710093eafc,U,104,
0x710093eb64,U,512,
0x710093ed64,U,632,
0x710093efdc,U,2480,
0x710093f98c,U,244,
0x710093fa80,U,56,
0x710093fab8,U,720,
0x710093fd88,U,336,
0x7100942e14,U,772,
0x7100943118,U,460,
0x71009433ac,U,608,
0x71009438e8,U,244,
0x71009439dc,U,1376,
0x7100943f3c,U,3428,
0x7100945008,U,560,
0x710094551c,U,1180,
0x71009459b8,U,840,
0x7100945d00,U,1900,
0x710094646c,U,920,
0x7100946804,U,664,
0x7100946a9c,U,700,
0x7100946d58,U,600,
0x7100946fb0,U,744,
0x7100947298,U,52,
0x71009472cc,U,740,
0x71009475b0,U,464,
0x7100947780,U,804,
0x7100947f30,U,52,
0x7100947f64,U,448,
0x7100948124,U,396,
0x71009482b0,U,476,
0x710094848c,U,652,
0x7100948718,U,448,
0x71009488d8,U,656,
0x7100948b68,U,744,
0x7100948e50,U,2848,
0x7100949970,U,220,
0x7100949a4c,U,304,
0x7100949b7c,U,564,
0x710094a224,U,372,
0x710094a398,U,68,
0x710094a43c,U,96,
0x710094a4c8,U,556,
0x710094a6f4,U,964,
0x710094aab8,U,408,
0x710094ac50,U,44,
0x710094ac7c,U,904,
0x710094b028,U,8,
0x710094b030,U,104,
0x710094b16c,U,856,
0x710094b508,U,64,
0x710094b548,U,624,
0x710094b7c4,U,216,
0x710094b89c,U,20,
0x710094b8b0,U,1848,
0x710094bfe8,U,124,
0x710094c064,U,312,
0x710094c19c,U,896,
0x710094c51c,U,1168,
0x710094c9ac,U,220,
0x710094cad8,U,2104,
0x710094d310,U,676,
0x710094d5b4,U,424,
0x710094d75c,U,1092,
0x710094de1c,U,1236,
0x710094f238,U,1504,
0x710094f818,U,132,
0x710094f89c,U,84,
0x710094f8f0,U,132,
0x710094f974,U,132,
0x710094f9f8,U,132,
0x710094fa7c,U,132,
0x710094fb00,U,468,
0x710094fcd4,U,28,
0x710094fdcc,U,28,
0x710094fe1c,U,28,
0x710094ff0c,U,28,
0x710095025c,U,328,
0x71009506b4,U,244,
0x7100950980,U,388,
0x7100950b04,U,104,
0x7100950b6c,U,124,
0x7100950be8,U,132,
0x7100950c6c,U,28,
0x7100950c98,U,28,
0x7100950d50,U,160,
0x7100950df4,U,244,
0x7100951020,U,388,
0x71009511a4,U,124,
0x7100951220,U,132,
0x71009512a4,U,28,
0x71009512d0,U,28,
0x7100951380,U,160,
0x7100951424,U,244,
0x710095151c,U,388,
0x71009516a0,U,64,
0x71009516e0,U,4,
0x7100951708,U,112,
0x7100951778,U,4,
0x7100951798,U,68,
0x71009518d8,U,796,
0x7100951bf4,U,812,
0x7100951f20,U,32,
0x7100951f40,U,1864,
0x7100952688,U,4,
0x710095268c,U,8,
0x7100952694,U,8,
0x710095269c,U,8,
0x71009526a4,U,24,
0x71009526bc,U,28,
0x710095276c,U,28,
0x7100952bc0,U,120,
0x7100952c3c,U,244,
0x7100952e68,U,388,
0x7100952fec,U,256,
0x7100953110,U,112,
0x7100953218,U,456,
0x7100953940,U,28,
0x7100953a60,U,8,
0x7100953a68,U,8,
0x7100953a70,U,172,
0x7100953b34,U,356,
0x7100953c98,U,204,
0x7100953d64,U,348,
0x7100953ed0,U,28,
0x7100953fa0,U,364,
0x7100954438,U,384,
0x71009545b8,U,44,
0x71009545e4,U,20,
0x7100954624,U,164,
0x710095495c,U,52,
0x7100954990,U,4,
0x71009549c0,U,1620,
0x7100955014,U,40,
0x7100955050,U,140,
0x71009550dc,U,52,
0x7100955110,U,4,
0x7100955180,U,140,
0x710095520c,U,348,
0x7100955368,U,196,
0x7100955564,U,688,
0x7100955830,U,140,
0x71009558bc,U,52,
0x71009558f0,U,4,
0x7100955950,U,1364,
0x7100955ea4,U,44,
0x7100955ee0,U,140,
0x7100956118,U,384,
0x710095629c,U,244,
0x710095f050,U,388,
0x710095f1d4,U,380,
0x710095f350,U,380,
0x710095f4cc,U,380,
0x710095f648,U,380,
0x710095f7c4,U,380,
0x710095f940,U,380,
0x710095fabc,U,380,
0x710095fc38,U,380,
0x710095fdb4,U,380,
0x710095ff30,U,380,
0x71009600ac,U,380,
0x7100960228,U,380,
0x71009603a4,U,380,
0x7100960520,U,380,
0x710096069c,U,380,
0x7100960818,U,380,
0x7100960994,U,380,
0x7100960b10,U,380,
0x7100960c8c,U,380,
0x7100960e08,U,380,
0x7100960f84,U,380,
0x7100961100,U,380,
0x710096127c,U,380,
0x71009613f8,U,380,
0x7100961574,U,380,
0x71009616f0,U,380,
0x710096186c,U,380,
0x71009619e8,U,380,
0x7100961b64,U,380,
0x7100961ce0,U,380,
0x7100961e5c,U,380,
0x7100961fd8,U,380,
0x7100962154,U,380,
0x71009622d0,U,380,
0x710096244c,U,380,
0x71009625c8,U,380,
0x7100962744,U,380,
0x71009628c0,U,380,
0x7100962a3c,U,380,
0x7100962bb8,U,380,
0x7100962d34,U,380,
0x7100962eb0,U,380,
0x710096302c,U,380,
0x71009631a8,U,380,
0x7100963324,U,380,
0x71009634a0,U,380,
0x710096361c,U,380,
0x7100963798,U,380,
0x7100963914,U,380,
0x7100963a90,U,380,
0x7100963c0c,U,380,
0x7100963d88,U,380,
0x7100963f04,U,380,
0x7100964080,U,380,
0x71009641fc,U,380,
0x7100964378,U,380,
0x71009644f4,U,380,
0x7100964670,U,492,
0x710096485c,U,280,
0x7100964974,U,496,
0x7100964b64,U,968,
0x7100964f8c,U,108,
0x7100965000,U,28,
0x71009650b8,U,28,
0x71009651b4,U,68,
0x71009652b4,U,68,
0x71009653b4,U,68,
0x71009654b4,U,68,
0x71009655b4,U,68,
0x71009656b4,U,68,
0x71009657b4,U,68,
0x71009658b4,U,68,
0x71009659b4,U,68,
0x7100965ab4,U,68,
0x7100965bb4,U,68,
0x7100965cb4,U,68,
0x7100965db4,U,68,
0x7100965eb4,U,68,
0x7100965fb4,U,68,
0x71009660b4,U,68,
0x71009661b4,U,68,
0x71009662b4,U,68,
0x71009663b4,U,68,
0x71009664b4,U,68,
0x71009665b4,U,68,
0x710096691c,U,68,
0x7100966a1c,U,68,
0x7100966b1c,U,68,
0x71009673bc,U,68,
0x710096754c,U,68,
0x7100968078,U,240,
0x7100968818,U,388,
0x71009689b0,U,28,
0x71009689cc,U,184,
0x7100968cc0,U,668,
0x7100968f60,U,160,
0x7100969000,U,88,
0x7100969058,U,20,
0x71009690a0,U,144,
0x7100969130,U,4,
0x7100969138,U,12,
0x7100969148,U,4,
0x7100969250,U,164,
0x7100969310,U,140,
0x710096939c,U,136,
0x7100969424,U,144,
0x71009698f8,U,1200,
0x7100969da8,U,220,
0x7100969e84,U,180,
0x7100969f40,U,180,
0x7100969ff4,U,284,
0x710096a110,U,212,
0x710096aadc,U,364,
0x710096ac48,U,1084,
0x710096b098,U,664,
0x710096b4e4,U,192,
0x710096b5a4,U,380,
0x710096b720,U,476,
0x710096b8fc,U,232,
0x710096b9e4,U,1620,
0x710096c038,U,3196,
0x710096ccb4,U,312,
0x710096cdec,U,2460,
0x710096d788,U,800,
0x710096daa8,U,76,
0x710096db24,U,1172,
0x710096dfb8,U,1224,
0x710096e480,U,680,
0x710096e728,U,348,
0x710096e884,U,1340,
0x710096ee98,U,80,
0x710096eee8,U,372,
0x710096f05c,U,472,
0x710096f234,U,48,
0x710096f264,U,80,
0x710096f760,U,1840,
0x710096fe90,U,1564,
0x71009704c8,U,80,
0x7100970590,U,140,
0x710097061c,U,100,
0x7100970680,U,4,
0x7100970f2c,U,1068,
0x7100971430,U,140,
0x71009714bc,U,184,
0x7100971574,U,200,
0x710097176c,U,628,
0x71009719e0,U,1288,
0x7100971ee8,U,4336,
0x7100972fd8,U,1592,
0x7100973658,U,400,
0x71009737e8,U,260,
0x71009738ec,U,996,
0x7100973cf4,U,308,
0x7100973e28,U,264,
0x7100973f30,U,276,
0x71009745f0,U,188,
0x71009746ac,U,12,
0x7100974798,U,376,
0x7100974910,U,988,
0x7100974cec,U,608,
0x7100975000,U,304,
0x7100975130,U,264,
0x7100975238,U,352,
0x71009753a0,U,260,
0x71009754a8,U,244,
0x71009756fc,U,388,
0x7100975880,U,696,
0x7100975b3c,U,244,
0x7100975c34,U,344,
0x7100975d8c,U,388,
0x7100975f10,U,396,
0x71009760a0,U,112,
0x7100976110,U,44,
0x710097613c,U,4,
0x7100976140,U,516,
0x7100976344,U,196,
0x7100976408,U,96,
0x7100976468,U,288,
0x7100976588,U,80,
0x71009765d8,U,224,
0x71009766b8,U,312,
0x71009767f0,U,4,
0x71009767f4,U,332,
0x7100976940,U,4,
0x7100976944,U,372,
0x7100976ab8,U,476,
0x7100976c94,U,320,
0x710097759c,U,132,
0x710097762c,U,568,
0x7100977864,U,132,
0x71009778e8,U,140,
0x7100977974,U,428,
0x7100977b20,U,112,
0x7100977b90,U,92,
0x7100977bec,U,156,
0x7100977c88,U,100,
0x7100977cec,U,356,
0x7100977e50,U,1088,
0x7100978364,U,212,
0x71009784b4,U,500,
0x71009786a8,U,148,
0x710097873c,U,4,
0x7100978740,U,436,
0x71009788f4,U,436,
0x7100978aa8,U,380,
0x7100978c24,U,756,
0x7100978f18,U,64,
0x7100978f58,U,400,
0x71009790e8,U,92,
0x7100979144,U,540,
0x7100979360,U,332,
0x71009794ac,U,104,
0x7100979514,U,456,
0x71009796dc,U,96,
0x710097973c,U,280,
0x7100979854,U,464,
0x7100979a60,U,208,
0x7100979b30,U,268,
0x7100979c3c,U,152,
0x7100979cd4,U,496,
0x7100979ecc,U,36,
0x7100979ef0,U,40,
0x7100979f18,U,740,
0x710097a1fc,U,784,
0x710097a50c,U,88,
0x710097a564,U,8,
0x710097a56c,U,32,
0x710097a58c,U,132,
0x710097a610,U,84,
0x710097a664,U,4,
0x710097a66c,U,28,
0x710097a730,U,28,
0x710097a780,U,28,
0x710097a810,U,28,
0x710097a850,U,312,
0x710097a990,U,232,
0x710097aa7c,U,244,
0x710097af50,U,388,
0x710097b0d4,U,380,
0x710097b250,U,68,
0x710097b294,U,4,
0x710097b2bc,U,28,
0x710097b2e8,U,28,
0x710097b400,U,160,
0x710097b4a4,U,244,
0x710097b59c,U,352,
0x710097b724,U,112,
0x710097b860,U,28,
0x710097b920,U,28,
0x710097b990,U,160,
0x710097ba30,U,180,
0x710097baf0,U,140,
0x710097bb7c,U,316,
0x710097bcb8,U,484,
0x710097be9c,U,816,
0x710097c268,U,724,
0x710097c53c,U,508,
0x710097c738,U,872,
0x710097caa0,U,264,
0x710097cf70,U,504,
0x710097d168,U,656,
0x710097d3f8,U,804,
0x710097e088,U,436,
0x710097e23c,U,220,
0x710097e318,U,220,
0x710097e3f4,U,36,
0x710097e4d8,U,276,
0x710097e5ec,U,284,
0x710097e724,U,164,
0x710097ea60,U,164,
0x710097eb88,U,24,
0x710097f134,U,84,
0x710097f188,U,16,
0x710097f198,U,16,
0x710097f1a8,U,16,
0x710097f1b8,U,16,
0x710097f1c8,U,24,
0x710097f1e0,U,24,
0x710097f1f8,U,24,
0x710097f210,U,204,
0x710097f2dc,U,760,
0x710097f678,U,164,
0x710097f71c,U,1852,
0x710097ff00,U,140,
0x710097ff8c,U,40,
0x7100980000,U,140,
0x710098008c,U,424,
0x7100980234,U,388,
0x71009803b8,U,508,
0x71009805b4,U,264,
0x7100980ad8,U,504,
0x7100980cd0,U,272,
0x7100980de0,U,616,
0x7100981048,U,280,
0x7100981160,U,256,
0x7100981260,U,692,
0x7100981514,U,240,
0x7100981604,U,448,
0x71009817c4,U,744,
0x7100981aac,U,448,
0x7100981c6c,U,960,
0x7100982254,U,196,
0x7100982318,U,204,
0x71009824c4,U,164,
0x7100982610,U,180,
0x71009828d0,U,384,
0x7100982c7c,U,1008,
0x71009831dc,U,264,
0x710098349c,U,1236,
0x7100983970,U,488,
0x7100983b58,U,680,
0x7100983e00,U,1252,
0x71009842e4,U,640,
0x7100984564,U,504,
0x710098475c,U,460,
0x7100984928,U,1020,
0x7100984d24,U,304,
0x7100984e54,U,1340,
0x7100985774,U,660,
0x7100985a08,U,384,
0x7100985e18,U,504,
0x7100986010,U,1360,
0x71009878fc,U,340,
0x7100987a50,U,348,
0x7100987ce8,U,164,
0x7100987e8c,U,164,
0x7100987fe8,U,264,
0x71009882c0,U,140,
0x7100988350,U,244,
0x7100988448,U,388,
0x71009885d0,U,244,
0x710098893c,U,388,
0x7100988ac0,U,696,
0x7100988d78,U,132,
0x7100988dfc,U,144,
0x7100988f18,U,128,
0x710098908c,U,432,
0x7100989278,U,1244,
0x7100989754,U,536,
0x710098996c,U,568,
0x7100989ba4,U,220,
0x7100989c80,U,624,
0x7100989ef0,U,1904,
0x710098a660,U,924,
0x710098aa68,U,344,
0x710098abc0,U,580,
0x710098ae04,U,424,
0x710098afac,U,4,
0x710098afb0,U,1504,
0x710098b590,U,420,
0x710098b734,U,180,
0x710098d034,U,1388,
0x710098d5a0,U,392,
0x710098d790,U,240,
0x710098d894,U,36,
0x710098d8b8,U,400,
0x710098dae8,U,28,
0x710098db28,U,324,
0x710098e048,U,28,
0x710098e250,U,28,
0x710098e2d0,U,272,
0x710098e3e4,U,244,
0x710098e4dc,U,388,
0x710098e660,U,60,
0x710098e69c,U,4,
0x710098e6c4,U,128,
0x710098ed08,U,800,
0x710098f300,U,644,
0x710098f584,U,184,
0x710098f63c,U,612,
0x710098fa50,U,28,
0x710098fc50,U,200,
0x710098fd1c,U,244,
0x710098fe14,U,388,
0x710098ff98,U,72,
0x710098ffe0,U,4,
0x7100990008,U,128,
0x7100990088,U,1088,
0x71009906ec,U,1144,
0x7100990f74,U,72,
0x7100991000,U,28,
0x7100991200,U,200,
0x71009912cc,U,244,
0x71009913c4,U,388,
0x7100991548,U,56,
0x7100991580,U,4,
0x71009915f0,U,28,
0x71009917e8,U,28,
0x7100991810,U,160,
0x71009918b4,U,244,
0x71009919ac,U,388,
0x7100991b30,U,476,
0x7100991d0c,U,256,
0x7100991e30,U,256,
0x7100992044,U,356,
0x71009921a8,U,356,
0x710099230c,U,336,
0x710099245c,U,712,
0x7100992724,U,376,
0x710099295c,U,688,
0x7100992c0c,U,1512,
0x71009933dc,U,3444,
0x7100994150,U,580,
0x7100994394,U,384,
0x7100994514,U,92,
0x7100994570,U,448,
0x7100994730,U,176,
0x71009949d4,U,92,
0x7100995690,U,1432,
0x7100995c28,U,2476,
0x71009968ec,U,728,
0x7100996bc4,U,76,
0x7100996c10,U,444,
0x7100996dcc,U,52,
0x7100996e00,U,220,
0x7100996edc,U,24,
0x7100996f08,U,28,
0x7100997100,U,28,
0x7100997128,U,536,
0x7100997340,U,336,
0x7100997490,U,360,
0x71009975fc,U,244,
0x71009976f4,U,388,
0x7100997878,U,56,
0x71009978b0,U,4,
0x71009978d8,U,100,
0x710099793c,U,100,
0x71009979b8,U,28,
0x7100997bb0,U,28,
0x7100997be0,U,160,
0x7100997c84,U,244,
0x71009997a0,U,388,
0x7100999924,U,696,
0x7100999be0,U,244,
0x7100999cd8,U,388,
0x7100999e5c,U,552,
0x710099a084,U,948,
0x710099a51c,U,408,
0x710099a918,U,504,
0x710099ab10,U,700,
0x710099adcc,U,468,
0x710099afa0,U,96,
0x710099b14c,U,1132,
0x710099b5b8,U,1040,
0x710099b9c8,U,24,
0x710099b9e0,U,208,
0x710099bab0,U,1136,
0x710099c104,U,128,
0x710099c184,U,480,
0x710099c364,U,1468,
0x710099c920,U,24,
0x710099c93c,U,264,
0x710099cb34,U,36,
0x710099cb58,U,144,
0x710099cbe8,U,24,
0x710099cc00,U,148,
0x710099cc98,U,28,
0x710099cce8,U,28,
0x710099cd9c,U,28,
0x710099cf94,U,28,
0x710099cfe0,U,272,
0x710099d0f4,U,244,
0x710099d1ec,U,388,
0x710099d370,U,60,
0x710099d3ac,U,4,
0x710099d3d4,U,40,
0x710099d420,U,720,
0x710099d6f0,U,68,
0x710099d734,U,4,
0x710099d738,U,52,
0x710099d76c,U,244,
0x710099d860,U,148,
0x710099d8f4,U,476,
0x710099dad0,U,1096,
0x710099df18,U,2044,
0x710099e714,U,876,
0x710099ea80,U,928,
0x710099ee20,U,696,
0x710099f0d8,U,28,
0x710099f114,U,28,
0x710099f310,U,200,
0x710099f3e0,U,432,
0x710099f594,U,244,
0x710099f68c,U,388,
0x710099f814,U,244,
0x710099fbdc,U,388,
0x710099fd60,U,696,
0x71009a0018,U,108,
0x71009a0084,U,128,
0x71009a0104,U,496,
0x71009a02f4,U,1680,
0x71009a0984,U,764,
0x71009a0c80,U,688,
0x71009a0f30,U,1252,
0x71009a1f40,U,280,
0x71009a2060,U,1784,
0x71009a2a84,U,224,
0x71009a2b98,U,168,
0x71009a2c40,U,24,
0x71009a2d5c,U,28,
0x71009a2db0,U,28,
0x71009a3048,U,248,
0x71009a3140,U,248,
0x71009a3248,U,28,
0x71009a32d0,U,232,
0x71009a33bc,U,244,
0x71009a34b4,U,388,
0x71009a3638,U,56,
0x71009a3670,U,4,
0x71009a3a5c,U,28,
0x71009a3c54,U,28,
0x71009a3c80,U,160,
0x71009a3d24,U,244,
0x71009a3e1c,U,388,
0x71009a3fa0,U,56,
0x71009a3fd8,U,4,
0x71009a44a8,U,28,
0x71009a46a0,U,28,
0x71009a46c0,U,8,
0x71009a46d0,U,160,
0x71009a4774,U,244,
0x71009a486c,U,388,
0x71009a49f0,U,428,
0x71009a4b9c,U,384,
0x71009a4d20,U,244,
0x71009a5c60,U,388,
0x71009a5de4,U,696,
0x71009a609c,U,96,
0x71009a60fc,U,8,
0x71009a610c,U,188,
0x71009a61c8,U,292,
0x71009a6310,U,444,
0x71009a64cc,U,4240,
0x71009a755c,U,304,
0x71009a768c,U,848,
0x71009a79dc,U,1536,
0x71009a7fdc,U,924,
0x71009a8378,U,740,
0x71009a865c,U,128,
0x71009a8708,U,812,
0x71009a8a34,U,368,
0x71009a9434,U,500,
0x71009a9784,U,1340,
0x71009a9cdc,U,3516,
0x71009ab200,U,448,
0x71009ab3e8,U,292,
0x71009ab50c,U,4000,
0x71009ac4ac,U,332,
0x71009ac5f8,U,392,
0x71009ac780,U,628,
0x71009ac9f4,U,80,
0x71009aca44,U,736,
0x71009acd24,U,732,
0x71009ad000,U,1072,
0x71009ad430,U,16,
0x71009ad440,U,24,
0x71009ad458,U,220,
0x71009ad534,U,220,
0x71009ad610,U,388,
0x71009ad794,U,1664,
0x71009ade14,U,764,
0x71009ae110,U,848,
0x71009ae460,U,824,
0x71009ae798,U,20,
0x71009ae7ac,U,176,
0x71009ae8e8,U,108,
0x71009ae954,U,108,
0x71009ae9c0,U,108,
0x71009aea30,U,1416,
0x71009af1fc,U,28,
0x71009af344,U,28,
0x71009af398,U,28,
0x71009af428,U,264,
0x71009af530,U,264,
0x71009af638,U,420,
0x71009af7dc,U,420,
0x71009afa04,U,28,
0x71009afa90,U,684,
0x71009afd40,U,244,
0x71009afe38,U,388,
0x71009affbc,U,56,
0x71009afff4,U,4,
0x71009b0034,U,28,
0x71009b022c,U,28,
0x71009b0260,U,160,
0x71009b0304,U,244,
0x71009b03fc,U,388,
0x71009b0580,U,64,
0x71009b05c0,U,284,
0x71009b06dc,U,292,
0x71009b0800,U,200,
0x71009b08c8,U,508,
0x71009b0ac8,U,12,
0x71009b0ad4,U,8,
0x71009b0adc,U,244,
0x71009b0bd0,U,164,
0x71009b0c74,U,108,
0x71009b0ce4,U,60,
0x71009b0d24,U,512,
0x71009b12ec,U,188,
0x71009b13a8,U,784,
0x71009b16c0,U,76,
0x71009b170c,U,988,
0x71009b1ae8,U,792,
0x71009b1e08,U,8,
0x71009b1e14,U,856,
0x71009b2170,U,1088,
0x71009b2d0c,U,44,
0x71009b2d38,U,228,
0x71009b2e38,U,28,
0x71009b30e0,U,200,
0x71009b31ac,U,244,
0x71009b32a4,U,388,
0x71009b3460,U,60,
0x71009b349c,U,4,
0x71009b34c4,U,128,
0x71009b3584,U,28,
0x71009b35b8,U,28,
0x71009b37b0,U,160,
0x71009b3854,U,244,
0x71009b394c,U,388,
0x71009b3ad0,U,80,
0x71009b3b20,U,4,
0x71009b3b48,U,180,
0x71009b3d8c,U,100,
0x71009b3df0,U,336,
0x71009b3f40,U,1360,
0x71009b45a8,U,224,
0x71009b4688,U,800,
0x71009b49dc,U,372,
0x71009b4b50,U,656,
0x71009b4de0,U,1148,
0x71009b53f8,U,104,
0x71009b5460,U,176,
0x71009b5524,U,28,
0x71009b5720,U,160,
0x71009b57c4,U,244,
0x71009b598c,U,352,
0x71009b5aec,U,332,
0x71009b5c38,U,384,
0x71009b5de0,U,112,
0x71009b5f48,U,208,
0x71009b6568,U,1076,
0x71009b6ad4,U,144,
0x71009b6c50,U,28,
0x71009b6d18,U,28,
0x71009b6fb4,U,244,
0x71009b71b0,U,388,
0x71009b7334,U,124,
0x71009b73b0,U,132,
0x71009b7434,U,28,
0x71009b7460,U,28,
0x71009b7500,U,160,
0x71009b75a4,U,244,
0x71009b7830,U,360,
0x71009b7998,U,380,
0x71009b7b14,U,112,
0x71009b7c9c,U,320,
0x71009b7ddc,U,320,
0x71009b7f1c,U,220,
0x71009b7ff8,U,28,
0x71009b8014,U,308,
0x71009b81f0,U,508,
0x71009b83fc,U,28,
0x71009b84d0,U,240,
0x71009b85c0,U,160,
0x71009b8664,U,244,
0x71009b875c,U,388,
0x71009b88e0,U,48,
0x71009b8910,U,872,
0x71009b8c78,U,220,
0x71009b8d54,U,28,
0x71009b8d70,U,284,
0x71009b8f98,U,28,
0x71009b90b0,U,392,
0x71009b9238,U,324,
0x71009b937c,U,552,
0x71009b95b0,U,160,
0x71009b9654,U,244,
0x71009b9864,U,388,
0x71009b99e8,U,108,
0x71009b9a54,U,116,
0x71009b9aec,U,1020,
0x71009b9ee8,U,132,
0x71009b9f6c,U,692,
0x71009ba31c,U,24,
0x71009ba334,U,108,
0x71009ba3a0,U,108,
0x71009ba40c,U,28,
0x71009ba4ac,U,264,
0x71009ba5c4,U,28,
0x71009ba68c,U,428,
0x71009ba838,U,432,
0x71009bab28,U,244,
0x71009bae58,U,388,
0x71009bafdc,U,348,
0x71009bb138,U,196,
0x71009bb220,U,28,
0x71009bb24c,U,28,
0x71009bb2c0,U,160,
0x71009bb50c,U,384,
0x71009bb690,U,244,
0x71009bba54,U,388,
0x71009bbbd8,U,204,
0x71009bbca4,U,124,
0x71009bbd20,U,132,
0x71009bbda4,U,28,
0x71009bbe5c,U,28,
0x71009bc088,U,244,
0x71009bc180,U,388,
0x71009bc32c,U,28,
0x71009bc358,U,28,
0x71009bc3d0,U,160,
0x71009bc474,U,244,
0x71009bc56c,U,388,
0x71009bc718,U,28,
0x71009bc744,U,28,
0x71009bc7c0,U,160,
0x71009bc864,U,244,
0x71009bcaf0,U,352,
0x71009bcc50,U,380,
0x71009bcdf4,U,112,
0x71009bce64,U,320,
0x71009bcfa4,U,28,
0x71009bd054,U,28,
0x71009bd120,U,240,
0x71009bd210,U,160,
0x71009bd2b4,U,244,
0x71009bd3ac,U,388,
0x71009bd530,U,48,
0x71009bd560,U,328,
0x71009bd6a8,U,28,
0x71009bd6fc,U,28,
0x71009bd820,U,160,
0x71009bd8c0,U,160,
0x71009bd964,U,244,
0x71009bdfa4,U,360,
0x71009be10c,U,380,
0x71009be288,U,380,
0x71009be404,U,380,
0x71009be580,U,380,
0x71009be6fc,U,380,
0x71009be878,U,220,
0x71009be954,U,220,
0x71009bef38,U,220,
0x71009bf51c,U,220,
0x71009bf5f8,U,504,
0x71009bf7f0,U,312,
0x71009bf928,U,128,
0x71009bf9a8,U,320,
0x71009bfae8,U,612,
0x71009bfda8,U,556,
0x71009bffdc,U,2416,
0x71009c094c,U,8,
0x71009c0974,U,16,
0x71009c09a8,U,484,
0x71009c0b8c,U,24,
0x71009c0ba4,U,24,
0x71009c0bbc,U,52,
0x71009c0bf0,U,564,
0x71009c0e24,U,140,
0x71009c0eb0,U,108,
0x71009c0f1c,U,172,
0x71009c0fc8,U,360,
0x71009c1130,U,80,
0x71009c1180,U,340,
0x71009c12d4,U,116,
0x71009c1348,U,28,
0x71009c140c,U,168,
0x71009c14c4,U,172,
0x71009c1588,U,356,
0x71009c172c,U,368,
0x71009c189c,U,224,
0x71009c197c,U,364,
0x71009c1ae8,U,96,
0x71009c1b80,U,20,
0x71009c1be0,U,364,
0x71009c1d4c,U,96,
0x71009c1de4,U,20,
0x71009c1e44,U,364,
0x71009c1fb0,U,60,
0x71009c2024,U,20,
0x71009c2070,U,160,
0x71009c2110,U,196,
0x71009c229c,U,364,
0x71009c2408,U,60,
0x71009c247c,U,20,
0x71009c24c8,U,160,
0x71009c2568,U,196,
0x71009c26f4,U,348,
0x71009c2860,U,28,
0x71009c28b8,U,212,
0x71009c29f0,U,276,
0x71009c3034,U,160,
0x71009c3134,U,444,
0x71009c32f0,U,536,
0x71009c3508,U,80,
0x71009c3698,U,160,
0x71009c3910,U,80,
0x71009c3b78,U,284,
0x71009c3f34,U,116,
0x71009c3fa8,U,432,
0x71009c4158,U,432,
0x71009c4308,U,448,
0x71009c44c8,U,268,
0x71009c45d4,U,440,
0x71009c478c,U,368,
0x71009c4920,U,184,
0x71009c49d8,U,200,
0x71009c4aa0,U,536,
0x71009c4cb8,U,336,
0x71009c53f0,U,240,
0x71009c54e4,U,388,
0x71009c5668,U,428,
0x71009c5814,U,384,
0x71009c5994,U,144,
0x71009c5a24,U,148,
0x71009c5ab8,U,292,
0x71009c5bdc,U,64,
0x71009c5c1c,U,64,
0x71009c5c5c,U,40,
0x71009c5c84,U,20,
0x71009c5ca0,U,204,
0x71009c5d6c,U,1204,
0x71009c6220,U,1204,
0x71009c66d4,U,28,
0x71009c6740,U,28,
0x71009c6a94,U,244,
0x71009c6c28,U,360,
0x71009c6d90,U,380,
0x71009c6f0c,U,112,
0x71009c6fa4,U,320,
0x71009c70e4,U,28,
0x71009c71b8,U,28,
0x71009c734c,U,224,
0x71009c742c,U,84,
0x71009c7480,U,220,
0x71009c755c,U,84,
0x71009c75b0,U,220,
0x71009c768c,U,68,
0x71009c77f0,U,244,
0x71009c78e8,U,352,
0x71009c7a48,U,568,
0x71009c7c80,U,164,
0x71009c7d24,U,172,
0x71009c7dd0,U,28,
0x71009c7dec,U,120,
0x71009c7e78,U,28,
0x71009c7ed0,U,160,
0x71009c7f74,U,244,
0x71009c806c,U,352,
0x71009c81cc,U,328,
0x71009c8338,U,308,
0x71009c8574,U,28,
0x71009c8624,U,28,
0x71009c86a0,U,416,
0x71009c8840,U,160,
0x71009c88e4,U,244,
0x71009c91a8,U,388,
0x71009c932c,U,372,
0x71009c94a0,U,372,
0x71009c9614,U,372,
0x71009c9788,U,380,
0x71009c9904,U,216,
0x71009c99dc,U,340,
0x71009c9b54,U,28,
0x71009c9b80,U,28,
0x71009c9c14,U,196,
0x71009c9d00,U,196,
0x71009c9dec,U,196,
0x71009c9eb0,U,68,
0x71009c9fb0,U,160,
0x71009ca054,U,244,
0x71009ca14c,U,388,
0x71009ca2f8,U,112,
0x71009ca520,U,28,
0x71009ca5d0,U,28,
0x71009ca650,U,160,
0x71009ca6f4,U,244,
0x71009ca7ec,U,352,
0x71009ca94c,U,176,
0x71009ca9fc,U,1448,
0x71009cb530,U,468,
0x71009cb740,U,1668,
0x71009cbdc4,U,28,
0x71009cbe08,U,28,
0x71009cbe24,U,184,
0x71009cbef0,U,200,
0x71009cbfbc,U,244,
0x71009cc548,U,388,
0x71009cc6cc,U,560,
0x71009cc920,U,28,
0x71009cc94c,U,28,
0x71009cca60,U,160,
0x71009ccb04,U,244,
0x71009ccdf8,U,388,
0x71009ccf7c,U,260,
0x71009cd080,U,272,
0x71009cd1b4,U,272,
0x71009cd410,U,92,
0x71009cd46c,U,344,
0x71009cd5c4,U,144,
0x71009cd654,U,652,
0x71009cd8e0,U,256,
0x71009cd9e0,U,604,
0x71009cdc3c,U,12,
0x71009cdc48,U,12,
0x71009cdc54,U,8,
0x71009cdc98,U,92,
0x71009cdcf4,U,352,
0x71009cde54,U,728,
0x71009ce17c,U,280,
0x71009ce294,U,12,
0x71009ce2c8,U,28,
0x71009ce378,U,28,
0x71009ce420,U,160,
0x71009ce4c0,U,120,
0x71009ce53c,U,244,
0x71009cec58,U,352,
0x71009cedb8,U,180,
0x71009cee6c,U,180,
0x71009cef20,U,508,
0x71009cf11c,U,804,
0x71009cf440,U,744,
0x71009cf74c,U,24,
0x71009cf764,U,24,
0x71009cf780,U,232,
0x71009cf870,U,136,
0x71009cf8f8,U,760,
0x71009cfe98,U,632,
0x71009d0110,U,116,
0x71009d023c,U,456,
0x71009d0404,U,364,
0x71009d0644,U,2004,
0x71009d0e28,U,1724,
0x71009d16c4,U,1220,
0x71009d1b8c,U,2508,
0x71009d2558,U,1672,
0x71009d2be0,U,480,
0x71009d2dc0,U,872,
0x71009d3128,U,1620,
0x71009d377c,U,176,
0x71009d382c,U,16,
0x71009d383c,U,348,
0x71009d399c,U,28,
0x71009d3ac0,U,8,
0x71009d3ac8,U,8,
0x71009d3ad0,U,172,
0x71009d3b94,U,356,
0x71009d3cf8,U,204,
0x71009d3dc4,U,400,
0x71009d3f7c,U,348,
0x71009d40e8,U,28,
0x71009d42cc,U,28,
0x71009d42e8,U,304,
0x71009d4418,U,436,
0x71009d45d8,U,536,
0x71009d47f0,U,336,
0x71009d4940,U,208,
0x71009d4a10,U,368,
0x71009d4b80,U,24,
0x71009d4fe0,U,244,
0x71009d50d8,U,352,
0x71009d5354,U,28,
0x71009d5404,U,28,
0x71009d5460,U,160,
0x71009d5504,U,244,
0x71009d55fc,U,352,
0x71009d57d4,U,28,
0x71009d5884,U,28,
0x71009d58e0,U,160,
0x71009d5984,U,244,
0x71009d5b50,U,352,
0x71009d5cb0,U,272,
0x71009d5de4,U,80,
0x71009d5e34,U,56,
0x71009d5e84,U,168,
0x71009d5f2c,U,28,
0x71009d5fdc,U,28,
0x71009d6098,U,28,
0x71009d60c0,U,160,
0x71009d6164,U,244,
0x71009d625c,U,352,
0x71009d63bc,U,116,
0x71009d6638,U,1780,
0x71009d6d2c,U,2720,
0x71009d77cc,U,388,
0x71009d7954,U,28,
0x71009d7980,U,28,
0x71009d7a20,U,160,
0x71009d7c0c,U,384,
0x71009d7d8c,U,120,
0x71009d7e08,U,244,
0x71009d806c,U,352,
0x71009d81cc,U,416,
0x71009d83b8,U,908,
0x71009d8744,U,456,
0x71009d890c,U,644,
0x71009d8b90,U,60,
0x71009d8bcc,U,792,
0x71009d8ee4,U,64,
0x71009d8f24,U,28,
0x71009d907c,U,8,
0x71009d9084,U,8,
0x71009d908c,U,172,
0x71009d9150,U,356,
0x71009d92b4,U,204,
0x71009d93f4,U,348,
0x71009d9560,U,28,
0x71009d9638,U,24,
0x71009d9650,U,896,
0x71009d99d4,U,244,
0x71009d9acc,U,388,
0x71009d9c78,U,28,
0x71009d9ca4,U,28,
0x71009d9d20,U,160,
0x71009d9dc4,U,244,
0x71009d9ebc,U,388,
0x71009da364,U,548,
0x71009da588,U,684,
0x71009da834,U,192,
0x71009da8f4,U,968,
0x71009dacbc,U,480,
0x71009dae9c,U,600,
0x71009db0f4,U,492,
0x71009db2e0,U,472,
0x71009db4b8,U,472,
0x71009db690,U,496,
0x71009db880,U,460,
0x71009dba4c,U,28,
0x71009dbbb4,U,288,
0x71009dbce4,U,28,
0x71009dbdb8,U,308,
0x71009dbeec,U,480,
0x71009dc0cc,U,556,
0x71009dc3c0,U,244,
0x71009dd5dc,U,388,
0x71009dd760,U,696,
0x71009dda1c,U,244,
0x71009defcc,U,352,
0x71009df12c,U,180,
0x71009df1e0,U,332,
0x71009df32c,U,384,
0x71009df4ac,U,1492,
0x71009dfa80,U,1124,
0x71009dff24,U,132,
0x71009dffa8,U,440,
0x71009e0160,U,1220,
0x71009e070c,U,72,
0x71009e0754,U,1524,
0x71009e0d48,U,104,
0x71009e0db0,U,232,
0x71009e11c0,U,160,
0x71009e1260,U,112,
0x71009e12d0,U,64,
0x71009e1310,U,92,
0x71009e136c,U,36,
0x71009e1390,U,36,
0x71009e13b4,U,864,
0x71009e1714,U,2240,
0x71009e1fd4,U,1144,
0x71009e244c,U,812,
0x71009e2778,U,628,
0x71009e29ec,U,528,
0x71009e3320,U,644,
0x71009e4204,U,764,
0x71009e4598,U,692,
0x71009e4988,U,1428,
0x71009e4f1c,U,504,
0x71009e5114,U,200,
0x71009e51dc,U,312,
0x71009e5330,U,4356,
0x71009e6434,U,32,
0x71009e6454,U,560,
0x71009e6684,U,700,
0x71009e6940,U,132,
0x71009e69c4,U,316,
0x71009e6b00,U,1180,
0x71009e6f9c,U,64,
0x71009e6fdc,U,1008,
0x71009e73cc,U,384,
0x71009e754c,U,156,
0x71009e75e8,U,64,
0x71009e7628,U,204,
0x71009e76f4,U,300,
0x71009e7870,U,492,
0x71009e7a5c,U,284,
0x71009e7b78,U,220,
0x71009e7d4c,U,80,
0x71009e801c,U,508,
0x71009e8218,U,484,
0x71009e83fc,U,232,
0x71009e84e4,U,64,
0x71009e8524,U,108,
0x71009e8590,U,36,
0x71009e85b4,U,64,
0x71009e85f4,U,112,
0x71009e8664,U,132,
0x71009e87d0,U,2352,
0x71009e9100,U,336,
0x71009e9250,U,24,
0x71009e9268,U,296,
0x71009e9390,U,236,
0x71009e947c,U,580,
0x71009e972c,U,356,
0x71009e9acc,U,68,
0x71009e9b30,U,136,
0x71009e9bb8,U,1064,
0x71009e9fe0,U,144,
0x71009ea070,U,300,
0x71009ea19c,U,568,
0x71009ea3e4,U,640,
0x71009ea664,U,400,
0x71009ea7f4,U,660,
0x71009eaa88,U,900,
0x71009eae0c,U,32,
0x71009eae2c,U,332,
0x71009eaf78,U,712,
0x71009eb240,U,2456,
0x71009ebbd8,U,484,
0x71009ebdfc,U,8,
0x71009ebe04,U,100,
0x71009ebe68,U,112,
0x71009ebf5c,U,32,
0x71009ebf7c,U,32,
0x71009ec09c,U,1792,
0x71009ec7b4,U,408,
0x71009ecab0,U,20,
0x71009ecac4,U,504,
0x71009eccc0,U,152,
0x71009ecd58,U,64,
0x71009ecd98,U,380,
0x71009ecf14,U,32,
0x71009ecf34,U,292,
0x71009ed058,U,1068,
0x71009ed484,U,72,
0x71009ed4dc,U,16,
0x71009ed4ec,U,16,
0x71009ed53c,U,1152,
0x71009ed9bc,U,2356,
0x71009ee384,U,828,
0x71009ee6c0,U,1908,
0x71009eee34,U,240,
0x71009eef24,U,448,
0x71009ef110,U,3724,
0x71009eff9c,U,344,
0x71009f07e8,U,768,
0x71009f0ae8,U,28,
0x71009f0bdc,U,28,
0x71009f0c34,U,508,
0x71009f0e40,U,28,
0x71009f0ee4,U,28,
0x71009f0fc4,U,232,
0x71009f112c,U,24,
0x71009f115c,U,136,
0x71009f11e4,U,264,
0x71009f16ac,U,244,
0x71009f17a4,U,364,
0x71009f1910,U,60,
0x71009f194c,U,60,
0x71009f1988,U,36,
0x71009f19ac,U,4,
0x71009f19b0,U,52,
0x71009f1a04,U,28,
0x71009f1a40,U,28,
0x71009f1a80,U,160,
0x71009f1b24,U,244,
0x71009f1c1c,U,352,
0x71009f1d7c,U,232,
0x71009f1e64,U,216,
0x71009f2608,U,124,
0x71009f2684,U,28,
0x71009f26a0,U,280,
0x71009f27c0,U,28,
0x71009f2970,U,16,
0x71009f2980,U,160,
0x71009f2a24,U,244,
0x71009f2ddc,U,388,
0x71009f2f60,U,380,
0x71009f30ec,U,28,
0x71009f3108,U,200,
0x71009f31f4,U,28,
0x71009f3210,U,124,
0x71009f328c,U,132,
0x71009f3394,U,68,
0x71009f33d8,U,208,
0x71009f3510,U,160,
0x71009f35b0,U,432,
0x71009f3764,U,244,
0x71009f385c,U,388,
0x71009f39e0,U,128,
0x71009f3a60,U,128,
0x71009f3b68,U,144,
0x71009f3bf8,U,652,
0x71009f3e84,U,152,
0x71009f3f1c,U,356,
0x71009f4080,U,1036,
0x71009f45e4,U,1556,
0x71009f4bf8,U,288,
0x71009f4d18,U,560,
0x71009f4f48,U,688,
0x71009f51f8,U,632,
0x71009f5470,U,164,
0x71009f5514,U,28,
0x71009f55c4,U,28,
0x71009f5690,U,160,
0x71009f5730,U,456,
0x71009f58fc,U,244,
0x71009f59f4,U,388,
0x71009f5cc0,U,144,
0x71009f5d50,U,768,
0x71009f6050,U,188,
0x71009f6d40,U,2576,
0x71009f787c,U,1320,
0x71009f7da4,U,288,
0x71009f7ec4,U,432,
0x71009f8074,U,356,
0x71009f81d8,U,632,
0x71009f8450,U,224,
0x71009f8530,U,28,
0x71009f85e0,U,28,
0x71009f8710,U,200,
0x71009f87dc,U,244,
0x71009f8964,U,352,
0x71009f8ac4,U,264,
0x71009f8bcc,U,164,
0x71009f8c70,U,172,
0x71009f8d1c,U,84,
0x71009f8d70,U,28,
0x71009f8d9c,U,28,
0x71009f8df0,U,160,
0x71009f8e94,U,244,
0x71009f8f8c,U,388,
0x71009f92d0,U,8,
0x71009f92e4,U,676,
0x71009f9588,U,324,
0x71009f96cc,U,28,
0x71009f977c,U,28,
0x71009f9820,U,160,
0x71009f98c4,U,240,
0x71009f9bdc,U,388,
0x71009f9d60,U,36,
0x71009f9d84,U,4,
0x71009f9d8c,U,52,
0x71009f9dc0,U,232,
0x71009f9ea8,U,496,
0x71009fa098,U,204,
0x71009fa164,U,1944,
0x71009fa8fc,U,48,
0x71009fa92c,U,220,
0x71009faa08,U,220,
0x71009faae4,U,220,
0x71009fabc0,U,220,
0x71009fac9c,U,220,
0x71009fb0fc,U,388,
0x71009fb280,U,220,
0x71009fb6e0,U,388,
0x71009fb864,U,220,
0x71009fb940,U,480,
0x71009fbb20,U,28,
0x71009fbb3c,U,368,
0x71009fbcac,U,104,
0x71009fbd4c,U,20,
0x71009fbdac,U,368,
0x71009fbf1c,U,104,
0x71009fbfbc,U,20,
0x71009fc01c,U,352,
0x71009fc17c,U,104,
0x71009fc228,U,20,
0x71009fc2bc,U,360,
0x71009fc424,U,88,
0x71009fc4b4,U,20,
0x71009fc514,U,360,
0x71009fc67c,U,88,
0x71009fc70c,U,20,
0x71009fc76c,U,364,
0x71009fc8d8,U,60,
0x71009fc918,U,112,
0x71009fc9a4,U,20,
0x71009fca64,U,176,
0x71009fcb14,U,176,
0x71009fcbc4,U,364,
0x71009fcd30,U,60,
0x71009fcd70,U,112,
0x71009fcdfc,U,20,
0x71009fcebc,U,176,
0x71009fcf6c,U,176,
0x71009fd03c,U,28,
0x71009fd318,U,80,
0x71009fd368,U,84,
0x71009fd4cc,U,80,
0x71009fd51c,U,84,
0x71009fd578,U,100,
0x71009fd814,U,144,
0x71009fd95c,U,612,
0x71009fdbc0,U,564,
0x71009fde14,U,260,
0x71009fdf18,U,268,
0x71009fe390,U,244,
0x71009fe9cc,U,388,
0x71009fed3c,U,1584,
0x71009ff36c,U,456,
0x71009ff534,U,28,
0x71009ff564,U,28,
0x71009ff680,U,160,
0x71009ff724,U,244,
0x71009ffae4,U,388,
0x71009ffe3c,U,28,
0x71009ffe6c,U,28,
0x71009fff70,U,160,
0x7100a00014,U,244,
0x7100a017e0,U,388,
0x7100a01964,U,380,
0x7100a01ae0,U,380,
0x7100a01c5c,U,380,
0x7100a01dd8,U,380,
0x7100a01f54,U,380,
0x7100a020d0,U,380,
0x7100a0224c,U,380,
0x7100a023c8,U,376,
0x7100a02540,U,180,
0x7100a025f4,U,180,
0x7100a026a8,U,180,
0x7100a0275c,U,180,
0x7100a02810,U,180,
0x7100a028c4,U,912,
0x7100a02c54,U,992,
0x7100a03058,U,24,
0x7100a03070,U,48,
0x7100a030a0,U,56,
0x7100a030d8,U,60,
0x7100a03118,U,1008,
0x7100a0350c,U,644,
0x7100a03790,U,644,
0x7100a03a14,U,2044,
0x7100a04210,U,208,
0x7100a042e0,U,440,
0x7100a04498,U,124,
0x7100a04514,U,472,
0x7100a046ec,U,24,
0x7100a04704,U,92,
0x7100a04768,U,868,
0x7100a04ae0,U,232,
0x7100a04be8,U,28,
0x7100a04ca4,U,28,
0x7100a04d10,U,68,
0x7100a04e10,U,68,
0x7100a04f10,U,68,
0x7100a05010,U,68,
0x7100a05110,U,68,
0x7100a051b8,U,68,
0x7100a0536c,U,220,
0x7100a05448,U,360,
0x7100a055b0,U,88,
0x7100a05640,U,20,
0x7100a05a0c,U,244,
0x7100a05b04,U,368,
0x7100a05ca0,U,548,
0x7100a0610c,U,448,
0x7100a064c4,U,520,
0x7100a066cc,U,28,
0x7100a0677c,U,28,
0x7100a06810,U,160,
0x7100a068b4,U,244,
0x7100a069ac,U,388,
0x7100a06b34,U,244,
0x7100a06e64,U,388,
0x7100a0701c,U,696,
0x7100a072d4,U,124,
0x7100a07350,U,132,
0x7100a073dc,U,140,
0x7100a0746c,U,580,
0x7100a076b0,U,380,
0x7100a0782c,U,508,
0x7100a07a90,U,196,
0x7100a07b58,U,56,
0x7100a07b90,U,28,
0x7100a07c30,U,28,
0x7100a07c98,U,28,
0x7100a07d3c,U,28,
0x7100a07d58,U,100,
0x7100a07de0,U,280,
0x7100a07efc,U,244,
0x7100a081b4,U,388,
0x7100a08338,U,124,
0x7100a083b4,U,132,
0x7100a08438,U,28,
0x7100a08464,U,28,
0x7100a08480,U,200,
0x7100a08570,U,160,
0x7100a08610,U,120,
0x7100a0868c,U,244,
0x7100a08bfc,U,352,
0x7100a08d5c,U,772,
0x7100a09060,U,636,
0x7100a09710,U,456,
0x7100a098d8,U,112,
0x7100a09948,U,688,
0x7100a09cd4,U,680,
0x7100a09f7c,U,272,
0x7100a0a08c,U,512,
0x7100a0a28c,U,68,
0x7100a0a2d0,U,12,
0x7100a0a2dc,U,680,
0x7100a0ac7c,U,100,
0x7100a0ace0,U,100,
0x7100a0ad44,U,56,
0x7100a0ad9c,U,436,
0x7100a0af50,U,516,
0x7100a0b154,U,812,
0x7100a0bab4,U,316,
0x7100a0bbf0,U,752,
0x7100a0c4e4,U,296,
0x7100a0c60c,U,536,
0x7100a0c900,U,604,
0x7100a0cb5c,U,308,
0x7100a0cc90,U,28,
0x7100a0cdb0,U,8,
0x7100a0cdb8,U,8,
0x7100a0cdc0,U,172,
0x7100a0ce84,U,356,
0x7100a0cfe8,U,204,
0x7100a0d0b4,U,348,
0x7100a0d220,U,28,
0x7100a0d374,U,164,
0x7100a0d480,U,88,
0x7100a0d628,U,64,
0x7100a0d718,U,264,
0x7100a0d820,U,412,
0x7100a0d9c0,U,244,
0x7100a0dab8,U,388,
0x7100a0dc3c,U,104,
0x7100a0dca4,U,160,
0x7100a0dd44,U,500,
0x7100a0df38,U,124,
0x7100a0e074,U,276,
0x7100a0e310,U,612,
0x7100a0e574,U,28,
0x7100a0e624,U,28,
0x7100a0e79c,U,336,
0x7100a0ea10,U,60,
0x7100a0ecd0,U,140,
0x7100a0ed5c,U,516,
0x7100a0f210,U,208,
0x7100a0f2e0,U,156,
0x7100a0f37c,U,16,
0x7100a0f390,U,140,
0x7100a0f420,U,244,
0x7100a0f518,U,388,
0x7100a0f69c,U,188,
0x7100a0f758,U,92,
0x7100a0fcc4,U,128,
0x7100a0fd44,U,28,
0x7100a0fdf4,U,28,
0x7100a0fe10,U,120,
0x7100a0feac,U,324,
0x7100a0fff0,U,760,
0x7100a102e8,U,368,
0x7100a10460,U,284,
0x7100a10580,U,244,
0x7100a10678,U,364,
0x7100a107e4,U,24,
0x7100a107fc,U,48,
0x7100a1082c,U,4,
0x7100a1088c,U,28,
0x7100a1093c,U,28,
0x7100a10ab8,U,244,
0x7100a10c40,U,388,
0x7100a10dc4,U,196,
0x7100a10e88,U,124,
0x7100a10f04,U,132,
0x7100a10fd0,U,28,
0x7100a11088,U,28,
0x7100a11100,U,320,
0x7100a11244,U,244,
0x7100a1155c,U,388,
0x7100a118d8,U,28,
0x7100a11988,U,28,
0x7100a11a10,U,160,
0x7100a11bfc,U,384,
0x7100a11ec8,U,384,
0x7100a1204c,U,244,
0x7100a124c4,U,388,
0x7100a12648,U,372,
0x7100a1285c,U,148,
0x7100a128f0,U,564,
0x7100a12b24,U,212,
0x7100a12bf8,U,1084,
0x7100a13280,U,100,
0x7100a132e4,U,28,
0x7100a134ac,U,28,
0x7100a13530,U,72,
0x7100a138a0,U,428,
0x7100a13a4c,U,384,
0x7100a13bd0,U,244,
0x7100a13e40,U,352,
0x7100a13fa0,U,244,
0x7100a14094,U,252,
0x7100a141e8,U,736,
0x7100a144c8,U,208,
0x7100a14598,U,16,
0x7100a145a8,U,296,
0x7100a146d0,U,28,
0x7100a14810,U,28,
0x7100a14aac,U,332,
0x7100a14bf8,U,384,
0x7100a14d7c,U,244,
0x7100a14f40,U,352,
0x7100a150c8,U,28,
0x7100a15204,U,28,
0x7100a15414,U,332,
0x7100a15560,U,384,
0x7100a1588c,U,384,
0x7100a15a10,U,244,
0x7100a16010,U,352,
0x7100a16170,U,364,
0x7100a16450,U,224,
0x7100a166d4,U,872,
0x7100a16abc,U,280,
0x7100a16bd4,U,124,
0x7100a16c50,U,1344,
0x7100a17190,U,1176,
0x7100a17628,U,516,
0x7100a1782c,U,92,
0x7100a17888,U,28,
0x7100a17a50,U,28,
0x7100a17a6c,U,176,
0x7100a17de4,U,244,
0x7100a17edc,U,352,
0x7100a18fec,U,28,
0x7100a1909c,U,28,
0x7100a19140,U,248,
0x7100a1923c,U,244,
0x7100a193d0,U,352,
0x7100a19530,U,380,
0x7100a196ac,U,216,
0x7100a19784,U,224,
0x7100a19864,U,28,
0x7100a19914,U,28,
0x7100a19aa0,U,160,
0x7100a19b44,U,244,
0x7100a1a088,U,352,
0x7100a1a1e8,U,372,
0x7100a1a35c,U,372,
0x7100a1a4d0,U,164,
0x7100a1a620,U,28,
0x7100a1a63c,U,444,
0x7100a1a8b0,U,28,
0x7100a1a9bc,U,524,
0x7100a1ac28,U,524,
0x7100a1ae70,U,160,
0x7100a1af14,U,244,
0x7100a1b0d8,U,352,
0x7100a1b2e4,U,372,
0x7100a1b458,U,296,
0x7100a1b5e8,U,28,
0x7100a1b698,U,28,
0x7100a1b710,U,160,
0x7100a1b7b4,U,244,
0x7100a1bd98,U,352,
0x7100a1bef8,U,372,
0x7100a1c06c,U,372,
0x7100a1c1e0,U,452,
0x7100a1c460,U,28,
0x7100a1c510,U,28,
0x7100a1c634,U,524,
0x7100a1c8a0,U,524,
0x7100a1caf0,U,160,
0x7100a1cd3c,U,384,
0x7100a1cec0,U,244,
0x7100a1d084,U,388,
0x7100a1d23c,U,356,
0x7100a1d3a0,U,28,
0x7100a1d4dc,U,28,
0x7100a1d550,U,436,
0x7100a1d708,U,244,
0x7100a1d800,U,352,
0x7100a1d988,U,28,
0x7100a1da38,U,28,
0x7100a1daa0,U,160,
0x7100a1db44,U,244,
0x7100a1e098,U,388,
0x7100a1e21c,U,696,
0x7100a1e4d8,U,244,
0x7100a1ee98,U,352,
0x7100a1eff8,U,180,
0x7100a1f0ac,U,380,
0x7100a1f228,U,380,
0x7100a1f3a4,U,380,
0x7100a1f8cc,U,16,
0x7100a1f998,U,256,
0x7100a1fa98,U,844,
0x7100a1feac,U,108,
0x7100a1ff18,U,100,
0x7100a1ff7c,U,28,
0x7100a2001c,U,28,
0x7100a2006c,U,28,
0x7100a20100,U,28,
0x7100a2011c,U,196,
0x7100a20438,U,540,
0x7100a20654,U,336,
0x7100a208b8,U,244,
0x7100a209b0,U,352,
0x7100a20b10,U,336,
0x7100a20c60,U,248,
0x7100a20d7c,U,132,
0x7100a20f64,U,356,
0x7100a21140,U,876,
0x7100a214fc,U,324,
0x7100a217d8,U,28,
0x7100a21804,U,28,
0x7100a21860,U,160,
0x7100a21a4c,U,384,
0x7100a21fc8,U,388,
0x7100a2214c,U,1008,
0x7100a2253c,U,388,
0x7100a226c4,U,244,
0x7100a22b80,U,372,
0x7100a22cf4,U,876,
0x7100a23060,U,272,
0x7100a23208,U,24,
0x7100a232d4,U,1568,
0x7100a238f4,U,232,
0x7100a24134,U,144,
0x7100a24204,U,248,
0x7100a242fc,U,28,
0x7100a245a0,U,28,
0x7100a24a50,U,160,
0x7100a24c3c,U,384,
0x7100a25258,U,388,
0x7100a253dc,U,1168,
0x7100a2586c,U,388,
0x7100a259f4,U,244,
0x7100a26088,U,372,
0x7100a261fc,U,796,
0x7100a26518,U,400,
0x7100a26740,U,24,
0x7100a26828,U,1576,
0x7100a279fc,U,268,
0x7100a27d6c,U,28,
0x7100a27e0c,U,168,
0x7100a27eb4,U,8,
0x7100a27ebc,U,8,
0x7100a27ec4,U,172,
0x7100a27f88,U,356,
0x7100a282a8,U,28,
0x7100a28800,U,244,
0x7100a288f8,U,352,
0x7100a28af0,U,28,
0x7100a28ba0,U,28,
0x7100a28c00,U,160,
0x7100a28ca4,U,244,
0x7100a28d9c,U,352,
0x7100a28efc,U,64,
0x7100a28f3c,U,76,
0x7100a28f88,U,84,
0x7100a28fdc,U,80,
0x7100a2902c,U,56,
0x7100a290a8,U,220,
0x7100a2918c,U,212,
0x7100a29260,U,220,
0x7100a2933c,U,220,
0x7100a29418,U,28,
0x7100a294c8,U,28,
0x7100a29610,U,244,
0x7100a29708,U,352,
0x7100a29cac,U,28,
0x7100a29d5c,U,28,
0x7100a29dc0,U,160,
0x7100a2a00c,U,384,
0x7100a2a190,U,244,
0x7100a2a838,U,352,
0x7100a2a998,U,380,
0x7100a2ab14,U,104,
0x7100a2ab7c,U,612,
0x7100a2ade0,U,628,
0x7100a2b564,U,596,
0x7100a2b7b8,U,496,
0x7100a2babc,U,144,
0x7100a2bb4c,U,240,
0x7100a2bc3c,U,600,
0x7100a2be94,U,396,
0x7100a2c13c,U,196,
0x7100a2c200,U,800,
0x7100a2caac,U,208,
0x7100a2cb7c,U,608,
0x7100a2cddc,U,524,
0x7100a2cfe8,U,108,
0x7100a2d054,U,476,
0x7100a2d230,U,464,
0x7100a2d400,U,200,
0x7100a2d4c8,U,8,
0x7100a2d4d0,U,8,
0x7100a2d4d8,U,116,
0x7100a2d54c,U,116,
0x7100a2d5c0,U,28,
0x7100a2d678,U,500,
0x7100a2d8dc,U,28,
0x7100a2d930,U,220,
0x7100a2da0c,U,424,
0x7100a2dbec,U,412,
0x7100a2ddec,U,504,
0x7100a2e108,U,28,
0x7100a2e124,U,4,
0x7100a2e128,U,4,
0x7100a2e12c,U,124,
0x7100a2e1a8,U,336,
0x7100a2e300,U,12,
0x7100a2e30c,U,404,
0x7100a2e4a0,U,452,
0x7100a2e664,U,336,
0x7100a2e7b4,U,608,
0x7100a2ec4c,U,244,
0x7100a2eec0,U,372,
0x7100a2f034,U,244,
0x7100a2f128,U,252,
0x7100a2f2fc,U,28,
0x7100a2f3ac,U,28,
0x7100a2f3c8,U,144,
0x7100a2f480,U,160,
0x7100a2f524,U,244,
0x7100a2f61c,U,388,
0x7100a2f7a4,U,244,
0x7100a2fcb8,U,372,
0x7100a2ffcc,U,944,
0x7100a3037c,U,940,
0x7100a30784,U,28,
0x7100a307b0,U,28,
0x7100a30844,U,28,
0x7100a30894,U,28,
0x7100a30948,U,340,
0x7100a30a9c,U,360,
0x7100a30c10,U,192,
0x7100a30cd4,U,244,
0x7100a31218,U,352,
0x7100a31378,U,220,
0x7100a31454,U,220,
0x7100a318b4,U,388,
0x7100a31a38,U,220,
0x7100a31e98,U,388,
0x7100a3201c,U,220,
0x7100a320f8,U,500,
0x7100a322ec,U,220,
0x7100a323c8,U,220,
0x7100a32828,U,388,
0x7100a329ac,U,220,
0x7100a32e0c,U,388,
0x7100a32f90,U,220,
0x7100a3306c,U,500,
0x7100a33260,U,188,
0x7100a3331c,U,196,
0x7100a33590,U,28,
0x7100a335ac,U,364,
0x7100a33718,U,96,
0x7100a337b0,U,20,
0x7100a33810,U,364,
0x7100a3397c,U,96,
0x7100a33a14,U,20,
0x7100a33a74,U,364,
0x7100a33be0,U,60,
0x7100a33c78,U,20,
0x7100a33db4,U,364,
0x7100a33f20,U,60,
0x7100a33fb8,U,20,
0x7100a340f4,U,364,
0x7100a34260,U,96,
0x7100a342f8,U,20,
0x7100a34358,U,364,
0x7100a344c4,U,96,
0x7100a3455c,U,20,
0x7100a345bc,U,364,
0x7100a34728,U,60,
0x7100a347c0,U,20,
0x7100a348fc,U,364,
0x7100a34a68,U,60,
0x7100a34b00,U,20,
0x7100a34c50,U,28,
0x7100a34c6c,U,172,
0x7100a34f8c,U,80,
0x7100a35158,U,80,
0x7100a35390,U,196,
0x7100a354d0,U,192,
0x7100a3593c,U,336,
0x7100a35aac,U,168,
0x7100a35b54,U,176,
0x7100a35e6c,U,80,
0x7100a36038,U,80,
0x7100a36270,U,196,
0x7100a363b0,U,192,
0x7100a3681c,U,336,
0x7100a3698c,U,168,
0x7100a36a34,U,176,
0x7100a37018,U,244,
0x7100a37430,U,352,
0x7100a37590,U,124,
0x7100a3760c,U,132,
0x7100a37758,U,28,
0x7100a37788,U,28,
0x7100a377a4,U,80,
0x7100a37800,U,160,
0x7100a37aac,U,384,
0x7100a37dcc,U,388,
0x7100a37f50,U,220,
0x7100a3802c,U,220,
0x7100a3848c,U,388,
0x7100a38610,U,220,
0x7100a38a70,U,388,
0x7100a38bf4,U,220,
0x7100a38cd0,U,500,
0x7100a38ec8,U,244,
0x7100a390f8,U,352,
0x7100a39740,U,28,
0x7100a39774,U,364,
0x7100a398e0,U,96,
0x7100a39978,U,20,
0x7100a399d8,U,364,
0x7100a39b44,U,96,
0x7100a39bdc,U,20,
0x7100a39c3c,U,364,
0x7100a39da8,U,60,
0x7100a39e20,U,20,
0x7100a39e74,U,248,
0x7100a39fec,U,492,
0x7100a3a1d8,U,364,
0x7100a3a344,U,60,
0x7100a3a3bc,U,20,
0x7100a3a410,U,248,
0x7100a3a588,U,492,
0x7100a3a878,U,212,
0x7100a3a94c,U,44,
0x7100a3a978,U,224,
0x7100a3aa58,U,84,
0x7100a3aaac,U,152,
0x7100a3ab74,U,128,
0x7100a3abf4,U,248,
0x7100a3ade0,U,288,
0x7100a3af00,U,80,
0x7100a3afbc,U,248,
0x7100a3b0c4,U,420,
0x7100a3b268,U,80,
0x7100a3b374,U,364,
0x7100a3b4e0,U,432,
0x7100a3b86c,U,116,
0x7100a3b8e0,U,432,
0x7100a3ba90,U,312,
0x7100a3bbc8,U,360,
0x7100a3bd30,U,696,
0x7100a3bfe8,U,560,
0x7100a3c218,U,588,
0x7100a3c488,U,316,
0x7100a3c5c4,U,328,
0x7100a3c720,U,28,
0x7100a3cc34,U,244,
0x7100a3cd2c,U,352,
0x7100a3ceb4,U,120,
0x7100a3cf2c,U,28,
0x7100a3cf5c,U,28,
0x7100a3cfc0,U,160,
0x7100a3d064,U,244,
0x7100a3d15c,U,352,
0x7100a3d2e4,U,144,
0x7100a3d374,U,28,
0x7100a3d3a4,U,28,
0x7100a3d400,U,160,
0x7100a3d4a4,U,244,
0x7100a3d670,U,352,
0x7100a3d7d0,U,300,
0x7100a3da50,U,276,
0x7100a3db64,U,28,
0x7100a3db94,U,28,
0x7100a3dca0,U,160,
0x7100a3dd44,U,244,
0x7100a3df38,U,352,
0x7100a3e0c0,U,60,
0x7100a3e0fc,U,28,
0x7100a3e12c,U,28,
0x7100a3e190,U,160,
0x7100a3e234,U,244,
0x7100a3e500,U,352,
0x7100a3e660,U,124,
0x7100a3e6dc,U,132,
0x7100a3e7b0,U,28,
0x7100a3e7e0,U,28,
0x7100a3e870,U,160,
0x7100a3e914,U,244,
0x7100a3eb7c,U,352,
0x7100a3ecdc,U,176,
0x7100a3ed8c,U,444,
0x7100a3ef6c,U,304,
0x7100a3f09c,U,28,
0x7100a3f0cc,U,28,
0x7100a3f1b0,U,160,
0x7100a3f254,U,244,
0x7100a3f564,U,352,
0x7100a3f6c4,U,260,
0x7100a3f7c8,U,28,
0x7100a3f7e4,U,244,
0x7100a3f8d8,U,252,
0x7100a3f9e8,U,28,
0x7100a3fab0,U,160,
0x7100a3fb54,U,244,
0x7100a3fcdc,U,352,
0x7100a3fe3c,U,216,
0x7100a3ff14,U,224,
0x7100a400c4,U,28,
0x7100a400f4,U,28,
0x7100a40170,U,160,
0x7100a40214,U,244,
0x7100a406c4,U,352,
0x7100a40824,U,208,
0x7100a408f4,U,124,
0x7100a40970,U,132,
0x7100a40acc,U,28,
0x7100a40afc,U,28,
0x7100a40b30,U,160,
0x7100a40d1c,U,384,
0x7100a40ea0,U,244,
0x7100a412b0,U,352,
0x7100a41410,U,268,
0x7100a4151c,U,320,
0x7100a418f4,U,28,
0x7100a419b0,U,28,
0x7100a41b98,U,244,
0x7100a41dc4,U,352,
0x7100a41f24,U,196,
0x7100a41fe8,U,124,
0x7100a42064,U,132,
0x7100a4212c,U,28,
0x7100a4215c,U,28,
0x7100a42190,U,160,
0x7100a42234,U,244,
0x7100a426a0,U,352,
0x7100a4299c,U,392,
0x7100a42c6c,U,28,
0x7100a42c9c,U,28,
0x7100a42cd0,U,160,
0x7100a42d74,U,244,
0x7100a42f34,U,388,
0x7100a430bc,U,244,
0x7100a433b4,U,388,
0x7100a43538,U,120,
0x7100a435b0,U,400,
0x7100a43764,U,116,
0x7100a4386c,U,456,
0x7100a43a34,U,1096,
0x7100a43e7c,U,252,
0x7100a43f78,U,252,
0x7100a44074,U,732,
0x7100a44350,U,120,
0x7100a443c8,U,512,
0x7100a446e4,U,64,
0x7100a44724,U,68,
0x7100a449e0,U,28,
0x7100a44b00,U,8,
0x7100a44b08,U,8,
0x7100a44b10,U,172,
0x7100a44bd4,U,356,
0x7100a44d38,U,204,
0x7100a44e14,U,28,
0x7100a44ea4,U,28,
0x7100a44ef4,U,28,
0x7100a44ff4,U,348,
0x7100a45160,U,692,
0x7100a45418,U,244,
0x7100a45510,U,388,
0x7100a45698,U,244,
0x7100a458d0,U,352,
0x7100a45a30,U,84,
0x7100a45a84,U,56,
0x7100a45ac4,U,488,
0x7100a45cac,U,68,
0x7100a45cec,U,4,
0x7100a45cf0,U,272,
0x7100a45e00,U,260,
0x7100a45f04,U,4,
0x7100a45f08,U,160,
0x7100a45fa8,U,28,
0x7100a45fd4,U,28,
0x7100a46068,U,28,
0x7100a460b8,U,28,
0x7100a461c4,U,244,
0x7100a462bc,U,388,
0x7100a46444,U,244,
0x7100a46810,U,360,
0x7100a46978,U,180,
0x7100a46a68,U,252,
0x7100a46b64,U,632,
0x7100a46e00,U,116,
0x7100a46e74,U,4,
0x7100a46e78,U,252,
0x7100a46f74,U,4,
0x7100a46f7c,U,180,
0x7100a47034,U,180,
0x7100a470e8,U,60,
0x7100a47124,U,4,
0x7100a47128,U,60,
0x7100a47164,U,4,
0x7100a4716c,U,4,
0x7100a47170,U,476,
0x7100a4734c,U,428,
0x7100a474f8,U,104,
0x7100a47560,U,1008,
0x7100a47950,U,976,
0x7100a47d20,U,104,
0x7100a47d88,U,120,
0x7100a47e00,U,264,
0x7100a47f08,U,2000,
0x7100a486d8,U,700,
0x7100a48994,U,460,
0x7100a48b60,U,220,
0x7100a48c3c,U,428,
0x7100a48de8,U,504,
0x7100a48fe0,U,524,
0x7100a491ec,U,28,
0x7100a49218,U,28,
0x7100a492ac,U,28,
0x7100a492fc,U,28,
0x7100a49318,U,260,
0x7100a495e4,U,344,
0x7100a49840,U,244,
0x7100a4a2c4,U,388,
0x7100a4a448,U,380,
0x7100a4a5c4,U,864,
0x7100a4a924,U,388,
0x7100a4aaac,U,244,
0x7100a4ac34,U,372,
0x7100a4add0,U,396,
0x7100a4b03c,U,28,
0x7100a4b068,U,28,
0x7100a4b100,U,320,
0x7100a4b240,U,28,
0x7100a4b25c,U,344,
0x7100a4b3d8,U,68,
0x7100a4b41c,U,264,
0x7100a4b5c4,U,28,
0x7100a4b7c8,U,244,
0x7100a4ba04,U,352,
0x7100a4bb64,U,244,
0x7100a4bc58,U,252,
0x7100a4c170,U,504,
0x7100a4c38c,U,184,
0x7100a4c444,U,352,
0x7100a4c780,U,132,
0x7100a4c804,U,476,
0x7100a4c9e8,U,28,
0x7100a4ca90,U,120,
0x7100a4cb08,U,104,
0x7100a4cb80,U,28,
0x7100a4d014,U,384,
0x7100a4d198,U,244,
0x7100a4d360,U,352,
0x7100a4d710,U,28,
0x7100a4d7cc,U,28,
0x7100a4d9e8,U,244,
0x7100a4dbb4,U,352,
0x7100a4e2d0,U,28,
0x7100a4e300,U,28,
0x7100a4e360,U,160,
0x7100a4e66c,U,384,
0x7100a4e938,U,384,
0x7100a4eabc,U,244,
0x7100a4eea8,U,352,
0x7100a4f008,U,452,
0x7100a4f4a0,U,28,
0x7100a4f5e8,U,28,
0x7100a4f984,U,244,
0x7100a4fbf8,U,352,
0x7100a4fe84,U,28,
0x7100a4feb4,U,28,
0x7100a4ff10,U,160,
0x7100a4ffb4,U,244,
0x7100a503a8,U,352,
0x7100a50508,U,68,
0x7100a5054c,U,76,
0x7100a506a8,U,220,
0x7100a50784,U,28,
0x7100a507b4,U,28,
0x7100a507d0,U,88,
0x7100a50840,U,160,
0x7100a50a2c,U,384,
0x7100a50bb0,U,244,
0x7100a50ebc,U,352,
0x7100a5101c,U,244,
0x7100a51110,U,252,
0x7100a514dc,U,28,
0x7100a51598,U,28,
0x7100a51808,U,244,
0x7100a51a6c,U,352,
0x7100a51bcc,U,244,
0x7100a51cc0,U,252,
0x7100a51e54,U,28,
0x7100a51e84,U,28,
0x7100a51f30,U,160,
0x7100a51fd4,U,244,
0x7100a522dc,U,352,
0x7100a5243c,U,492,
0x7100a527f8,U,1136,
0x7100a52c68,U,60,
0x7100a52ca4,U,220,
0x7100a52d80,U,28,
0x7100a52db0,U,28,
0x7100a52f00,U,160,
0x7100a52fa4,U,244,
0x7100a532ac,U,352,
0x7100a5340c,U,252,
0x7100a53508,U,588,
0x7100a53778,U,4,
0x7100a5377c,U,2028,
0x7100a53f68,U,200,
0x7100a54030,U,28,
0x7100a54060,U,28,
0x7100a54184,U,24,
0x7100a541a0,U,160,
0x7100a54244,U,244,
0x7100a54408,U,352,
0x7100a545e8,U,28,
0x7100a54618,U,28,
0x7100a54680,U,160,
0x7100a54724,U,240,
0x7100a54818,U,372,
0x7100a5498c,U,220,
0x7100a54a68,U,220,
0x7100a54b44,U,220,
0x7100a54c20,U,220,
0x7100a55080,U,388,
0x7100a55204,U,220,
0x7100a55664,U,388,
0x7100a557e8,U,220,
0x7100a558c4,U,480,
0x7100a55aa4,U,20,
0x7100a55ab8,U,4,
0x7100a55ac0,U,8,
0x7100a55ac8,U,4,
0x7100a55acc,U,4,
0x7100a55ad0,U,28,
0x7100a55aec,U,368,
0x7100a55c5c,U,104,
0x7100a55cfc,U,20,
0x7100a55d5c,U,352,
0x7100a55ebc,U,104,
0x7100a55f68,U,20,
0x7100a55ffc,U,360,
0x7100a56164,U,88,
0x7100a561f4,U,20,
0x7100a56254,U,360,
0x7100a563bc,U,88,
0x7100a5644c,U,20,
0x7100a564ac,U,364,
0x7100a56618,U,60,
0x7100a56658,U,112,
0x7100a566e4,U,20,
0x7100a567a4,U,176,
0x7100a56854,U,176,
0x7100a56904,U,364,
0x7100a56a70,U,60,
0x7100a56ab0,U,112,
0x7100a56b3c,U,20,
0x7100a56bfc,U,176,
0x7100a56cac,U,176,
0x7100a56d7c,U,28,
0x7100a57018,U,80,
0x7100a57068,U,84,
0x7100a571cc,U,80,
0x7100a5721c,U,84,
0x7100a57278,U,100,
0x7100a57514,U,144,
0x7100a5765c,U,612,
0x7100a578e0,U,260,
0x7100a579e4,U,268,
0x7100a57af0,U,840,
0x7100a57e3c,U,244,
0x7100a58448,U,352,
0x7100a58760,U,496,
0x7100a58cac,U,220,
0x7100a58d88,U,220,
0x7100a58e64,U,28,
0x7100a58e80,U,436,
0x7100a59048,U,28,
0x7100a59120,U,160,
0x7100a591c4,U,244,
0x7100a594a4,U,352,
0x7100a59604,U,244,
0x7100a596f8,U,252,
0x7100a5988c,U,28,
0x7100a598bc,U,28,
0x7100a59960,U,160,
0x7100a59a00,U,120,
0x7100a59a78,U,120,
0x7100a59af0,U,1884,
0x7100a5a24c,U,372,
0x7100a5a3c0,U,516,
0x7100a5a5c4,U,220,
0x7100a5a6a0,U,220,
0x7100a5a77c,U,220,
0x7100a5abdc,U,388,
0x7100a5ad60,U,220,
0x7100a5b1c0,U,388,
0x7100a5b344,U,220,
0x7100a5b420,U,480,
0x7100a5b600,U,812,
0x7100a5b92c,U,384,
0x7100a5bab0,U,244,
0x7100a5ca74,U,344,
0x7100a5cbcc,U,180,
0x7100a5cc80,U,380,
0x7100a5cdfc,U,380,
0x7100a5cf78,U,380,
0x7100a5d0f4,U,380,
0x7100a5d274,U,244,
0x7100a5d684,U,388,
0x7100a5d808,U,696,
0x7100a5dac0,U,792,
0x7100a5ddd8,U,1000,
0x7100a5e1c4,U,24,
0x7100a5e1dc,U,24,
0x7100a5e1f4,U,24,
0x7100a5e2f4,U,456,
0x7100a5e758,U,332,
0x7100a5e8a4,U,612,
0x7100a5eb08,U,92,
0x7100a5ebf8,U,648,
0x7100a5ee80,U,912,
0x7100a5f210,U,408,
0x7100a5f3a8,U,8,
0x7100a5f3b0,U,420,
0x7100a5f554,U,216,
0x7100a5f62c,U,380,
0x7100a5f7a8,U,220,
0x7100a5f884,U,220,
0x7100a5f960,U,876,
0x7100a5fccc,U,256,
0x7100a5fdcc,U,824,
0x7100a601cc,U,536,
0x7100a603e4,U,748,
0x7100a6081c,U,3956,
0x7100a61790,U,312,
0x7100a618c8,U,28,
0x7100a619e8,U,8,
0x7100a619f0,U,8,
0x7100a619f8,U,172,
0x7100a61abc,U,356,
0x7100a61ca0,U,8,
0x7100a61ca8,U,8,
0x7100a61cb0,U,172,
0x7100a61d74,U,356,
0x7100a61ed8,U,96,
0x7100a61f98,U,20,
0x7100a62000,U,76,
0x7100a6204c,U,364,
0x7100a621b8,U,96,
0x7100a62250,U,20,
0x7100a622b0,U,360,
0x7100a62418,U,88,
0x7100a624a8,U,20,
0x7100a62508,U,360,
0x7100a62670,U,88,
0x7100a62700,U,20,
0x7100a62760,U,364,
0x7100a628cc,U,60,
0x7100a62944,U,20,
0x7100a62998,U,80,
0x7100a62a68,U,176,
0x7100a62b18,U,364,
0x7100a62c84,U,60,
0x7100a62cfc,U,20,
0x7100a62d50,U,80,
0x7100a62e20,U,176,
0x7100a62ef4,U,28,
0x7100a62f34,U,204,
0x7100a63000,U,348,
0x7100a6317c,U,168,
0x7100a632e8,U,292,
0x7100a6340c,U,400,
0x7100a63694,U,80,
0x7100a6371c,U,224,
0x7100a637fc,U,80,
0x7100a6384c,U,84,
0x7100a63954,U,80,
0x7100a639b4,U,80,
0x7100a63a04,U,84,
0x7100a63ae4,U,200,
0x7100a63be0,U,640,
0x7100a63fdc,U,188,
0x7100a64098,U,624,
0x7100a64328,U,168,
0x7100a64504,U,28,
0x7100a64790,U,68,
0x7100a647d4,U,328,
0x7100a649d4,U,28,
0x7100a64a58,U,344,
0x7100a64bb0,U,2056,
0x7100a653b8,U,120,
0x7100a65434,U,244,
0x7100a65c28,U,388,
0x7100a65dac,U,804,
0x7100a6618c,U,456,
0x7100a66354,U,1624,
0x7100a669ac,U,3456,
0x7100a6772c,U,80,
0x7100a6777c,U,56,
0x7100a677b4,U,3056,
0x7100a683a4,U,220,
0x7100a68480,U,1012,
0x7100a68874,U,108,
0x7100a688e0,U,28,
0x7100a68a00,U,8,
0x7100a68a08,U,8,
0x7100a68a10,U,172,
0x7100a68ad4,U,356,
0x7100a68c38,U,204,
0x7100a68d04,U,348,
0x7100a68e70,U,28,
0x7100a68e8c,U,256,
0x7100a68fb0,U,260,
0x7100a69610,U,244,
0x7100a697dc,U,352,
0x7100a6993c,U,308,
0x7100a69a94,U,140,
0x7100a69bc4,U,172,
0x7100a6a64c,U,256,
0x7100a6a74c,U,508,
0x7100a6a948,U,508,
0x7100a6ae9c,U,28,
0x7100a6afe4,U,28,
0x7100a6b0d8,U,24,
0x7100a6b0f0,U,400,
0x7100a6b280,U,436,
0x7100a6b5b4,U,120,
0x7100a6b630,U,244,
0x7100a6bae4,U,352,
0x7100a6bc44,U,180,
0x7100a6bcfc,U,244,
0x7100a6c5b8,U,388,
0x7100a6c73c,U,696,
0x7100a6c9f4,U,1108,
0x7100a6ce48,U,1380,
0x7100a6d418,U,272,
0x7100a6d528,U,120,
0x7100a6d5d8,U,68,
0x7100a6d894,U,456,
0x7100a6dec4,U,344,
0x7100a6e01c,U,64,
0x7100a6e05c,U,760,
0x7100a6e354,U,1076,
0x7100a6e8a4,U,796,
0x7100a6ef4c,U,2980,
0x7100a6faf0,U,852,
0x7100a6fe44,U,680,
0x7100a700ec,U,196,
0x7100a70380,U,572,
0x7100a705bc,U,340,
0x7100a70710,U,492,
0x7100a708fc,U,312,
0x7100a70a34,U,320,
0x7100a70b74,U,724,
0x7100a7128c,U,220,
0x7100a71368,U,220,
0x7100a717c8,U,388,
0x7100a7194c,U,220,
0x7100a71dac,U,388,
0x7100a71f30,U,220,
0x7100a7200c,U,468,
0x7100a721e0,U,1200,
0x7100a72690,U,28,
0x7100a727b0,U,8,
0x7100a727b8,U,8,
0x7100a727c0,U,172,
0x7100a72884,U,356,
0x7100a729e8,U,28,
0x7100a72a28,U,204,
0x7100a72af4,U,264,
0x7100a72bfc,U,364,
0x7100a72d68,U,64,
0x7100a72dd8,U,20,
0x7100a72e38,U,364,
0x7100a72fa4,U,64,
0x7100a73014,U,20,
0x7100a73074,U,364,
0x7100a731e0,U,60,
0x7100a732c8,U,20,
0x7100a73484,U,364,
0x7100a735f0,U,60,
0x7100a736d8,U,20,
0x7100a73894,U,264,
0x7100a7399c,U,348,
0x7100a73b08,U,28,
0x7100a73bec,U,28,
0x7100a73c74,U,148,
0x7100a73da0,U,164,
0x7100a73ec8,U,264,
0x7100a73fd0,U,400,
0x7100a74160,U,264,
0x7100a743dc,U,436,
0x7100a748ac,U,264,
0x7100a749e4,U,784,
0x7100a74cf4,U,80,
0x7100a75144,U,80,
0x7100a752e0,U,108,
0x7100a7534c,U,320,
0x7100a75548,U,476,
0x7100a75724,U,308,
0x7100a75858,U,300,
0x7100a75ee4,U,244,
0x7100a76800,U,388,
0x7100a76984,U,212,
0x7100a76a58,U,772,
0x7100a76d80,U,28,
0x7100a76dac,U,28,
0x7100a76e20,U,160,
0x7100a76ec4,U,244,
0x7100a7725c,U,388,
0x7100a773e0,U,492,
0x7100a775cc,U,268,
0x7100a77790,U,676,
0x7100a77a90,U,28,
0x7100a77b4c,U,28,
0x7100a77bc0,U,160,
0x7100a77c64,U,244,
0x7100a77ed0,U,388,
0x7100a78054,U,512,
0x7100a78278,U,112,
0x7100a782e8,U,1252,
0x7100a78b7c,U,76,
0x7100a78bc8,U,28,
0x7100a78c84,U,28,
0x7100a78ed0,U,200,
0x7100a78f9c,U,244,
0x7100a79334,U,388,
0x7100a794b8,U,268,
0x7100a795e8,U,28,
0x7100a79614,U,28,
0x7100a796f0,U,160,
0x7100a79794,U,244,
0x7100a7b310,U,388,
0x7100a7b494,U,844,
0x7100a7b7e0,U,1664,
0x7100a7be84,U,28,
0x7100a7beb0,U,28,
0x7100a7bf20,U,160,
0x7100a7bfc4,U,244,
0x7100a7c300,U,388,
0x7100a7c484,U,428,
0x7100a7c630,U,384,
0x7100a7c7b0,U,276,
0x7100a7cd10,U,472,
0x7100a7cee8,U,220,
0x7100a7cfc4,U,220,
0x7100a7d0a0,U,156,
0x7100a7d74c,U,1016,
0x7100a7db44,U,28,
0x7100a7dc0c,U,28,
0x7100a7dc28,U,192,
0x7100a7dd80,U,432,
0x7100a7df30,U,120,
0x7100a7dfac,U,244,
0x7100a7e218,U,388,
0x7100a7e39c,U,640,
0x7100a7e6d8,U,456,
0x7100a7e8a0,U,244,
0x7100a7e994,U,304,
0x7100a7eba0,U,220,
0x7100a7f0c4,U,156,
0x7100a7f160,U,28,
0x7100a7f1fc,U,8,
0x7100a7f204,U,8,
0x7100a7f20c,U,172,
0x7100a7f2d0,U,356,
0x7100a7f434,U,204,
0x7100a7f500,U,348,
0x7100a7f66c,U,28,
0x7100a7f7b0,U,364,
0x7100a7f920,U,244,
0x7100a7fd80,U,388,
0x7100a7ff04,U,168,
0x7100a7ffac,U,340,
0x7100a80124,U,28,
0x7100a80150,U,28,
0x7100a80240,U,160,
0x7100a802e4,U,244,
0x7100a804f8,U,388,
0x7100a8067c,U,204,
0x7100a80748,U,124,
0x7100a807c4,U,132,
0x7100a8086c,U,140,
0x7100a80930,U,348,
0x7100a80a90,U,72,
0x7100a80ad8,U,384,
0x7100a80cf0,U,28,
0x7100a80da8,U,28,
0x7100a80e30,U,240,
0x7100a8106c,U,384,
0x7100a811f0,U,244,
0x7100a81828,U,388,
0x7100a819ac,U,628,
0x7100a81c20,U,340,
0x7100a81ea0,U,48,
0x7100a81ed0,U,220,
0x7100a81fdc,U,140,
0x7100a82068,U,92,
0x7100a82124,U,1028,
0x7100a82588,U,388,
0x7100a8270c,U,28,
0x7100a82848,U,28,
0x7100a82b10,U,244,
0x7100a82ea8,U,388,
0x7100a8302c,U,492,
0x7100a83218,U,268,
0x7100a833dc,U,676,
0x7100a836dc,U,28,
0x7100a8378c,U,28,
0x7100a83800,U,160,
0x7100a838a4,U,244,
0x7100a841c0,U,388,
0x7100a84344,U,212,
0x7100a84418,U,772,
0x7100a84740,U,28,
0x7100a8476c,U,28,
0x7100a847e0,U,160,
0x7100a84880,U,120,
0x7100a848f8,U,204,
0x7100a849c8,U,244,
0x7100a84bf4,U,388,
0x7100a84d78,U,572,
0x7100a84fb4,U,556,
0x7100a853c4,U,120,
0x7100a85774,U,456,
0x7100a8606c,U,204,
0x7100a86138,U,376,
0x7100a862b0,U,416,
0x7100a86450,U,64,
0x7100a866bc,U,340,
0x7100a86c40,U,192,
0x7100a86d00,U,348,
0x7100a86e5c,U,320,
0x7100a86f9c,U,312,
0x7100a870ec,U,1152,
0x7100a878f8,U,28,
0x7100a87a18,U,8,
0x7100a87a20,U,8,
0x7100a87a28,U,172,
0x7100a87aec,U,356,
0x7100a87c50,U,212,
0x7100a87d24,U,8,
0x7100a87d2c,U,8,
0x7100a87d34,U,172,
0x7100a87df8,U,356,
0x7100a87f5c,U,204,
0x7100a88028,U,348,
0x7100a88194,U,28,
0x7100a88298,U,164,
0x7100a883c0,U,264,
0x7100a88650,U,536,
0x7100a8886c,U,244,
0x7100a88b38,U,388,
0x7100a88cbc,U,340,
0x7100a88e10,U,196,
0x7100a88ef8,U,28,
0x7100a88f24,U,28,
0x7100a88f90,U,160,
0x7100a89034,U,244,
0x7100a89288,U,388,
0x7100a8940c,U,696,
0x7100a896c8,U,244,
0x7100a897c0,U,388,
0x7100a89ab0,U,320,
0x7100a8a068,U,268,
0x7100a8a1ec,U,588,
0x7100a8ab14,U,28,
0x7100a8abbc,U,28,
0x7100a8ac0c,U,28,
0x7100a8ac9c,U,28,
0x7100a8ad70,U,232,
0x7100a8ae5c,U,244,
0x7100a8b128,U,388,
0x7100a8b334,U,28,
0x7100a8b360,U,28,
0x7100a8b3f0,U,160,
0x7100a8b494,U,244,
0x7100a8b58c,U,388,
0x7100a8bb78,U,124,
0x7100a8bc44,U,724,
0x7100a8bfc8,U,848,
0x7100a8c534,U,28,
0x7100a8c5e4,U,28,
0x7100a8c680,U,200,
0x7100a8cad4,U,384,
0x7100a8cc60,U,628,
0x7100a8cee0,U,636,
0x7100a8d6d4,U,244,
0x7100a8dc9c,U,388,
0x7100a8de20,U,604,
0x7100a8e07c,U,332,
0x7100a8e1c8,U,688,
0x7100a8e614,U,924,
0x7100a8eba0,U,72,
0x7100a8ebe8,U,944,
0x7100a8eff8,U,472,
0x7100a8f284,U,148,
0x7100a8f34c,U,252,
0x7100a8f448,U,264,
0x7100a8f744,U,28,
0x7100a8f888,U,28,
0x7100a8f8f4,U,24,
0x7100a8f90c,U,328,
0x7100a8fa54,U,388,
0x7100a8fbdc,U,244,
0x7100a90614,U,388,
0x7100a90798,U,372,
0x7100a9090c,U,372,
0x7100a90a80,U,220,
0x7100a90b5c,U,220,
0x7100a90fbc,U,388,
0x7100a91140,U,220,
0x7100a915a0,U,388,
0x7100a91724,U,220,
0x7100a91800,U,500,
0x7100a919f4,U,908,
0x7100a91d80,U,384,
0x7100a91f00,U,460,
0x7100a92424,U,380,
0x7100a925a0,U,364,
0x7100a928ec,U,576,
0x7100a92ba4,U,692,
0x7100a930f4,U,56,
0x7100a9312c,U,220,
0x7100a932ac,U,28,
0x7100a9334c,U,364,
0x7100a934b8,U,96,
0x7100a93550,U,20,
0x7100a935b0,U,364,
0x7100a9371c,U,96,
0x7100a937b4,U,20,
0x7100a93814,U,364,
0x7100a93980,U,60,
0x7100a939f8,U,20,
0x7100a93a4c,U,248,
0x7100a93bc4,U,492,
0x7100a93db0,U,364,
0x7100a93f1c,U,60,
0x7100a93f94,U,20,
0x7100a93fe8,U,248,
0x7100a94160,U,492,
0x7100a943f4,U,212,
0x7100a944c8,U,44,
0x7100a944f4,U,224,
0x7100a945d4,U,84,
0x7100a94628,U,152,
0x7100a946d0,U,28,
0x7100a94804,U,72,
0x7100a94890,U,72,
0x7100a9494c,U,128,
0x7100a949cc,U,248,
0x7100a94bb8,U,288,
0x7100a94cd8,U,80,
0x7100a94d94,U,248,
0x7100a94e9c,U,420,
0x7100a95040,U,80,
0x7100a9514c,U,364,
0x7100a952b8,U,432,
0x7100a95644,U,116,
0x7100a956b8,U,432,
0x7100a95868,U,312,
0x7100a959a0,U,360,
0x7100a95b08,U,696,
0x7100a95dc0,U,560,
0x7100a95ff0,U,588,
0x7100a96260,U,316,
0x7100a9639c,U,328,
0x7100a969f4,U,244,
0x7100a96d8c,U,388,
0x7100a96f10,U,492,
0x7100a970fc,U,268,
0x7100a972d0,U,676,
0x7100a975d0,U,28,
0x7100a97680,U,28,
0x7100a976f0,U,160,
0x7100a97794,U,244,
0x7100a98244,U,388,
0x7100a983c8,U,316,
0x7100a98504,U,916,
0x7100a988bc,U,28,
0x7100a988e8,U,28,
0x7100a98960,U,160,
0x7100a98b4c,U,384,
0x7100a98cd0,U,244,
0x7100a99308,U,388,
0x7100a9948c,U,628,
0x7100a99700,U,340,
0x7100a99d58,U,132,
0x7100a99ddc,U,148,
0x7100a9a164,U,148,
0x7100a9a37c,U,92,
0x7100a9a3d8,U,28,
0x7100a9a51c,U,28,
0x7100a9a808,U,244,
0x7100a9a9d4,U,388,
0x7100a9ab58,U,244,
0x7100a9ac4c,U,252,
0x7100a9b23c,U,28,
0x7100a9b2ec,U,28,
0x7100a9b3c0,U,160,
0x7100a9b464,U,244,
0x7100a9b630,U,388,
0x7100a9b7b4,U,244,
0x7100a9b8a8,U,252,
0x7100a9ba50,U,28,
0x7100a9bb00,U,28,
0x7100a9bbd0,U,160,
0x7100a9bc70,U,120,
0x7100a9bcec,U,244,
0x7100a9c2d4,U,388,
0x7100a9c458,U,180,
0x7100a9c50c,U,180,
0x7100a9c5c0,U,180,
0x7100a9c674,U,380,
0x7100a9c7f4,U,244,
0x7100a9d224,U,388,
0x7100a9d3a8,U,872,
0x7100a9d710,U,484,
0x7100a9d8f4,U,696,
0x7100a9dbac,U,460,
0x7100a9e244,U,1144,
0x7100a9e6bc,U,716,
0x7100a9e9f4,U,112,
0x7100a9ea64,U,968,
0x7100a9ee2c,U,456,
0x7100a9eff4,U,516,
0x7100a9f1f8,U,264,
0x7100a9f300,U,744,
0x7100a9f764,U,140,
0x7100a9f7f0,U,348,
0x7100a9f94c,U,220,
0x7100a9fa28,U,12,
0x7100a9fa34,U,124,
0x7100a9fab0,U,32,
0x7100a9fad8,U,756,
0x7100a9ffcc,U,104,
0x7100aa0034,U,304,
0x7100aa01a4,U,312,
0x7100aa02dc,U,48,
0x7100aa030c,U,1284,
0x7100aa0810,U,756,
0x7100aa0b04,U,1084,
0x7100aa1098,U,404,
0x7100aa122c,U,1628,
0x7100aa1888,U,120,
0x7100aa19cc,U,316,
0x7100aa1b08,U,1096,
0x7100aa1f50,U,108,
0x7100aa2268,U,364,
0x7100aa23d4,U,408,
0x7100aa2570,U,396,
0x7100aa2850,U,248,
0x7100aa2948,U,644,
0x7100aa2bd0,U,292,
0x7100aa2cf4,U,660,
0x7100aa301c,U,96,
0x7100aa30bc,U,48,
0x7100aa3234,U,48,
0x7100aa3264,U,204,
0x7100aa3330,U,116,
0x7100aa33a4,U,116,
0x7100aa3418,U,404,
0x7100aa35ac,U,32,
0x7100aa35cc,U,32,
0x7100aa35ec,U,108,
0x7100aa3738,U,28,
0x7100aa3858,U,8,
0x7100aa3860,U,8,
0x7100aa3868,U,172,
0x7100aa392c,U,356,
0x7100aa3a90,U,28,
0x7100aa3ad0,U,204,
0x7100aa3b9c,U,716,
0x7100aa3e68,U,348,
0x7100aa3fd4,U,28,
0x7100aa4334,U,28,
0x7100aa4454,U,164,
0x7100aa4678,U,264,
0x7100aa4b78,U,244,
0x7100aa51c8,U,368,
0x7100aa5338,U,256,
0x7100aa55a4,U,372,
0x7100aa5800,U,384,
0x7100aa5980,U,652,
0x7100aa2bcc,U,72,
0x7100aa5e84,U,1324,
0x7100aa675c,U,316,
0x7100aa6898,U,404,
0x7100aa6a2c,U,496,
0x7100aa6f44,U,28,
0x7100aa6ff4,U,28,
0x7100aa71b0,U,244,
0x7100aa7a7c,U,388,
0x7100aa7c00,U,380,
0x7100aa7d7c,U,380,
0x7100aa7ef8,U,1052,
0x7100aa8314,U,344,
0x7100aa8494,U,316,
0x7100aa85d0,U,200,
0x7100aa86cc,U,904,
0x7100aa8a54,U,904,
0x7100aa8ddc,U,28,
0x7100aa8e8c,U,28,
0x7100aa8ef8,U,68,
0x7100aa8fa0,U,68,
0x7100aa9048,U,72,
0x7100aa90d0,U,160,
0x7100aa9174,U,244,
0x7100aa9370,U,388,
0x7100aa94f8,U,244,
0x7100aa9a90,U,388,
0x7100aa9c14,U,696,
0x7100aa9ecc,U,24,
0x7100aa9ee4,U,88,
0x7100aa9f3c,U,196,
0x7100aaa024,U,160,
0x7100aaa0c4,U,92,
0x7100aaa15c,U,68,
0x7100aaa1a0,U,1328,
0x7100aaa7d8,U,316,
0x7100aaaaf4,U,384,
0x7100aabc9c,U,272,
0x7100aabdac,U,416,
0x7100aac004,U,332,
0x7100aac150,U,28,
0x7100aac200,U,28,
0x7100aac250,U,28,
0x7100aac304,U,28,
0x7100aac8cc,U,244,
0x7100aac9c4,U,388,
0x7100aacb4c,U,244,
0x7100aad240,U,388,
0x7100aad3c4,U,696,
0x7100aad680,U,932,
0x7100aada30,U,572,
0x7100aadd60,U,2376,
0x7100aae6a8,U,216,
0x7100aae780,U,1004,
0x7100aaeb6c,U,948,
0x7100aaef20,U,400,
0x7100aaf0b0,U,564,
0x7100aaf77c,U,28,
0x7100aaf858,U,28,
0x7100aaf8a8,U,28,
0x7100aaf98c,U,28,
0x7100aafa14,U,244,
0x7100aafed8,U,388,
0x7100ab005c,U,696,
0x7100ab0318,U,244,
0x7100ab0510,U,352,
0x7100ab0670,U,344,
0x7100ab07c8,U,292,
0x7100ab0944,U,236,
0x7100ab0a30,U,128,
0x7100ab0ab0,U,1324,
0x7100ab0fdc,U,1004,
0x7100ab13c8,U,624,
0x7100ab18d0,U,432,
0x7100ab1a80,U,204,
0x7100ab1c30,U,28,
0x7100ab1ce0,U,28,
0x7100ab231c,U,28,
0x7100ab23b0,U,28,
0x7100ab24b0,U,312,
0x7100ab25ec,U,244,
0x7100ab32a8,U,388,
0x7100ab342c,U,380,
0x7100ab35a8,U,380,
0x7100ab3724,U,380,
0x7100ab38a0,U,164,
0x7100ab3954,U,28,
0x7100ab3970,U,176,
0x7100ab3a44,U,68,
0x7100ab3af0,U,68,
0x7100ab3bb4,U,68,
0x7100ab3ce0,U,160,
0x7100ab3d84,U,244,
0x7100ab40a4,U,388,
0x7100ab4228,U,80,
0x7100ab4278,U,4,
0x7100ab42a0,U,28,
0x7100ab42cc,U,28,
0x7100ab4360,U,160,
0x7100ab4404,U,244,
0x7100ab44fc,U,352,
0x7100ab46ac,U,284,
0x7100ab481c,U,376,
0x7100ab4994,U,28,
0x7100ab4a44,U,28,
0x7100ab4bc0,U,244,
0x7100ab4cb8,U,388,
0x7100ab4e40,U,244,
0x7100ab5940,U,388,
0x7100ab5ac4,U,696,
0x7100ab5d80,U,244,
0x7100ab5e78,U,356,
0x7100ab5fdc,U,428,
0x7100ab6188,U,384,
0x7100ab6308,U,916,
0x7100ab669c,U,288,
0x7100ab6bb8,U,276,
0x7100ab7234,U,396,
0x7100ab7774,U,2160,
0x7100ab804c,U,368,
0x7100ab81bc,U,2508,
0x7100ab8b88,U,404,
0x7100ab8d1c,U,28,
0x7100ab8dbc,U,28,
0x7100ab8e24,U,28,
0x7100ab8e98,U,28,
0x7100ab8ee8,U,28,
0x7100ab8f90,U,28,
0x7100ab90f0,U,164,
0x7100ab9210,U,4,
0x7100ab9214,U,4,
0x7100ab9218,U,132,
0x7100ab929c,U,172,
0x7100ab934c,U,264,
0x7100ab9458,U,396,
0x7100ab9838,U,76,
0x7100ab9884,U,104,
0x7100ab98ec,U,36,
0x7100ab9910,U,268,
0x7100ab9a1c,U,48,
0x7100ab9a50,U,140,
0x7100ab9ae0,U,244,
0x7100ab9f48,U,352,
0x7100aba0a8,U,24,
0x7100aba0c0,U,716,
0x7100aba38c,U,344,
0x7100aba508,U,112,
0x7100aba584,U,68,
0x7100aba600,U,68,
0x7100aba68c,U,68,
0x7100aba8a4,U,996,
0x7100abacc4,U,92,
0x7100abb000,U,656,
0x7100abb2e8,U,352,
0x7100abb448,U,1680,
0x7100abbad8,U,164,
0x7100abbb7c,U,28,
0x7100abbc2c,U,28,
0x7100abbd40,U,5032,
0x7100abd0f0,U,3152,
0x7100abdd40,U,2060,
0x7100abe550,U,2728,
0x7100abf000,U,900,
0x7100abf390,U,1000,
0x7100abfba0,U,244,
0x7100abfc98,U,352,
0x7100abfe20,U,28,
0x7100abfed0,U,28,
0x7100abfeec,U,120,
0x7100abff70,U,160,
0x7100ac0014,U,244,
0x7100ac010c,U,388,
0x7100ac02b8,U,28,
0x7100ac02e4,U,28,
0x7100ac0360,U,160,
0x7100ac05ac,U,384,
0x7100ac0730,U,244,
0x7100ac1374,U,388,
0x7100ac14f8,U,412,
0x7100ac1694,U,368,
0x7100ac1828,U,28,
0x7100ac18e0,U,28,
0x7100ac1b08,U,244,
0x7100ac1c00,U,352,
0x7100ac1d60,U,216,
0x7100ac1e38,U,176,
0x7100ac1ee8,U,168,
0x7100ac1f90,U,132,
0x7100ac2014,U,220,
0x7100ac20f0,U,124,
0x7100ac2198,U,28,
0x7100ac2338,U,28,
0x7100ac2390,U,160,
0x7100ac2434,U,244,
0x7100ac2afc,U,352,
0x7100ac2c5c,U,420,
0x7100ac2e00,U,740,
0x7100ac3108,U,112,
0x7100ac3178,U,12,
0x7100ac3184,U,1152,
0x7100ac3604,U,636,
0x7100ac3880,U,124,
0x7100ac38fc,U,116,
0x7100ac397c,U,184,
0x7100ac3a34,U,44,
0x7100ac3a78,U,764,
0x7100ac3d74,U,292,
0x7100ac3e98,U,100,
0x7100ac3ff4,U,264,
0x7100ac40fc,U,136,
0x7100ac419c,U,68,
0x7100ac41e0,U,412,
0x7100ac437c,U,112,
0x7100ac43ec,U,184,
0x7100ac44a4,U,588,
0x7100ac46f0,U,372,
0x7100ac4864,U,928,
0x7100ac4c04,U,92,
0x7100ac4c60,U,356,
0x7100ac4dc4,U,252,
0x7100ac4ec0,U,268,
0x7100ac4fcc,U,3008,
0x7100ac5b8c,U,1852,
0x7100ac62c8,U,216,
0x7100ac63c4,U,264,
0x7100ac64cc,U,116,
0x7100ac6540,U,452,
0x7100ac6850,U,240,
0x7100ac6940,U,28,
0x7100ac69f0,U,28,
0x7100ac6c48,U,244,
0x7100ac6d40,U,388,
0x7100ac6ed0,U,852,
0x7100ac7224,U,128,
0x7100ac72a4,U,232,
0x7100ac73b0,U,24,
0x7100ac73c8,U,416,
0x7100ac7568,U,192,
0x7100ac7628,U,276,
0x7100ac773c,U,132,
0x7100ac77c0,U,4,
0x7100ac77c4,U,436,
0x7100ac7978,U,28,
0x7100ac7994,U,68,
0x7100ac79d8,U,532,
0x7100ac7bec,U,456,
0x7100ac7db4,U,4,
0x7100ac7db8,U,336,
0x7100ac7f08,U,948,
0x7100ac82bc,U,4,
0x7100ac82c0,U,872,
0x7100ac8630,U,28,
0x7100ac86e0,U,28,
0x7100ac88e0,U,244,
0x7100ac8aac,U,388,
0x7100ac8c58,U,28,
0x7100ac8c84,U,28,
0x7100ac8d10,U,160,
0x7100ac8db0,U,120,
0x7100ac8e2c,U,244,
0x7100ac8f24,U,388,
0x7100ac90a8,U,364,
0x7100ac939c,U,404,
0x7100ac9530,U,456,
0x7100ac9d40,U,860,
0x7100aca378,U,204,
0x7100aca464,U,32,
0x7100aca57c,U,312,
0x7100aca6b4,U,44,
0x7100aca6e0,U,344,
0x7100aca838,U,48,
0x7100aca868,U,44,
0x7100aca894,U,48,
0x7100aca8d4,U,28,
0x7100aca9f4,U,8,
0x7100aca9fc,U,8,
0x7100acaa04,U,172,
0x7100acaac8,U,356,
0x7100acac2c,U,204,
0x7100acacf8,U,348,
0x7100acae64,U,28,
0x7100acb01c,U,164,
0x7100acb14c,U,264,
0x7100acb290,U,536,
0x7100acb4ac,U,244,
0x7100acbd1c,U,388,
0x7100acbea0,U,380,
0x7100acc01c,U,572,
0x7100acc2f0,U,296,
0x7100acc418,U,468,
0x7100acc5ec,U,100,
0x7100acc650,U,600,
0x7100acc8a8,U,132,
0x7100acc92c,U,216,
0x7100acca04,U,76,
0x7100acca50,U,4,
0x7100acca54,U,48,
0x7100acca84,U,68,
0x7100accac8,U,492,
0x7100acccb8,U,28,
0x7100accd68,U,28,
0x7100accd84,U,272,
0x7100acceec,U,632,
0x7100acd2a0,U,556,
0x7100acd4cc,U,256,
0x7100acd710,U,140,
0x7100ace28c,U,388,
0x7100ace410,U,380,
0x7100ace58c,U,380,
0x7100ace708,U,380,
0x7100ace884,U,220,
0x7100ace960,U,220,
0x7100acedc0,U,388,
0x7100acef44,U,220,
0x7100acf3a4,U,388,
0x7100acf528,U,220,
0x7100acf604,U,500,
0x7100acf7f8,U,220,
0x7100acf8d4,U,180,
0x7100acf988,U,396,
0x7100acfb14,U,516,
0x7100acfd18,U,348,
0x7100acfe74,U,548,
0x7100ad0098,U,20,
0x7100ad00ac,U,488,
0x7100ad0294,U,224,
0x7100ad0374,U,12,
0x7100ad0380,U,324,
0x7100ad04c4,U,296,
0x7100ad05ec,U,364,
0x7100ad0758,U,96,
0x7100ad07f0,U,20,
0x7100ad0850,U,364,
0x7100ad09bc,U,96,
0x7100ad0a54,U,20,
0x7100ad0ab4,U,364,
0x7100ad0c20,U,60,
0x7100ad0c60,U,96,
0x7100ad0cdc,U,20,
0x7100ad0d8c,U,144,
0x7100ad0e1c,U,144,
0x7100ad0eac,U,364,
0x7100ad1018,U,60,
0x7100ad1058,U,96,
0x7100ad10d4,U,20,
0x7100ad1184,U,144,
0x7100ad1214,U,144,
0x7100ad12a4,U,364,
0x7100ad1410,U,96,
0x7100ad14a8,U,20,
0x7100ad1548,U,20,
0x7100ad1564,U,20,
0x7100ad1578,U,88,
0x7100ad1634,U,68,
0x7100ad1a6c,U,80,
0x7100ad1c38,U,80,
0x7100ad2004,U,164,
0x7100ad20a8,U,508,
0x7100ad22a4,U,556,
0x7100ad24d0,U,568,
0x7100ad2728,U,216,
0x7100ad2800,U,224,
0x7100ad28e0,U,912,
0x7100ad2c70,U,140,
0x7100ad2d00,U,140,
0x7100ad2d90,U,144,
0x7100ad2e20,U,396,
0x7100ad2fac,U,4,
0x7100ad2fb0,U,296,
0x7100ad30d8,U,64,
0x7100ad3118,U,440,
0x7100ad32d0,U,308,
0x7100ad3404,U,388,
0x7100ad3588,U,140,
0x7100ad3614,U,248,
0x7100ad370c,U,180,
0x7100ad37c0,U,172,
0x7100ad386c,U,364,
0x7100ad3ce4,U,220,
0x7100ad4718,U,384,
0x7100ad4898,U,364,
0x7100ad4a04,U,88,
0x7100ad4a94,U,20,
0x7100ad5210,U,388,
0x7100ad5394,U,220,
0x7100ad5fa4,U,376,
0x7100ad611c,U,220,
0x7100ad61f8,U,220,
0x7100ad62d4,U,220,
0x7100ad63b0,U,220,
0x7100ad648c,U,220,
0x7100ad6568,U,220,
0x7100ad6644,U,220,
0x7100ad6bcc,U,384,
0x7100ad6d4c,U,220,
0x7100ad6e28,U,220,
0x7100ad7288,U,388,
0x7100ad740c,U,220,
0x7100ad786c,U,388,
0x7100ad79f0,U,220,
0x7100ad7acc,U,500,
0x7100ad7cc0,U,248,
0x7100ad7db8,U,872,
0x7100ad8120,U,280,
0x7100ad8238,U,792,
0x7100ad8550,U,788,
0x7100ad8864,U,396,
0x7100ad89f0,U,364,
0x7100ad8b5c,U,88,
0x7100ad8bec,U,20,
0x7100ad8c4c,U,360,
0x7100ad8db4,U,88,
0x7100ad8e44,U,20,
0x7100ad8ea4,U,364,
0x7100ad9010,U,96,
0x7100ad90a8,U,20,
0x7100ad9108,U,364,
0x7100ad9274,U,96,
0x7100ad930c,U,20,
0x7100ad936c,U,360,
0x7100ad94d4,U,88,
0x7100ad9564,U,20,
0x7100ad95c4,U,364,
0x7100ad9730,U,96,
0x7100ad97cc,U,20,
0x7100ad982c,U,360,
0x7100ad9994,U,88,
0x7100ad9a24,U,20,
0x7100ad9a84,U,364,
0x7100ad9bf0,U,96,
0x7100ad9c88,U,20,
0x7100ad9d00,U,364,
0x7100ad9e6c,U,96,
0x7100ad9f04,U,20,
0x7100ad9f64,U,364,
0x7100ada0d0,U,96,
0x7100ada168,U,20,
0x7100ada1c8,U,364,
0x7100ada334,U,60,
0x7100ada3cc,U,20,
0x7100ada508,U,364,
0x7100ada674,U,60,
0x7100ada70c,U,20,
0x7100ada848,U,232,
0x7100adaf7c,U,80,
0x7100adb148,U,80,
0x7100adb380,U,196,
0x7100adb4c0,U,192,
0x7100adb92c,U,336,
0x7100adba9c,U,168,
0x7100adbb44,U,176,
0x7100adc1d8,U,220,
0x7100adc2b4,U,220,
0x7100adc390,U,220,
0x7100adc570,U,160,
0x7100adc610,U,364,
0x7100adc77c,U,52,
0x7100adc81c,U,60,
0x7100adc8f8,U,20,
0x7100adca0c,U,100,
0x7100adca70,U,360,
0x7100adcbd8,U,80,
0x7100adcc60,U,20,
0x7100adccc0,U,360,
0x7100adce28,U,80,
0x7100adceb0,U,20,
0x7100adcf10,U,484,
0x7100add100,U,140,
0x7100add190,U,244,
0x7100add514,U,372,
0x7100add688,U,380,
0x7100add810,U,808,
0x7100addb40,U,392,
0x7100addcc8,U,276,
0x7100addddc,U,232,
0x7100addec4,U,1664,
0x7100ade544,U,284,
0x7100ade670,U,28,
0x7100ade6e8,U,244,
0x7100ade7dc,U,332,
0x7100ade928,U,28,
0x7100ade944,U,396,
0x7100adeaf4,U,228,
0x7100aded3c,U,364,
0x7100adeeb0,U,240,
0x7100adefa0,U,140,
0x7100adf030,U,140,
0x7100adf388,U,384,
0x7100adf508,U,336,
0x7100adf770,U,656,
0x7100adfa00,U,140,
0x7100adfa90,U,140,
0x7100adffac,U,548,
0x7100ae01d0,U,452,
0x7100ae0450,U,140,
0x7100ae04dc,U,204,
0x7100ae05a8,U,204,
0x7100ae0674,U,204,
0x7100ae0740,U,204,
0x7100ae080c,U,204,
0x7100ae08d8,U,204,
0x7100ae09a4,U,1512,
0x7100ae0f8c,U,544,
0x7100ae11ac,U,8,
0x7100ae11b4,U,468,
0x7100ae1388,U,212,
0x7100ae145c,U,8,
0x7100ae1464,U,8,
0x7100ae146c,U,172,
0x7100ae1530,U,356,
0x7100ae1694,U,212,
0x7100ae1768,U,8,
0x7100ae1770,U,8,
0x7100ae1778,U,172,
0x7100ae183c,U,356,
0x7100ae19a0,U,212,
0x7100ae1a74,U,8,
0x7100ae1a7c,U,8,
0x7100ae1a84,U,172,
0x7100ae1b48,U,356,
0x7100ae1cac,U,212,
0x7100ae1d80,U,8,
0x7100ae1d88,U,8,
0x7100ae1d90,U,172,
0x7100ae1e54,U,356,
0x7100ae1fb8,U,212,
0x7100ae208c,U,8,
0x7100ae2094,U,8,
0x7100ae209c,U,172,
0x7100ae2160,U,356,
0x7100ae22c4,U,212,
0x7100ae2398,U,8,
0x7100ae23a0,U,8,
0x7100ae23a8,U,172,
0x7100ae246c,U,356,
0x7100ae25d0,U,348,
0x7100ae272c,U,348,
0x7100ae2888,U,348,
0x7100ae29e4,U,348,
0x7100ae2b40,U,348,
0x7100ae2c9c,U,348,
0x7100ae2df8,U,252,
0x7100ae2ef4,U,420,
0x7100ae3098,U,352,
0x7100ae31f8,U,264,
0x7100ae3300,U,348,
0x7100ae345c,U,204,
0x7100ae3528,U,212,
0x7100ae35fc,U,8,
0x7100ae3604,U,8,
0x7100ae360c,U,172,
0x7100ae36d0,U,356,
0x7100ae3834,U,416,
0x7100ae8bfc,U,692,
0x7100ae8eb0,U,1160,
0x7100ae9338,U,156,
0x7100ae94a8,U,256,
0x7100ae95b0,U,140,
0x7100ae96e8,U,388,
0x7100ae986c,U,420,
0x7100ae9a10,U,416,
0x7100ae9bb0,U,280,
0x7100ae9cc8,U,180,
0x7100ae9d7c,U,252,
0x7100ae9e7c,U,244,
0x7100aea10c,U,352,
0x7100aea26c,U,220,
0x7100aea348,U,220,
0x7100aea7a8,U,388,
0x7100aea92c,U,220,
0x7100aead8c,U,388,
0x7100aeaf10,U,220,
0x7100aeafec,U,504,
0x7100aeb1e4,U,1448,
0x7100aeb78c,U,744,
0x7100aeba74,U,448,
0x7100aebc34,U,152,
0x7100aebdcc,U,28,
0x7100aebde8,U,372,
0x7100aebf80,U,128,
0x7100aec000,U,220,
0x7100aec0dc,U,364,
0x7100aec248,U,96,
0x7100aec2e0,U,20,
0x7100aec340,U,364,
0x7100aec4ac,U,96,
0x7100aec544,U,20,
0x7100aec5a4,U,364,
0x7100aec710,U,60,
0x7100aec784,U,20,
0x7100aec7d0,U,136,
0x7100aec858,U,172,
0x7100aec9b4,U,364,
0x7100aecb20,U,60,
0x7100aecb94,U,20,
0x7100aecbe0,U,136,
0x7100aecc68,U,172,
0x7100aecdc4,U,264,
0x7100aecf68,U,104,
0x7100aed108,U,460,
0x7100aed2e8,U,28,
0x7100aed5cc,U,136,
0x7100aed654,U,264,
0x7100aed78c,U,784,
0x7100aeda9c,U,80,
0x7100aedc6c,U,136,
0x7100aedd04,U,464,
0x7100aeded4,U,80,
0x7100aedf64,U,244,
0x7100aee230,U,144,
0x7100aee5cc,U,304,
0x7100aee75c,U,444,
0x7100aee918,U,448,
0x7100aeead8,U,652,
0x7100aeed64,U,456,
0x7100aeef2c,U,324,
0x7100aef1d8,U,416,
0x7100aef39c,U,160,
0x7100aef43c,U,176,
0x7100aef4ec,U,392,
0x7100aef674,U,240,
0x7100aef764,U,420,
0x7100aefd08,U,368,
0x7100aeff00,U,304,
0x7100af0030,U,500,
0x7100af0378,U,244,
0x7100af0470,U,352,
0x7100af05d0,U,480,
0x7100af07b0,U,28,
0x7100af07f0,U,4,
0x7100af084c,U,28,
0x7100af08b0,U,160,
0x7100af0954,U,244,
0x7100af0a4c,U,352,
0x7100af0c6c,U,72,
0x7100af0cb4,U,96,
0x7100af1b94,U,104,
0x7100af1bfc,U,148,
0x7100af1c90,U,88,
0x7100af1ce8,U,28,
0x7100af1d14,U,28,
0x7100af1f50,U,244,
0x7100af2048,U,352,
0x7100af21a8,U,352,
0x7100af232c,U,476,
0x7100af2508,U,212,
0x7100af27b0,U,888,
0x7100af2b94,U,488,
0x7100af2d7c,U,56,
0x7100af2db4,U,228,
0x7100af2e98,U,160,
0x7100af2f38,U,28,
0x7100af2f64,U,28,
0x7100af2f80,U,240,
0x7100af307c,U,28,
0x7100af30a0,U,320,
0x7100af32c0,U,16,
0x7100af333c,U,4,
0x7100af3340,U,4,
0x7100af3364,U,536,
0x7100af357c,U,336,
0x7100af37b8,U,244,
0x7100af3a30,U,352,
0x7100af3b90,U,204,
0x7100af3d60,U,272,
0x7100af3e70,U,676,
0x7100af4114,U,28,
0x7100af4130,U,124,
0x7100af41ac,U,132,
0x7100af4254,U,28,
0x7100af42b0,U,160,
0x7100af4354,U,244,
0x7100af444c,U,352,
0x7100af45b0,U,160,
0x7100af4650,U,748,
0x7100af4940,U,932,
0x7100af4cf0,U,932,
0x7100af50a0,U,932,
0x7100af550c,U,372,
0x7100af587c,U,236,
0x7100af5968,U,84,
0x7100af59bc,U,528,
0x7100af5bcc,U,1452,
0x7100af6178,U,28,
0x7100af61c8,U,28,
0x7100af6260,U,244,
0x7100af6424,U,352,
0x7100af6584,U,48,
0x7100af65b4,U,308,
0x7100af66e8,U,28,
0x7100af6738,U,28,
0x7100af67a0,U,160,
0x7100af6844,U,244,
0x7100af693c,U,352,
0x7100af79a0,U,520,
0x7100af7e58,U,28,
0x7100af7e84,U,28,
0x7100af7f10,U,160,
0x7100af7fb4,U,244,
0x7100af80ac,U,352,
0x7100af820c,U,172,
0x7100af82b8,U,144,
0x7100af8348,U,152,
0x7100af8450,U,504,
0x7100af8648,U,316,
0x7100af881c,U,52,
0x7100af8850,U,244,
0x7100af8944,U,52,
0x7100af8978,U,248,
0x7100af8a70,U,52,
0x7100af8aa4,U,256,
0x7100af8ba4,U,52,
0x7100af8bd8,U,284,
0x7100af9038,U,52,
0x7100af906c,U,52,
0x7100af90a0,U,52,
0x7100af90d4,U,52,
0x7100af9108,U,988,
0x7100af94e4,U,1208,
0x7100af999c,U,472,
0x7100af9b74,U,80,
0x7100af9bc4,U,28,
0x7100af9bf8,U,28,
0x7100af9c14,U,176,
0x7100af9df0,U,244,
0x7100af9fb0,U,352,
0x7100afa28c,U,564,
0x7100afa4c0,U,556,
0x7100afa6ec,U,1220,
0x7100afac1c,U,28,
0x7100afac6c,U,28,
0x7100afadc8,U,244,
0x7100afaec0,U,352,
0x7100afb2b8,U,344,
0x7100afb410,U,488,
0x7100afb5f8,U,200,
0x7100afb6c0,U,28,
0x7100afb6dc,U,80,
0x7100afb72c,U,88,
0x7100afb794,U,28,
0x7100afb80c,U,100,
0x7100afb940,U,244,
0x7100afba38,U,352,
0x7100afbb9c,U,100,
0x7100afbc00,U,88,
0x7100afbd14,U,28,
0x7100afbd64,U,28,
0x7100afbdc0,U,160,
0x7100afbe64,U,244,
0x7100afbf5c,U,352,
0x7100afc0bc,U,1156,
0x7100afc540,U,528,
0x7100afd294,U,388,
0x7100afd418,U,168,
0x7100afd4c0,U,360,
0x7100afd628,U,292,
0x7100afd74c,U,828,
0x7100afdf04,U,68,
0x7100afe0e8,U,68,
0x7100afe12c,U,28,
0x7100afe158,U,28,
0x7100afe1ac,U,32,
0x7100afe1d0,U,328,
0x7100afe31c,U,100,
0x7100afe728,U,244,
0x7100afe820,U,364,
0x7100afe99c,U,28,
0x7100afe9e0,U,160,
0x7100afea84,U,244,
0x7100afeb7c,U,352,
0x7100afed98,U,3132,
0x7100aff9fc,U,408,
0x7100affc00,U,80,
0x7100affc50,U,28,
0x7100affc6c,U,336,
0x7100affdcc,U,28,
0x7100affe40,U,252,
0x7100afff40,U,160,
0x7100afffe4,U,244,
0x7100b000dc,U,352,
0x7100b0023c,U,48,
0x7100b00370,U,40,
0x7100b005c4,U,28,
0x7100b00614,U,28,
0x7100b00670,U,160,
0x7100b00714,U,244,
0x7100b0080c,U,352,
0x7100b00b74,U,488,
0x7100b00d5c,U,188,
0x7100b00e18,U,200,
0x7100b00ee0,U,28,
0x7100b00efc,U,80,
0x7100b00f4c,U,88,
0x7100b00fb4,U,28,
0x7100b0102c,U,100,
0x7100b01160,U,244,
0x7100b01258,U,352,
0x7100b013b8,U,452,
0x7100b0157c,U,604,
0x7100b017fc,U,256,
0x7100b018fc,U,776,
0x7100b01c08,U,244,
0x7100b01cfc,U,196,
0x7100b01dc0,U,160,
0x7100b01e60,U,924,
0x7100b021fc,U,392,
0x7100b02384,U,128,
0x7100b02404,U,300,
0x7100b02530,U,212,
0x7100b02604,U,28,
0x7100b02630,U,28,
0x7100b026b0,U,28,
0x7100b026cc,U,320,
0x7100b028f0,U,16,
0x7100b0296c,U,4,
0x7100b02970,U,4,
0x7100b02b50,U,244,
0x7100b02dc0,U,352,
0x7100b02f20,U,212,
0x7100b033ac,U,752,
0x7100b03728,U,28,
0x7100b03744,U,132,
0x7100b037c8,U,140,
0x7100b03864,U,28,
0x7100b039a4,U,208,
0x7100b03a74,U,516,
0x7100b03c78,U,16,
0x7100b03c88,U,272,
0x7100b03d98,U,160,
0x7100b03e40,U,140,
0x7100b03f60,U,352,
0x7100b040c0,U,516,
0x7100b042c4,U,516,
0x7100b044c8,U,72,
0x7100b04510,U,20,
0x7100b04524,U,8,
0x7100b0452c,U,16,
0x7100b0453c,U,96,
0x7100b045fc,U,20,
0x7100b04664,U,76,
0x7100b046b0,U,96,
0x7100b04710,U,92,
0x7100b0478c,U,20,
0x7100b047b8,U,88,
0x7100b048ac,U,72,
0x7100b04a5c,U,244,
0x7100b05094,U,388,
0x7100b05218,U,380,
0x7100b05394,U,220,
0x7100b05470,U,220,
0x7100b0554c,U,220,
0x7100b05628,U,220,
0x7100b05a88,U,388,
0x7100b05c0c,U,220,
0x7100b0606c,U,388,
0x7100b061f0,U,220,
0x7100b062cc,U,496,
0x7100b064bc,U,236,
0x7100b065a8,U,316,
0x7100b06708,U,460,
0x7100b068d4,U,120,
0x7100b0694c,U,600,
0x7100b06ba4,U,92,
0x7100b06c00,U,636,
0x7100b06e7c,U,232,
0x7100b06f64,U,232,
0x7100b0704c,U,308,
0x7100b07180,U,28,
0x7100b0719c,U,368,
0x7100b0730c,U,104,
0x7100b073ac,U,20,
0x7100b0740c,U,368,
0x7100b0757c,U,104,
0x7100b0761c,U,20,
0x7100b0767c,U,360,
0x7100b077e4,U,88,
0x7100b07874,U,20,
0x7100b078d4,U,360,
0x7100b07a3c,U,88,
0x7100b07acc,U,20,
0x7100b07b2c,U,364,
0x7100b07c98,U,60,
0x7100b07d30,U,20,
0x7100b07e6c,U,364,
0x7100b07fd8,U,60,
0x7100b08070,U,20,
0x7100b081ac,U,336,
0x7100b0830c,U,28,
0x7100b08378,U,220,
0x7100b08454,U,364,
0x7100b085c0,U,96,
0x7100b08658,U,20,
0x7100b08a70,U,80,
0x7100b08ac0,U,84,
0x7100b08c58,U,80,
0x7100b08ca8,U,84,
0x7100b08ea8,U,196,
0x7100b08fe8,U,192,
0x7100b09454,U,336,
0x7100b095c4,U,168,
0x7100b0966c,U,176,
0x7100b09720,U,252,
0x7100b09820,U,2248,
0x7100b0a0f0,U,8,
0x7100b0a450,U,636,
0x7100b0a6cc,U,352,
0x7100b0a82c,U,380,
0x7100b0a9a8,U,220,
0x7100b0aa84,U,220,
0x7100b0aee4,U,388,
0x7100b0b068,U,220,
0x7100b0b4c8,U,388,
0x7100b0b64c,U,220,
0x7100b0b728,U,496,
0x7100b0b918,U,84,
0x7100b0b96c,U,112,
0x7100b0b9dc,U,292,
0x7100b0bb00,U,360,
0x7100b0bc68,U,88,
0x7100b0bcf8,U,20,
0x7100b0bd58,U,360,
0x7100b0bec0,U,88,
0x7100b0bf50,U,20,
0x7100b0bfb0,U,364,
0x7100b0c11c,U,60,
0x7100b0c1b4,U,20,
0x7100b0c2f0,U,364,
0x7100b0c45c,U,60,
0x7100b0c4f4,U,20,
0x7100b0c650,U,84,
0x7100b0c6a4,U,112,
0x7100b0c714,U,68,
0x7100b0ca0c,U,80,
0x7100b0ca5c,U,84,
0x7100b0cbf4,U,80,
0x7100b0cc44,U,84,
0x7100b0ce44,U,196,
0x7100b0cf84,U,192,
0x7100b0d3f0,U,336,
0x7100b0d560,U,168,
0x7100b0d608,U,176,
0x7100b0da54,U,240,
0x7100b0db48,U,364,
0x7100b0dcb4,U,220,
0x7100b0dd90,U,220,
0x7100b0de6c,U,220,
0x7100b0e2cc,U,388,
0x7100b0e450,U,220,
0x7100b0e8b0,U,388,
0x7100b0ea34,U,220,
0x7100b0eb10,U,496,
0x7100b0ed04,U,244,
0x7100b0ef74,U,388,
0x7100b0f0f8,U,268,
0x7100b0f204,U,388,
0x7100b0f388,U,220,
0x7100b0f464,U,220,
0x7100b0f8c4,U,388,
0x7100b0fa48,U,220,
0x7100b0fea8,U,388,
0x7100b1002c,U,220,
0x7100b10108,U,500,
0x7100b10300,U,244,
0x7100b10570,U,388,
0x7100b106f4,U,268,
0x7100b10800,U,388,
0x7100b10984,U,220,
0x7100b10a60,U,220,
0x7100b10ec0,U,388,
0x7100b11044,U,220,
0x7100b114a4,U,388,
0x7100b11628,U,220,
0x7100b11704,U,500,
0x7100b118fc,U,244,
0x7100b11b6c,U,388,
0x7100b11cf0,U,268,
0x7100b11dfc,U,388,
0x7100b11f80,U,220,
0x7100b1205c,U,220,
0x7100b124bc,U,388,
0x7100b12640,U,220,
0x7100b12aa0,U,388,
0x7100b12c24,U,220,
0x7100b12d00,U,500,
0x7100b12ef4,U,368,
0x7100b13064,U,104,
0x7100b13104,U,20,
0x7100b13164,U,360,
0x7100b132cc,U,88,
0x7100b1335c,U,20,
0x7100b133bc,U,360,
0x7100b13524,U,88,
0x7100b135b4,U,20,
0x7100b13614,U,364,
0x7100b13780,U,60,
0x7100b13818,U,20,
0x7100b13954,U,364,
0x7100b13ac0,U,60,
0x7100b13b58,U,20,
0x7100b13c94,U,364,
0x7100b13e00,U,96,
0x7100b13e98,U,20,
0x7100b13ef8,U,364,
0x7100b14064,U,96,
0x7100b140fc,U,20,
0x7100b1415c,U,364,
0x7100b142c8,U,60,
0x7100b14360,U,20,
0x7100b1449c,U,364,
0x7100b14608,U,60,
0x7100b146a0,U,20,
0x7100b147dc,U,364,
0x7100b14948,U,96,
0x7100b149e0,U,20,
0x7100b14a40,U,364,
0x7100b14bac,U,96,
0x7100b14c44,U,20,
0x7100b14ca4,U,364,
0x7100b14e10,U,60,
0x7100b14ea8,U,20,
0x7100b14fe4,U,364,
0x7100b15150,U,60,
0x7100b151e8,U,20,
0x7100b15324,U,364,
0x7100b15490,U,96,
0x7100b15528,U,20,
0x7100b15588,U,364,
0x7100b156f4,U,96,
0x7100b1578c,U,20,
0x7100b157ec,U,364,
0x7100b15958,U,60,
0x7100b15998,U,96,
0x7100b15a14,U,20,
0x7100b15ac4,U,144,
0x7100b15b54,U,144,
0x7100b15be4,U,364,
0x7100b15d50,U,60,
0x7100b15d90,U,96,
0x7100b15e0c,U,20,
0x7100b15ebc,U,144,
0x7100b15f4c,U,144,
0x7100b15ff0,U,28,
0x7100b16270,U,80,
0x7100b162c0,U,84,
0x7100b16458,U,80,
0x7100b164a8,U,84,
0x7100b166a8,U,196,
0x7100b167e8,U,192,
0x7100b16c74,U,168,
0x7100b16d1c,U,176,
0x7100b16de0,U,28,
0x7100b16e8c,U,96,
0x7100b16eec,U,96,
0x7100b16f58,U,76,
0x7100b16fa4,U,76,
0x7100b16ff0,U,28,
0x7100b17124,U,28,
0x7100b17198,U,352,
0x7100b172f8,U,440,
0x7100b174b0,U,316,
0x7100b175ec,U,440,
0x7100b177a4,U,440,
0x7100b17bbc,U,80,
0x7100b17cf0,U,80,
0x7100b183c4,U,168,
0x7100b1846c,U,176,
0x7100b18530,U,28,
0x7100b185dc,U,96,
0x7100b1863c,U,96,
0x7100b186a8,U,76,
0x7100b186f4,U,76,
0x7100b18740,U,28,
0x7100b188d0,U,324,
0x7100b18a14,U,488,
0x7100b18bfc,U,460,
0x7100b18dc8,U,440,
0x7100b18f80,U,440,
0x7100b19394,U,80,
0x7100b194c8,U,80,
0x7100b19bac,U,168,
0x7100b19c54,U,176,
0x7100b19d18,U,28,
0x7100b19dc4,U,96,
0x7100b19e24,U,96,
0x7100b19e90,U,76,
0x7100b19edc,U,76,
0x7100b19f28,U,28,
0x7100b1a0c0,U,96,
0x7100b1a1d0,U,368,
0x7100b1a340,U,552,
0x7100b1a568,U,484,
0x7100b1a74c,U,276,
0x7100b1a860,U,300,
0x7100b1a98c,U,320,
0x7100b1adbc,U,80,
0x7100b1af28,U,80,
0x7100b1b2f8,U,164,
0x7100b1b39c,U,424,
0x7100b1b544,U,616,
0x7100b1b7d0,U,216,
0x7100b1b8a8,U,228,
0x7100b1c56c,U,320,
0x7100b1c6b0,U,140,
0x7100b1c740,U,244,
0x7100b1c838,U,352,
0x7100b1d890,U,520,
0x7100b1db14,U,688,
0x7100b1ddc4,U,28,
0x7100b1ddf0,U,28,
0x7100b1de80,U,200,
0x7100b1df48,U,256,
0x7100b1e048,U,136,
0x7100b1e0d0,U,292,
0x7100b1e1f4,U,344,
0x7100b1e34c,U,176,
0x7100b1e3fc,U,448,
0x7100b1e620,U,84,
0x7100b1e680,U,140,
0x7100b1e710,U,244,
0x7100b1e9cc,U,352,
0x7100b1eb2c,U,196,
0x7100b1ed80,U,28,
0x7100b1ed9c,U,124,
0x7100b1ee18,U,132,
0x7100b1eeac,U,28,
0x7100b1efb0,U,200,
0x7100b1f07c,U,244,
0x7100b1f4dc,U,352,
0x7100b1f63c,U,204,
0x7100b1f80c,U,340,
0x7100b1f960,U,660,
0x7100b1fbf4,U,28,
0x7100b1fc10,U,124,
0x7100b1fc8c,U,132,
0x7100b1fd20,U,28,
0x7100b1fd80,U,160,
0x7100b1fe20,U,140,
0x7100b1feb0,U,244,
0x7100b1ffa8,U,352,
0x7100b2081c,U,588,
0x7100b20b04,U,512,
0x7100b20d04,U,200,
0x7100b20dcc,U,220,
0x7100b20ee4,U,220,
0x7100b20ffc,U,28,
0x7100b21028,U,28,
0x7100b21170,U,244,
0x7100b214c0,U,352,
0x7100b21620,U,1492,
0x7100b21bf4,U,772,
0x7100b21f20,U,1980,
0x7100b226dc,U,116,
0x7100b22750,U,112,
0x7100b227c0,U,28,
0x7100b227ec,U,28,
0x7100b22840,U,160,
0x7100b22910,U,1332,
0x7100b22e50,U,572,
0x7100b23090,U,756,
0x7100b23388,U,244,
0x7100b23480,U,352,
0x7100b235e0,U,812,
0x7100b2390c,U,384,
0x7100b23a8c,U,2868,
0x7100b245c0,U,1272,
0x7100b259c8,U,2348,
0x7100b262f4,U,380,
0x7100b26470,U,612,
0x7100b266d4,U,1236,
0x7100b26ba8,U,1464,
0x7100b27160,U,1836,
0x7100b2788c,U,1120,
0x7100b27cec,U,292,
0x7100b27e10,U,820,
0x7100b28144,U,1320,
0x7100b2866c,U,904,
0x7100b289f4,U,336,
0x7100b28b44,U,2540,
0x7100b29530,U,596,
0x7100b29784,U,1560,
0x7100b29d9c,U,308,
0x7100b29ed0,U,236,
0x7100b2a450,U,292,
0x7100b2a814,U,132,
0x7100b2a898,U,436,
0x7100b2aa4c,U,704,
0x7100b2ad0c,U,240,
0x7100b2af40,U,308,
0x7100b2b074,U,312,
0x7100b2b1ac,U,28,
0x7100b2b1f0,U,28,
0x7100b2b350,U,164,
0x7100b2b530,U,4,
0x7100b2b534,U,4,
0x7100b2b538,U,296,
0x7100b2b660,U,516,
0x7100b2b9d4,U,176,
0x7100b2ba98,U,104,
0x7100b2bb00,U,264,
0x7100b2bc08,U,60,
0x7100b2bc44,U,60,
0x7100b2c064,U,244,
0x7100b2c15c,U,352,
0x7100b2c2bc,U,412,
0x7100b2c458,U,308,
0x7100b2c58c,U,276,
0x7100b2c6a0,U,228,
0x7100b2c784,U,228,
0x7100b2c868,U,252,
0x7100b2c964,U,228,
0x7100b2ca48,U,252,
0x7100b2cb44,U,252,
0x7100b2cc40,U,228,
0x7100b2cd24,U,396,
0x7100b2cebc,U,436,
0x7100b2d0a4,U,464,
0x7100b2d868,U,504,
0x7100b2dad0,U,476,
0x7100b2dcac,U,408,
0x7100b2e208,U,304,
0x7100b2e338,U,128,
0x7100b2e54c,U,632,
0x7100b2e7c4,U,400,
0x7100b2e978,U,308,
0x7100b2eaac,U,604,
0x7100b2ed84,U,260,
0x7100b2ee88,U,260,
0x7100b2f03c,U,532,
0x7100b2f250,U,1120,
0x7100b2f6b0,U,2792,
0x7100b30388,U,204,
0x7100b30454,U,1236,
0x7100b30928,U,984,
0x7100b30d00,U,112,
0x7100b30d70,U,560,
0x7100b30fa0,U,884,
0x7100b31314,U,28,
0x7100b31340,U,28,
0x7100b31394,U,40,
0x7100b313c4,U,124,
0x7100b31440,U,36,
0x7100b31464,U,780,
0x7100b31770,U,400,
0x7100b31900,U,436,
0x7100b31c78,U,244,
0x7100b320d0,U,352,
0x7100b32230,U,208,
0x7100b32404,U,372,
0x7100b32578,U,692,
0x7100b3282c,U,28,
0x7100b32848,U,124,
0x7100b328c4,U,132,
0x7100b32958,U,28,
0x7100b329b0,U,160,
0x7100b32a54,U,244,
0x7100b32b4c,U,388,
0x7100b32cd8,U,160,
0x7100b32d78,U,336,
0x7100b32ec8,U,28,
0x7100b32fc4,U,28,
0x7100b33070,U,160,
0x7100b33114,U,244,
0x7100b3320c,U,352,
0x7100b33578,U,668,
0x7100b33830,U,28,
0x7100b3385c,U,28,
0x7100b338d0,U,160,
0x7100b33974,U,244,
0x7100b33a6c,U,352,
0x7100b33bcc,U,348,
0x7100b33d28,U,268,
0x7100b33e34,U,28,
0x7100b33e84,U,28,
0x7100b33ef0,U,160,
0x7100b33f90,U,28,
0x7100b341a0,U,140,
0x7100b34230,U,244,
0x7100b34328,U,352,
0x7100b34488,U,632,
0x7100b34700,U,400,
0x7100b34974,U,336,
0x7100b34b44,U,2704,
0x7100b355d4,U,304,
0x7100b35704,U,1116,
0x7100b35f50,U,1116,
0x7100b363ac,U,304,
0x7100b364dc,U,660,
0x7100b367cc,U,28,
0x7100b36818,U,28,
0x7100b36874,U,28,
0x7100b369a0,U,244,
0x7100b36a98,U,352,
0x7100b36bf8,U,144,
0x7100b36c88,U,152,
0x7100b36ee8,U,208,
0x7100b36fb8,U,44,
0x7100b36fe4,U,156,
0x7100b37080,U,28,
0x7100b370ac,U,28,
0x7100b372c0,U,160,
0x7100b37360,U,204,
0x7100b37430,U,244,
0x7100b37528,U,352,
0x7100b37688,U,620,
0x7100b37b80,U,272,
0x7100b37c90,U,2432,
0x7100b38610,U,316,
0x7100b3874c,U,328,
0x7100b38894,U,484,
0x7100b38a78,U,2788,
0x7100b3955c,U,160,
0x7100b395fc,U,68,
0x7100b39640,U,212,
0x7100b39714,U,212,
0x7100b39830,U,252,
0x7100b3c9f4,U,348,
0x7100b3cb50,U,1008,
0x7100b3cf40,U,512,
0x7100b3d140,U,44,
0x7100b3d16c,U,96,
0x7100b3d1cc,U,252,
0x7100b3d2c8,U,316,
0x7100b3d404,U,260,
0x7100b3d508,U,432,
0x7100b3d6b8,U,1320,
0x7100b3dbe0,U,1088,
0x7100b3e45c,U,336,
0x7100b3e5ac,U,180,
0x7100b3feb8,U,532,
0x7100b400cc,U,872,
0x7100b40434,U,320,
0x7100b40574,U,276,
0x7100b40f2c,U,1468,
0x7100b414e8,U,1060,
0x7100b4190c,U,1360,
0x7100b41e5c,U,40,
0x7100b41e84,U,296,
0x7100b41fac,U,60,
0x7100b41fe8,U,208,
0x7100b420b8,U,144,
0x7100b42be0,U,264,
0x7100b42f58,U,76,
0x7100b42fa4,U,76,
0x7100b42ff0,U,532,
0x7100b43204,U,312,
0x7100b4333c,U,124,
0x7100b433b8,U,92,
0x7100b43414,U,1820,
0x7100b43b30,U,2068,
0x7100b44344,U,424,
0x7100b444ec,U,1360,
0x7100b44a3c,U,40,
0x7100b44a64,U,400,
0x7100b44e88,U,120,
0x7100b44f00,U,8,
0x7100b44f08,U,176,
0x7100b45014,U,1312,
0x7100b45534,U,132,
0x7100b455b8,U,368,
0x7100b45728,U,132,
0x7100b457ac,U,112,
0x7100b4581c,U,76,
0x7100b45868,U,60,
0x7100b458a4,U,72,
0x7100b458ec,U,72,
0x7100b45990,U,84,
0x7100b459e4,U,232,
0x7100b45acc,U,144,
0x7100b45b5c,U,272,
0x7100b45cf8,U,356,
0x7100b45e5c,U,768,
0x7100b46a4c,U,960,
0x7100b46e10,U,312,
0x7100b46f48,U,164,
0x7100b46fec,U,420,
0x7100b47190,U,240,
0x7100b4755c,U,120,
0x7100b4797c,U,76,
0x7100b479ec,U,76,
0x7100b47a38,U,76,
0x7100b47a84,U,168,
0x7100b47b2c,U,76,
0x7100b47b78,U,28,
0x7100b47b94,U,212,
0x7100b47c78,U,172,
0x7100b47d3c,U,356,
0x7100b47eb8,U,120,
0x7100b47f30,U,128,
0x7100b47fb0,U,240,
0x7100b480a0,U,280,
0x7100b481b8,U,348,
0x7100b48324,U,28,
0x7100b48484,U,164,
0x7100b4864c,U,144,
0x7100b486dc,U,264,
0x7100b487e4,U,352,
0x7100b48944,U,432,
0x7100b48af4,U,304,
0x7100b48c4c,U,76,
0x7100b49730,U,276,
0x7100b498fc,U,260,
0x7100b49a64,U,512,
0x7100b4af98,U,724,
0x7100b4b434,U,116,
0x7100b4b4a8,U,1372,
0x7100b4ba04,U,892,
0x7100b4c2e8,U,340,
0x7100b4c43c,U,272,
0x7100b4c5cc,U,164,
0x7100b4c8f0,U,320,
0x7100b4cb10,U,16,
0x7100b4cb88,U,4,
0x7100b4cb8c,U,4,
0x7100b4ccc0,U,160,
0x7100b4cfb0,U,124,
0x7100b4d0ec,U,292,
0x7100b4d3f0,U,180,
0x7100b4e5b0,U,2004,
0x7100b4f1a4,U,92,
0x7100b4f2cc,U,316,
0x7100b4f408,U,1320,
0x7100b4f930,U,180,
0x7100b4fa9c,U,316,
0x7100b4fbd8,U,252,
0x7100b4fcd4,U,204,
0x7100b4fe5c,U,408,
0x7100b4fff4,U,1428,
0x7100b50588,U,3040,
0x7100b51178,U,204,
0x7100b51444,U,80,
0x7100b51494,U,628,
0x7100b51708,U,84,
0x7100b51760,U,140,
0x7100b517ec,U,276,
0x7100b519bc,U,276,
0x7100b51c1c,U,292,
0x7100b51d40,U,812,
0x7100b52380,U,180,
0x7100b52434,U,44,
0x7100b52460,U,136,
0x7100b52674,U,1036,
0x7100b52a80,U,468,
0x7100b52c54,U,688,
0x7100b52f04,U,924,
0x7100b53448,U,1128,
0x7100b538b0,U,660,
0x7100b53d58,U,584,
0x7100b53fa0,U,560,
0x7100b541d0,U,472,
0x7100b54418,U,280,
0x7100b54750,U,100,
0x7100b54870,U,52,
0x7100b54980,U,140,
0x7100b54a10,U,244,
0x7100b54b08,U,352,
0x7100b54c68,U,220,
0x7100b54d44,U,220,
0x7100b551a4,U,388,
0x7100b55328,U,220,
0x7100b55788,U,388,
0x7100b5590c,U,220,
0x7100b559e8,U,500,
0x7100b55bdc,U,368,
0x7100b55d4c,U,396,
0x7100b56980,U,5736,
0x7100b58054,U,980,
0x7100b58428,U,640,
0x7100b586a8,U,2116,
0x7100b58f24,U,1196,
0x7100b593d0,U,420,
0x7100b59574,U,284,
0x7100b59690,U,864,
0x7100b599f0,U,296,
0x7100b59b18,U,64,
0x7100b59b58,U,184,
0x7100b59c10,U,60,
0x7100b59c4c,U,476,
0x7100b59f20,U,252,
0x7100b5a01c,U,28,
0x7100b5a038,U,364,
0x7100b5a1a4,U,96,
0x7100b5a23c,U,20,
0x7100b5a29c,U,364,
0x7100b5a408,U,96,
0x7100b5a4a0,U,20,
0x7100b5a500,U,364,
0x7100b5a66c,U,60,
0x7100b5a6ac,U,96,
0x7100b5a728,U,20,
0x7100b5a7d8,U,140,
0x7100b5a864,U,140,
0x7100b5a8f0,U,264,
0x7100b5a9f8,U,364,
0x7100b5ab64,U,60,
0x7100b5aba4,U,96,
0x7100b5ac20,U,20,
0x7100b5acd0,U,140,
0x7100b5ad5c,U,140,
0x7100b5ade8,U,264,
0x7100b5af00,U,28,
0x7100b5b158,U,272,
0x7100b5b31c,U,336,
0x7100b5b46c,U,80,
0x7100b5b828,U,80,
0x7100b5bd74,U,320,
0x7100b5beb4,U,200,
0x7100b5c0d0,U,444,
0x7100b5c28c,U,348,
0x7100b5c3e8,U,440,
0x7100b5c5a0,U,880,
0x7100b5c910,U,736,
0x7100b5cbf0,U,216,
0x7100b5ccec,U,212,
0x7100b5cdc0,U,224,
0x7100b5cea0,U,32,
0x7100b5cec0,U,92,
0x7100b5d064,U,84,
0x7100b5d744,U,244,
0x7100b5d83c,U,352,
0x7100b5db6c,U,444,
0x7100b5dd28,U,200,
0x7100b5ddf0,U,608,
0x7100b5e050,U,28,
0x7100b5e06c,U,80,
0x7100b5e0bc,U,88,
0x7100b5e124,U,28,
0x7100b5e198,U,100,
0x7100b5e204,U,120,
0x7100b5e368,U,244,
0x7100b5e460,U,352,
0x7100b5e5c0,U,520,
0x7100b5e7c8,U,564,
0x7100b5ea20,U,868,
0x7100b5ed84,U,404,
0x7100b5effc,U,392,
0x7100b5f184,U,1972,
0x7100b5f938,U,1076,
0x7100b5fd6c,U,48,
0x7100b5fd9c,U,68,
0x7100b5fde0,U,944,
0x7100b60190,U,220,
0x7100b6026c,U,192,
0x7100b6032c,U,1032,
0x7100b60734,U,28,
0x7100b60760,U,28,
0x7100b607b4,U,28,
0x7100b607f0,U,272,
0x7100b60900,U,320,
0x7100b60b20,U,16,
0x7100b60b9c,U,4,
0x7100b60ba0,U,4,
0x7100b60d58,U,244,
0x7100b60e50,U,352,
0x7100b60fb0,U,460,
0x7100b6117c,U,232,
0x7100b61264,U,508,
0x7100b61670,U,216,
0x7100b61748,U,620,
0x7100b619b4,U,344,
0x7100b61b0c,U,360,
0x7100b61c74,U,252,
0x7100b61d70,U,68,
0x7100b61db4,U,28,
0x7100b61de0,U,28,
0x7100b61e34,U,28,
0x7100b61fc8,U,244,
0x7100b62414,U,352,
0x7100b62574,U,380,
0x7100b626f0,U,376,
0x7100b62f9c,U,212,
0x7100b63070,U,28,
0x7100b6308c,U,212,
0x7100b63194,U,28,
0x7100b63370,U,200,
0x7100b6343c,U,244,
0x7100b63534,U,352,
0x7100b63694,U,400,
0x7100b63ef4,U,344,
0x7100b6404c,U,384,
0x7100b641cc,U,196,
0x7100b64290,U,476,
0x7100b6446c,U,28,
0x7100b64498,U,28,
0x7100b644b4,U,240,
0x7100b645b0,U,28,
0x7100b646a0,U,244,
0x7100b64828,U,352,
0x7100b64988,U,152,
0x7100b64b64,U,212,
0x7100b64c38,U,732,
0x7100b64f14,U,296,
0x7100b6503c,U,148,
0x7100b650d0,U,28,
0x7100b65124,U,28,
0x7100b65278,U,244,
0x7100b65370,U,352,
0x7100b654d0,U,652,
0x7100b6575c,U,1080,
0x7100b65c54,U,28,
0x7100b65ca4,U,28,
0x7100b65dc0,U,244,
0x7100b65eb8,U,352,
0x7100b66018,U,27956,
0x7100b6cd4c,U,436,
0x7100b6cf00,U,628,
0x7100b6d174,U,248,
0x7100b6d26c,U,432,
0x7100b6d41c,U,240,
0x7100b6f1a8,U,536,
0x7100b6f3c0,U,272,
0x7100b6f4d0,U,856,
0x7100b6fa64,U,540,
0x7100b6fc80,U,28,
0x7100b6fcac,U,28,
0x7100b6fd00,U,24,
0x7100b6fd18,U,216,
0x7100b6fe14,U,112,
0x7100b6ffd8,U,244,
0x7100b71348,U,352,
0x7100b714a8,U,380,
0x7100b71624,U,380,
0x7100b717a0,U,380,
0x7100b7191c,U,380,
0x7100b71a98,U,380,
0x7100b71c14,U,380,
0x7100b71d90,U,380,
0x7100b71f0c,U,380,
0x7100b72088,U,380,
0x7100b72204,U,380,
0x7100b72380,U,292,
0x7100b724a4,U,484,
0x7100b72688,U,180,
0x7100b727c4,U,188,
0x7100b72880,U,192,
0x7100b72940,U,496,
0x7100b72b30,U,532,
0x7100b72e5c,U,264,
0x7100b72f64,U,488,
0x7100b73298,U,444,
0x7100b73454,U,380,
0x7100b73624,U,300,
0x7100b73750,U,2104,
0x7100b73f88,U,112,
0x7100b73ff8,U,128,
0x7100b74078,U,104,
0x7100b740e0,U,28,
0x7100b74158,U,240,
0x7100b74248,U,240,
0x7100b74348,U,28,
0x7100b743e8,U,156,
0x7100b74618,U,160,
0x7100b74b48,U,84,
0x7100b74b9c,U,320,
0x7100b74ce0,U,696,
0x7100b75060,U,244,
0x7100b75158,U,352,
0x7100b75894,U,596,
0x7100b75c18,U,68,
0x7100b75c5c,U,68,
0x7100b75ca0,U,28,
0x7100b75ccc,U,28,
0x7100b75d80,U,84,
0x7100b75de0,U,200,
0x7100b7612c,U,388,
0x7100b762b0,U,220,
0x7100b7638c,U,220,
0x7100b76468,U,220,
0x7100b768c8,U,388,
0x7100b76a4c,U,220,
0x7100b76eac,U,388,
0x7100b77030,U,220,
0x7100b7710c,U,496,
0x7100b772fc,U,212,
0x7100b773d0,U,232,
0x7100b774b8,U,44,
0x7100b774e4,U,112,
0x7100b77554,U,112,
0x7100b775c4,U,364,
0x7100b77730,U,96,
0x7100b777c8,U,20,
0x7100b77828,U,360,
0x7100b77990,U,88,
0x7100b77a20,U,20,
0x7100b77a80,U,360,
0x7100b77be8,U,88,
0x7100b77c78,U,20,
0x7100b77cd8,U,364,
0x7100b77e44,U,60,
0x7100b77edc,U,20,
0x7100b78018,U,364,
0x7100b78184,U,60,
0x7100b7821c,U,20,
0x7100b7857c,U,216,
0x7100b78654,U,288,
0x7100b78774,U,288,
0x7100b78b30,U,80,
0x7100b78b80,U,84,
0x7100b78d18,U,80,
0x7100b78d68,U,84,
0x7100b78f68,U,196,
0x7100b790a8,U,192,
0x7100b79514,U,336,
0x7100b79684,U,168,
0x7100b7972c,U,176,
0x7100b79b74,U,244,
0x7100b79c6c,U,352,
0x7100b79ef8,U,4088,
0x7100b7aef0,U,140,
0x7100b7af7c,U,196,
0x7100b7b040,U,28,
0x7100b7b05c,U,140,
0x7100b7b0e8,U,148,
0x7100b7b17c,U,148,
0x7100b7b210,U,148,
0x7100b7b2a4,U,156,
0x7100b7b340,U,64,
0x7100b7b380,U,72,
0x7100b7b3c8,U,296,
0x7100b7b504,U,80,
0x7100b7b554,U,112,
0x7100b7b5c4,U,384,
0x7100b7b754,U,28,
0x7100b7b7c0,U,272,
0x7100b7b8d0,U,360,
0x7100b7ba38,U,488,
0x7100b7bc24,U,244,
0x7100b7bd1c,U,352,
0x7100b7c598,U,176,
0x7100b7c648,U,92,
0x7100b7c6a4,U,28,
0x7100b7c6d0,U,28,
0x7100b7c730,U,160,
0x7100b7c7d4,U,244,
0x7100b7c8cc,U,352,
0x7100b7ca2c,U,80,
0x7100b7ca7c,U,88,
0x7100b7ccd0,U,200,
0x7100b7cd98,U,252,
0x7100b7ce94,U,76,
0x7100b7cee0,U,28,
0x7100b7cf0c,U,28,
0x7100b7cf7c,U,28,
0x7100b7d580,U,388,
0x7100b7d704,U,380,
0x7100b7d880,U,220,
0x7100b7d95c,U,220,
0x7100b7da38,U,220,
0x7100b7de98,U,388,
0x7100b7e01c,U,220,
0x7100b7e47c,U,388,
0x7100b7e600,U,220,
0x7100b7e6dc,U,464,
0x7100b7e8ac,U,232,
0x7100b7e994,U,212,
0x7100b7ea68,U,256,
0x7100b7eb68,U,108,
0x7100b7ebd4,U,364,
0x7100b7ed40,U,96,
0x7100b7edd8,U,20,
0x7100b7ee38,U,360,
0x7100b7efa0,U,60,
0x7100b7f00c,U,20,
0x7100b7f06c,U,360,
0x7100b7f1d4,U,60,
0x7100b7f240,U,20,
0x7100b7f2a0,U,364,
0x7100b7f40c,U,60,
0x7100b7f478,U,20,
0x7100b7f4b8,U,128,
0x7100b7f5a8,U,276,
0x7100b7f6bc,U,364,
0x7100b7f828,U,60,
0x7100b7f894,U,20,
0x7100b7f8d4,U,128,
0x7100b7f9c4,U,276,
0x7100b7faf8,U,184,
0x7100b7fdd4,U,304,
0x7100b7ff04,U,304,
0x7100b80034,U,220,
0x7100b80110,U,364,
0x7100b8027c,U,96,
0x7100b80314,U,20,
0x7100b80548,U,128,
0x7100b805c8,U,268,
0x7100b80704,U,404,
0x7100b80898,U,80,
0x7100b808e8,U,84,
0x7100b80a80,U,128,
0x7100b80b10,U,80,
0x7100b80b60,U,84,
0x7100b80bbc,U,208,
0x7100b80fe8,U,240,
0x7100b810d8,U,384,
0x7100b81620,U,268,
0x7100b8172c,U,388,
0x7100b818b0,U,268,
0x7100b819bc,U,388,
0x7100b81b40,U,220,
0x7100b81c1c,U,220,
0x7100b8207c,U,388,
0x7100b82200,U,220,
0x7100b82660,U,388,
0x7100b827e4,U,220,
0x7100b828c0,U,496,
0x7100b82ab0,U,104,
0x7100b82b18,U,116,
0x7100b82b8c,U,360,
0x7100b82cf4,U,88,
0x7100b82d84,U,20,
0x7100b82de4,U,360,
0x7100b82f4c,U,88,
0x7100b82fdc,U,20,
0x7100b8303c,U,364,
0x7100b831a8,U,60,
0x7100b83240,U,20,
0x7100b8337c,U,364,
0x7100b834e8,U,60,
0x7100b83580,U,20,
0x7100b83894,U,104,
0x7100b83cc4,U,80,
0x7100b83d14,U,84,
0x7100b83eac,U,80,
0x7100b83efc,U,84,
0x7100b840fc,U,196,
0x7100b8423c,U,192,
0x7100b846a8,U,336,
0x7100b84818,U,168,
0x7100b848c0,U,176,
0x7100b84970,U,1076,
0x7100b84da8,U,244,
0x7100b84ea0,U,352,
0x7100b8524c,U,256,
0x7100b8534c,U,64,
0x7100b8538c,U,64,
0x7100b853cc,U,28,
0x7100b853f8,U,28,
0x7100b85414,U,168,
0x7100b854d0,U,200,
0x7100b8559c,U,244,
0x7100b85e18,U,352,
0x7100b85f78,U,380,
0x7100b860f4,U,380,
0x7100b86270,U,380,
0x7100b863ec,U,380,
0x7100b86568,U,256,
0x7100b86668,U,148,
0x7100b866fc,U,156,
0x7100b868b0,U,388,
0x7100b86a68,U,188,
0x7100b86b50,U,52,
0x7100b86b84,U,536,
0x7100b86de8,U,280,
0x7100b86fc0,U,28,
0x7100b87038,U,28,
0x7100b8708c,U,68,
0x7100b8719c,U,280,
0x7100b873b0,U,216,
0x7100b874cc,U,148,
0x7100b875c0,U,160,
0x7100b87660,U,244,
0x7100b87760,U,244,
0x7100b87860,U,316,
0x7100b879a0,U,132,
0x7100b87a30,U,132,
0x7100b87ac0,U,76,
0x7100b87b10,U,76,
0x7100b87b5c,U,692,
0x7100b87e10,U,388,
0x7100b87f94,U,376,
0x7100b8810c,U,140,
0x7100b88198,U,320,
0x7100b882d8,U,172,
0x7100b88384,U,240,
0x7100b884d4,U,196,
0x7100b88598,U,196,
0x7100b88708,U,192,
0x7100b887c8,U,192,
0x7100b88a6c,U,244,
0x7100b88b64,U,352,
0x7100b88f10,U,300,
0x7100b8903c,U,116,
0x7100b890b0,U,68,
0x7100b890f4,U,28,
0x7100b89120,U,28,
0x7100b8913c,U,168,
0x7100b8932c,U,352,
0x7100b8948c,U,640,
0x7100b8970c,U,328,
0x7100b89854,U,1840,
0x7100b89f84,U,432,
0x7100b8a134,U,756,
0x7100b8a428,U,432,
0x7100b8a5d8,U,504,
0x7100b8a7d0,U,708,
0x7100b8aa94,U,640,
0x7100b8ad14,U,504,
0x7100b8af0c,U,228,
0x7100b8aff0,U,236,
0x7100b8b0dc,U,736,
0x7100b8b3bc,U,1068,
0x7100b8b7e8,U,340,
0x7100b8b964,U,224,
0x7100b8bb94,U,96,
0x7100b8bbf4,U,244,
0x7100b8bcec,U,352,
0x7100b8be4c,U,288,
0x7100b8bf6c,U,224,
0x7100b8c04c,U,304,
0x7100b8c2cc,U,340,
0x7100b8c420,U,508,
0x7100b8c61c,U,132,
0x7100b8c6a0,U,28,
0x7100b8c6cc,U,28,
0x7100b8c720,U,160,
0x7100b8caec,U,384,
0x7100b8cdb8,U,384,
0x7100b8d144,U,384,
0x7100b8d470,U,384,
0x7100b8dc1c,U,384,
0x7100b8dd9c,U,336,
0x7100b8deec,U,260,
0x7100b8dff0,U,236,
0x7100b8eb60,U,88,
0x7100b8ebb8,U,244,
0x7100b8ecb0,U,388,
0x7100b8ee48,U,28,
0x7100b8f094,U,288,
0x7100b8f1b4,U,288,
0x7100b8f2d4,U,116,
0x7100b8f348,U,120,
0x7100b8f3c0,U,28,
0x7100b8f3f0,U,160,
0x7100b8f4e8,U,244,
0x7100b8f5e0,U,388,
0x7100b8f764,U,792,
0x7100b8fa7c,U,204,
0x7100b8fb48,U,420,
0x7100b8fcec,U,120,
0x7100b8fd64,U,28,
0x7100b8fd94,U,28,
0x7100b8ffe0,U,288,
0x7100b90100,U,288,
0x7100b90220,U,160,
0x7100b90318,U,244,
0x7100b90410,U,388,
0x7100b90a58,U,120,
0x7100b90ad0,U,28,
0x7100b90b00,U,28,
0x7100b90d4c,U,288,
0x7100b90e6c,U,288,
0x7100b90f90,U,160,
0x7100b91030,U,896,
0x7100b913b0,U,4,
0x7100b913b4,U,1124,
0x7100b91818,U,776,
0x7100b91c38,U,688,
0x7100b91ee8,U,760,
0x7100b93d70,U,484,
0x7100b93f54,U,880,
0x7100b94f28,U,92,
0x7100b94f84,U,100,
0x7100b94fe8,U,92,
0x7100b95044,U,100,
0x7100b951f4,U,320,
0x7100b95410,U,16,
0x7100b95488,U,4,
0x7100b9548c,U,4,
0x7100b954b0,U,320,
0x7100b95738,U,4,
0x7100b9573c,U,4,
0x7100b95760,U,320,
0x7100b959ec,U,4,
0x7100b959f0,U,4,
0x7100b95ca0,U,244,
0x7100b95f84,U,388,
0x7100b96108,U,124,
0x7100b96184,U,132,
0x7100b96224,U,28,
0x7100b96254,U,28,
0x7100b962b8,U,104,
0x7100b96320,U,104,
0x7100b964e0,U,160,
0x7100b96668,U,244,
0x7100b96894,U,388,
0x7100b96a18,U,124,
0x7100b96a94,U,132,
0x7100b96bb8,U,220,
0x7100b96c94,U,28,
0x7100b96cc4,U,28,
0x7100b96d20,U,96,
0x7100b96d80,U,96,
0x7100b96dec,U,144,
0x7100b96e7c,U,144,
0x7100b96f10,U,160,
0x7100b97098,U,244,
0x7100b97258,U,388,
0x7100b974dc,U,28,
0x7100b9750c,U,28,
0x7100b97558,U,60,
0x7100b97594,U,60,
0x7100b97620,U,160,
0x7100b977a8,U,244,
0x7100b978a0,U,388,
0x7100b97a4c,U,92,
0x7100b97aa8,U,28,
0x7100b97ad8,U,28,
0x7100b97bc0,U,160,
0x7100b97d48,U,244,
0x7100b97e40,U,388,
0x7100b97fec,U,132,
0x7100b98070,U,28,
0x7100b980a0,U,28,
0x7100b98180,U,160,
0x7100b98308,U,244,
0x7100b984d4,U,388,
0x7100b986bc,U,220,
0x7100b98798,U,28,
0x7100b987c8,U,28,
0x7100b9881c,U,60,
0x7100b98858,U,60,
0x7100b988e0,U,160,
0x7100b98a68,U,244,
0x7100b98b60,U,388,
0x7100b98d30,U,28,
0x7100b98d60,U,28,
0x7100b98e40,U,160,
0x7100b98f7c,U,244,
0x7100b99370,U,388,
0x7100b994f4,U,124,
0x7100b99570,U,132,
0x7100b99630,U,220,
0x7100b9970c,U,28,
0x7100b9973c,U,28,
0x7100b997c0,U,104,
0x7100b99828,U,104,
0x7100b999f0,U,160,
0x7100b99b2c,U,244,
0x7100b99f20,U,388,
0x7100b9a0a4,U,124,
0x7100b9a120,U,132,
0x7100b9a1e0,U,28,
0x7100b9a210,U,28,
0x7100b9a294,U,104,
0x7100b9a2fc,U,104,
0x7100b9a4c0,U,160,
0x7100b9a648,U,244,
0x7100b9a740,U,388,
0x7100b9a8ec,U,96,
0x7100b9a94c,U,28,
0x7100b9a97c,U,28,
0x7100b9aa60,U,160,
0x7100b9abe8,U,244,
0x7100b9ace0,U,388,
0x7100b9b0e4,U,28,
0x7100b9b114,U,28,
0x7100b9b200,U,240,
0x7100b9b3d8,U,244,
0x7100b9b4d0,U,388,
0x7100b9b67c,U,36,
0x7100b9b6a0,U,220,
0x7100b9b77c,U,28,
0x7100b9b7ac,U,28,
0x7100b9b890,U,160,
0x7100b9ba18,U,244,
0x7100b9bb10,U,388,
0x7100b9bcbc,U,96,
0x7100b9bd1c,U,28,
0x7100b9bd4c,U,28,
0x7100b9be30,U,160,
0x7100b9bfb8,U,244,
0x7100b9c0b0,U,388,
0x7100b9c25c,U,92,
0x7100b9c2b8,U,28,
0x7100b9c2e8,U,28,
0x7100b9c3d0,U,160,
0x7100b9c558,U,244,
0x7100b9cadc,U,388,
0x7100b9cc60,U,76,
0x7100b9ccac,U,4,
0x7100b9ccd4,U,76,
0x7100b9cd20,U,28,
0x7100b9cd50,U,28,
0x7100b9cdb8,U,76,
0x7100b9ce04,U,76,
0x7100b9cec0,U,160,
0x7100b9cffc,U,244,
0x7100b9d0f4,U,388,
0x7100b9d278,U,40,
0x7100b9d2a0,U,220,
0x7100b9d37c,U,28,
0x7100b9d3d0,U,28,
0x7100b9d4c0,U,160,
0x7100b9d648,U,244,
0x7100b9d80c,U,388,
0x7100b9db84,U,264,
0x7100b9dc8c,U,28,
0x7100b9dcbc,U,28,
0x7100b9dd10,U,60,
0x7100b9dd4c,U,60,
0x7100b9ddd0,U,160,
0x7100b9df58,U,244,
0x7100b9e050,U,388,
0x7100b9e1fc,U,152,
0x7100b9e294,U,28,
0x7100b9e2c4,U,28,
0x7100b9e3b0,U,160,
0x7100b9e538,U,244,
0x7100b9e630,U,388,
0x7100b9e7dc,U,152,
0x7100b9e874,U,28,
0x7100b9e8a4,U,28,
0x7100b9e990,U,160,
0x7100b9eb18,U,244,
0x7100b9ece4,U,388,
0x7100b9ef30,U,28,
0x7100b9ef60,U,28,
0x7100b9efac,U,60,
0x7100b9efe8,U,60,
0x7100b9f070,U,160,
0x7100b9f1f8,U,244,
0x7100b9f2f0,U,388,
0x7100b9f49c,U,92,
0x7100b9f4f8,U,28,
0x7100b9f528,U,28,
0x7100b9f610,U,160,
0x7100b9f798,U,244,
0x7100b9f890,U,388,
0x7100b9fab0,U,28,
0x7100b9fae0,U,28,
0x7100b9fbc0,U,160,
0x7100b9fd48,U,244,
0x7100b9ff08,U,388,
0x7100ba0124,U,28,
0x7100ba0154,U,28,
0x7100ba01a0,U,60,
0x7100ba01dc,U,60,
0x7100ba0260,U,160,
0x7100ba03e8,U,244,
0x7100ba05b4,U,388,
0x7100ba07d0,U,28,
0x7100ba0800,U,28,
0x7100ba084c,U,60,
0x7100ba0888,U,60,
0x7100ba0910,U,160,
0x7100ba0a98,U,244,
0x7100ba0b90,U,388,
0x7100ba0d14,U,412,
0x7100ba0eb0,U,28,
0x7100ba0ef4,U,352,
0x7100ba106c,U,28,
0x7100ba10d4,U,268,
0x7100ba11e0,U,268,
0x7100ba1358,U,476,
0x7100ba1540,U,160,
0x7100ba16c8,U,244,
0x7100ba17c0,U,388,
0x7100ba1964,U,28,
0x7100ba1980,U,132,
0x7100ba1a08,U,124,
0x7100ba1a9c,U,28,
0x7100ba1af0,U,120,
0x7100ba1b68,U,120,
0x7100ba1d40,U,160,
0x7100ba1ec8,U,244,
0x7100ba1fc0,U,388,
0x7100ba2164,U,28,
0x7100ba2180,U,124,
0x7100ba21fc,U,132,
0x7100ba229c,U,28,
0x7100ba22f0,U,128,
0x7100ba2370,U,128,
0x7100ba2560,U,160,
0x7100ba26e8,U,244,
0x7100ba27e0,U,388,
0x7100ba2984,U,28,
0x7100ba29a0,U,132,
0x7100ba2a28,U,124,
0x7100ba2abc,U,28,
0x7100ba2b10,U,112,
0x7100ba2b80,U,112,
0x7100ba2bfc,U,144,
0x7100ba2c8c,U,144,
0x7100ba2d20,U,160,
0x7100ba2ea8,U,244,
0x7100ba2fa0,U,388,
0x7100ba3144,U,28,
0x7100ba3160,U,132,
0x7100ba31e8,U,124,
0x7100ba327c,U,28,
0x7100ba32d0,U,120,
0x7100ba3348,U,120,
0x7100ba3520,U,160,
0x7100ba36a8,U,244,
0x7100ba37a0,U,388,
0x7100ba394c,U,92,
0x7100ba39a8,U,28,
0x7100ba39d8,U,28,
0x7100ba3ac0,U,160,
0x7100ba3bfc,U,244,
0x7100ba3dc8,U,388,
0x7100ba3fe4,U,28,
0x7100ba4014,U,28,
0x7100ba4068,U,60,
0x7100ba40a4,U,60,
0x7100ba4130,U,160,
0x7100ba42b8,U,244,
0x7100ba43b0,U,388,
0x7100ba4680,U,220,
0x7100ba475c,U,28,
0x7100ba478c,U,28,
0x7100ba4870,U,160,
0x7100ba49f8,U,244,
0x7100ba4af0,U,388,
0x7100ba4c9c,U,92,
0x7100ba4cf8,U,28,
0x7100ba4d28,U,28,
0x7100ba4e10,U,160,
0x7100ba4f98,U,244,
0x7100ba5090,U,388,
0x7100ba5258,U,28,
0x7100ba5288,U,28,
0x7100ba5370,U,160,
0x7100ba54f8,U,244,
0x7100ba55f0,U,388,
0x7100ba579c,U,92,
0x7100ba57f8,U,28,
0x7100ba5828,U,28,
0x7100ba5910,U,160,
0x7100ba5a98,U,244,
0x7100ba5b90,U,388,
0x7100ba5d3c,U,112,
0x7100ba5dac,U,28,
0x7100ba5ddc,U,28,
0x7100ba5ec0,U,160,
0x7100ba6048,U,244,
0x7100ba6140,U,388,
0x7100ba62d8,U,28,
0x7100ba632c,U,28,
0x7100ba6410,U,160,
0x7100ba654c,U,244,
0x7100ba6644,U,388,
0x7100ba67c8,U,36,
0x7100ba67ec,U,28,
0x7100ba6840,U,28,
0x7100ba6930,U,160,
0x7100ba6ab8,U,244,
0x7100ba6bb0,U,388,
0x7100ba6d5c,U,88,
0x7100ba6db4,U,28,
0x7100ba6de4,U,28,
0x7100ba6ed0,U,160,
0x7100ba7058,U,244,
0x7100ba7284,U,388,
0x7100ba7408,U,196,
0x7100ba74cc,U,124,
0x7100ba7548,U,132,
0x7100ba7640,U,28,
0x7100ba7670,U,28,
0x7100ba7690,U,96,
0x7100ba76f0,U,96,
0x7100ba775c,U,144,
0x7100ba77ec,U,144,
0x7100ba7880,U,160,
0x7100ba7a08,U,244,
0x7100ba7c34,U,388,
0x7100ba7db8,U,196,
0x7100ba7e7c,U,124,
0x7100ba7ef8,U,132,
0x7100ba80e4,U,28,
0x7100ba8114,U,28,
0x7100ba8134,U,96,
0x7100ba8194,U,96,
0x7100ba8200,U,144,
0x7100ba8290,U,144,
0x7100ba8320,U,160,
0x7100ba84a8,U,244,
0x7100ba85a0,U,388,
0x7100ba874c,U,112,
0x7100ba87bc,U,28,
0x7100ba87ec,U,28,
0x7100ba88d0,U,160,
0x7100ba8a58,U,244,
0x7100ba8c84,U,388,
0x7100ba8e08,U,124,
0x7100ba8e84,U,132,
0x7100ba96c8,U,28,
0x7100ba9720,U,28,
0x7100ba97a0,U,96,
0x7100ba9800,U,96,
0x7100ba986c,U,144,
0x7100ba98fc,U,144,
0x7100ba9990,U,400,
0x7100ba9c08,U,244,
0x7100ba9e34,U,388,
0x7100ba9fb8,U,196,
0x7100baa07c,U,124,
0x7100baa0f8,U,132,
0x7100baa22c,U,28,
0x7100baa25c,U,28,
0x7100baa27c,U,96,
0x7100baa2dc,U,96,
0x7100baa348,U,144,
0x7100baa3d8,U,144,
0x7100baa470,U,160,
0x7100baa5f8,U,244,
0x7100baa6f0,U,388,
0x7100baa888,U,28,
0x7100baa8dc,U,28,
0x7100baa9c0,U,160,
0x7100baab48,U,244,
0x7100baadb4,U,388,
0x7100bab1e8,U,428,
0x7100bab394,U,28,
0x7100bab3c4,U,28,
0x7100bab414,U,60,
0x7100bab450,U,60,
0x7100bab4d0,U,160,
0x7100bab658,U,244,
0x7100bab750,U,388,
0x7100bab900,U,28,
0x7100bab930,U,28,
0x7100baba10,U,160,
0x7100babb4c,U,244,
0x7100babc44,U,388,
0x7100babe34,U,28,
0x7100babe64,U,28,
0x7100babf50,U,160,
0x7100bac0d8,U,244,
0x7100bac1d0,U,388,
0x7100bac3c4,U,28,
0x7100bac3f4,U,28,
0x7100bac4e0,U,160,
0x7100bac668,U,244,
0x7100bac9dc,U,388,
0x7100bacb60,U,216,
0x7100bacc38,U,28,
0x7100bacc54,U,124,
0x7100baccd0,U,132,
0x7100bacd68,U,28,
0x7100bacd90,U,104,
0x7100bacdf8,U,104,
0x7100bacfb4,U,204,
0x7100bad080,U,160,
0x7100bad208,U,244,
0x7100bada6c,U,388,
0x7100baddd8,U,28,
0x7100baddf4,U,124,
0x7100bade70,U,132,
0x7100badf08,U,28,
0x7100badf34,U,112,
0x7100badfa4,U,112,
0x7100bae178,U,212,
0x7100bae250,U,160,
0x7100bae3d8,U,244,
0x7100baec3c,U,388,
0x7100baefa8,U,28,
0x7100baefc4,U,124,
0x7100baf040,U,132,
0x7100baf0d8,U,28,
0x7100baf104,U,112,
0x7100baf174,U,112,
0x7100baf348,U,212,
0x7100baf420,U,160,
0x7100baf5a8,U,244,
0x7100baf6a0,U,388,
0x7100baf898,U,28,
0x7100baf8c8,U,28,
0x7100baf930,U,268,
0x7100bafa3c,U,268,
0x7100bafbc0,U,160,
0x7100bafd48,U,244,
0x7100bafe40,U,388,
0x7100baffc4,U,32,
0x7100baffe4,U,28,
0x7100bb0038,U,28,
0x7100bb00a0,U,268,
0x7100bb01ac,U,268,
0x7100bb0330,U,160,
0x7100bb04b8,U,244,
0x7100bb138c,U,388,
0x7100bb1510,U,500,
0x7100bb1724,U,28,
0x7100bb1740,U,280,
0x7100bb1890,U,28,
0x7100bb18b0,U,208,
0x7100bb1980,U,208,
0x7100bb1abc,U,372,
0x7100bb1c30,U,160,
0x7100bb1db8,U,244,
0x7100bb2710,U,388,
0x7100bb2a04,U,268,
0x7100bb2c08,U,28,
0x7100bb2c38,U,28,
0x7100bb2c58,U,176,
0x7100bb2d08,U,176,
0x7100bb2e24,U,348,
0x7100bb2f80,U,160,
0x7100bb3108,U,244,
0x7100bb3334,U,388,
0x7100bb34b8,U,124,
0x7100bb3534,U,132,
0x7100bb35b8,U,92,
0x7100bb3614,U,28,
0x7100bb3644,U,28,
0x7100bb36a0,U,96,
0x7100bb3700,U,96,
0x7100bb376c,U,144,
0x7100bb37fc,U,144,
0x7100bb3890,U,160,
0x7100bb3a18,U,244,
0x7100bb3b10,U,388,
0x7100bb3cb4,U,28,
0x7100bb3d08,U,28,
0x7100bb3df0,U,160,
0x7100bb3f78,U,244,
0x7100bb43e0,U,388,
0x7100bb4564,U,224,
0x7100bb4644,U,196,
0x7100bb474c,U,28,
0x7100bb477c,U,28,
0x7100bb479c,U,132,
0x7100bb4820,U,132,
0x7100bb48b0,U,252,
0x7100bb49ac,U,252,
0x7100bb4ab0,U,160,
0x7100bb4c38,U,244,
0x7100bb4e64,U,388,
0x7100bb4fe8,U,124,
0x7100bb5064,U,132,
0x7100bb50e8,U,92,
0x7100bb5144,U,28,
0x7100bb5174,U,28,
0x7100bb51d0,U,96,
0x7100bb5230,U,96,
0x7100bb529c,U,144,
0x7100bb532c,U,144,
0x7100bb53c0,U,160,
0x7100bb5548,U,244,
0x7100bb5774,U,388,
0x7100bb58f8,U,124,
0x7100bb5974,U,132,
0x7100bb59f8,U,104,
0x7100bb5a60,U,28,
0x7100bb5a90,U,28,
0x7100bb5aec,U,96,
0x7100bb5b4c,U,96,
0x7100bb5bb8,U,144,
0x7100bb5c48,U,144,
0x7100bb5ce0,U,160,
0x7100bb5e68,U,244,
0x7100bb5f60,U,388,
0x7100bb610c,U,44,
0x7100bb6138,U,28,
0x7100bb6168,U,28,
0x7100bb6250,U,160,
0x7100bb63d8,U,244,
0x7100bb659c,U,388,
0x7100bb676c,U,28,
0x7100bb679c,U,28,
0x7100bb67f0,U,60,
0x7100bb682c,U,60,
0x7100bb68b0,U,160,
0x7100bb6a38,U,244,
0x7100bb6b30,U,388,
0x7100bb6cf4,U,28,
0x7100bb6d24,U,28,
0x7100bb6e10,U,160,
0x7100bb6f98,U,244,
0x7100bb71d0,U,388,
0x7100bb737c,U,28,
0x7100bb73d0,U,28,
0x7100bb74c0,U,160,
0x7100bb7648,U,244,
0x7100bb780c,U,388,
0x7100bb79d0,U,28,
0x7100bb7a24,U,28,
0x7100bb7a78,U,60,
0x7100bb7ab4,U,60,
0x7100bb7b40,U,160,
0x7100bb7cc8,U,244,
0x7100bb7e94,U,388,
0x7100bb80d0,U,28,
0x7100bb8100,U,28,
0x7100bb814c,U,60,
0x7100bb8188,U,60,
0x7100bb8210,U,160,
0x7100bb8398,U,244,
0x7100bb8490,U,388,
0x7100bb863c,U,92,
0x7100bb8698,U,28,
0x7100bb86c8,U,28,
0x7100bb87b0,U,160,
0x7100bb8938,U,244,
0x7100bb8af8,U,388,
0x7100bb8d24,U,28,
0x7100bb8d54,U,28,
0x7100bb8da0,U,60,
0x7100bb8ddc,U,60,
0x7100bb8e60,U,160,
0x7100bb8fe8,U,244,
0x7100bb90e0,U,388,
0x7100bb928c,U,92,
0x7100bb92e8,U,28,
0x7100bb9318,U,28,
0x7100bb9400,U,160,
0x7100bb9588,U,244,
0x7100bb9680,U,388,
0x7100bb982c,U,92,
0x7100bb9888,U,28,
0x7100bb98b8,U,28,
0x7100bb99a0,U,160,
0x7100bb9b28,U,244,
0x7100bb9c20,U,388,
0x7100bb9dcc,U,100,
0x7100bb9e30,U,28,
0x7100bb9e60,U,28,
0x7100bb9f40,U,160,
0x7100bba0c8,U,244,
0x7100bba2dc,U,388,
0x7100bba4f8,U,28,
0x7100bba528,U,28,
0x7100bba574,U,60,
0x7100bba5b0,U,60,
0x7100bba630,U,160,
0x7100bba7b8,U,244,
0x7100bba8b0,U,388,
0x7100bbaaf0,U,28,
0x7100bbab20,U,28,
0x7100bbac00,U,200,
0x7100bbadb0,U,244,
0x7100bbb30c,U,388,
0x7100bbb490,U,124,
0x7100bbb50c,U,132,
0x7100bbb60c,U,28,
0x7100bbb63c,U,28,
0x7100bbb6bc,U,112,
0x7100bbb72c,U,112,
0x7100bbb900,U,160,
0x7100bbba88,U,244,
0x7100bbbd58,U,388,
0x7100bbbedc,U,124,
0x7100bbbf58,U,132,
0x7100bbc03c,U,28,
0x7100bbc06c,U,28,
0x7100bbc0f4,U,104,
0x7100bbc15c,U,104,
0x7100bbc320,U,160,
0x7100bbc4a8,U,244,
0x7100bbc824,U,388,
0x7100bbc9a8,U,124,
0x7100bbca24,U,132,
0x7100bbcb08,U,28,
0x7100bbcb38,U,28,
0x7100bbcbc8,U,104,
0x7100bbcc30,U,104,
0x7100bbcdf0,U,160,
0x7100bbcf78,U,244,
0x7100bbd4cc,U,388,
0x7100bbd650,U,124,
0x7100bbd6cc,U,132,
0x7100bbd7cc,U,28,
0x7100bbd7fc,U,28,
0x7100bbd890,U,112,
0x7100bbd900,U,112,
0x7100bbdae0,U,160,
0x7100bbdc68,U,244,
0x7100bbdf38,U,388,
0x7100bbe0bc,U,124,
0x7100bbe138,U,132,
0x7100bbe21c,U,28,
0x7100bbe24c,U,28,
0x7100bbe2d4,U,104,
0x7100bbe33c,U,104,
0x7100bbe500,U,160,
0x7100bbe688,U,244,
0x7100bbea04,U,388,
0x7100bbeb88,U,124,
0x7100bbec04,U,132,
0x7100bbecec,U,28,
0x7100bbed1c,U,28,
0x7100bbeda8,U,128,
0x7100bbee28,U,128,
0x7100bbf030,U,160,
0x7100bbf1b8,U,244,
0x7100bbf534,U,388,
0x7100bbf6b8,U,124,
0x7100bbf734,U,132,
0x7100bbf81c,U,28,
0x7100bbf84c,U,28,
0x7100bbf8d8,U,128,
0x7100bbf958,U,128,
0x7100bbfb60,U,160,
0x7100bbfce8,U,244,
0x7100bbffb8,U,388,
0x7100bc013c,U,124,
0x7100bc01b8,U,132,
0x7100bc029c,U,28,
0x7100bc02cc,U,28,
0x7100bc0354,U,104,
0x7100bc03bc,U,104,
0x7100bc0580,U,160,
0x7100bc0708,U,244,
0x7100bc0988,U,388,
0x7100bc0b8c,U,28,
0x7100bc0bbc,U,28,
0x7100bc0c18,U,68,
0x7100bc0c5c,U,68,
0x7100bc0d00,U,160,
0x7100bc0e3c,U,244,
0x7100bc0f34,U,388,
0x7100bc10e0,U,92,
0x7100bc113c,U,28,
0x7100bc116c,U,28,
0x7100bc1250,U,160,
0x7100bc13d8,U,244,
0x7100bc14d0,U,388,
0x7100bc167c,U,40,
0x7100bc16a4,U,220,
0x7100bc1780,U,28,
0x7100bc17b0,U,28,
0x7100bc1890,U,160,
0x7100bc1a18,U,244,
0x7100bc1dc4,U,388,
0x7100bc1fcc,U,28,
0x7100bc1ffc,U,28,
0x7100bc2058,U,68,
0x7100bc209c,U,68,
0x7100bc2140,U,160,
0x7100bc22c8,U,244,
0x7100bc23c0,U,388,
0x7100bc25b8,U,28,
0x7100bc25e8,U,28,
0x7100bc26d0,U,160,
0x7100bc2858,U,244,
0x7100bc2a18,U,388,
0x7100bc2c18,U,28,
0x7100bc2c48,U,28,
0x7100bc2c98,U,60,
0x7100bc2cd4,U,60,
0x7100bc2d60,U,160,
0x7100bc2ee8,U,244,
0x7100bc2fe0,U,388,
0x7100bc3164,U,420,
0x7100bc3308,U,28,
0x7100bc334c,U,320,
0x7100bc34a4,U,28,
0x7100bc388c,U,304,
0x7100bc3b64,U,244,
0x7100bc3c5c,U,388,
0x7100bc3de0,U,440,
0x7100bc3f98,U,28,
0x7100bc3fec,U,28,
0x7100bc4584,U,244,
0x7100bc4a88,U,388,
0x7100bc4c0c,U,124,
0x7100bc4c88,U,132,
0x7100bc4d70,U,28,
0x7100bc4da0,U,28,
0x7100bc4e34,U,112,
0x7100bc4ea4,U,112,
0x7100bc5224,U,244,
0x7100bc5554,U,388,
0x7100bc56d8,U,196,
0x7100bc5858,U,28,
0x7100bc5888,U,28,
0x7100bc58a4,U,84,
0x7100bc58f8,U,124,
0x7100bc5974,U,124,
0x7100bc59fc,U,244,
0x7100bc5af0,U,244,
0x7100bc5bf0,U,160,
0x7100bc5d78,U,244,
0x7100bc6040,U,388,
0x7100bc61c4,U,364,
0x7100bc6330,U,28,
0x7100bc634c,U,124,
0x7100bc63c8,U,132,
0x7100bc6460,U,28,
0x7100bc6488,U,104,
0x7100bc64f0,U,104,
0x7100bc66ac,U,196,
0x7100bc6914,U,244,
0x7100bc74a4,U,388,
0x7100bc7628,U,452,
0x7100bc77ec,U,332,
0x7100bc7938,U,220,
0x7100bc7a14,U,28,
0x7100bc7a30,U,628,
0x7100bc7cdc,U,28,
0x7100bc7d14,U,308,
0x7100bc7e48,U,308,
0x7100bc7fe8,U,1124,
0x7100bc844c,U,780,
0x7100bc8904,U,244,
0x7100bc8bcc,U,388,
0x7100bc8d50,U,312,
0x7100bc8e88,U,332,
0x7100bc8fd4,U,28,
0x7100bc8ff0,U,124,
0x7100bc906c,U,132,
0x7100bc9104,U,28,
0x7100bc912c,U,104,
0x7100bc9194,U,104,
0x7100bc9350,U,196,
0x7100bc95c4,U,244,
0x7100bc9b88,U,388,
0x7100bc9d0c,U,644,
0x7100bc9f90,U,332,
0x7100bca0dc,U,28,
0x7100bca0f8,U,340,
0x7100bca284,U,28,
0x7100bca2a0,U,620,
0x7100bca50c,U,188,
0x7100bca5c8,U,188,
0x7100bca6f0,U,420,
0x7100bcaa44,U,244,
0x7100bcadb8,U,388,
0x7100bcaf3c,U,124,
0x7100bcafb8,U,132,
0x7100bcb03c,U,140,
0x7100bcb0c8,U,28,
0x7100bcb0f8,U,28,
0x7100bcb180,U,104,
0x7100bcb1e8,U,104,
0x7100bcb3b0,U,160,
0x7100bcb538,U,244,
0x7100bcb8ac,U,388,
0x7100bcba30,U,124,
0x7100bcbaac,U,132,
0x7100bcbb30,U,140,
0x7100bcbbbc,U,28,
0x7100bcbbec,U,28,
0x7100bcbc74,U,104,
0x7100bcbcdc,U,104,
0x7100bcbea0,U,160,
0x7100bcc028,U,244,
0x7100bcc120,U,388,
0x7100bcc3b8,U,28,
0x7100bcc3e8,U,28,
0x7100bcc4d0,U,160,
0x7100bcc658,U,244,
0x7100bcc750,U,388,
0x7100bcc918,U,28,
0x7100bcc948,U,28,
0x7100bcca30,U,160,
0x7100bccbb8,U,244,
0x7100bcccb0,U,388,
0x7100bccf9c,U,28,
0x7100bccfcc,U,28,
0x7100bcd0b0,U,160,
0x7100bcd238,U,244,
0x7100bcd330,U,388,
0x7100bcd4f4,U,28,
0x7100bcd524,U,28,
0x7100bcd610,U,160,
0x7100bcd798,U,244,
0x7100bcd890,U,388,
0x7100bcdb74,U,28,
0x7100bcdba4,U,28,
0x7100bcdc90,U,160,
0x7100bcde7c,U,384,
0x7100bce0e4,U,244,
0x7100bce2ac,U,388,
0x7100bce4e4,U,28,
0x7100bce5a0,U,28,
0x7100bce5ec,U,60,
0x7100bce628,U,60,
0x7100bce864,U,232,
0x7100bce94c,U,244,
0x7100bceb10,U,388,
0x7100bced2c,U,28,
0x7100bced5c,U,28,
0x7100bcedb0,U,60,
0x7100bcedec,U,60,
0x7100bcee70,U,160,
0x7100bceff8,U,244,
0x7100bcf0f0,U,388,
0x7100bcf29c,U,88,
0x7100bcf2f4,U,28,
0x7100bcf324,U,28,
0x7100bcf410,U,160,
0x7100bcf598,U,244,
0x7100bcfbe0,U,388,
0x7100bcfd64,U,196,
0x7100bd0050,U,28,
0x7100bd0080,U,28,
0x7100bd013c,U,140,
0x7100bd01c8,U,140,
0x7100bd0260,U,260,
0x7100bd0364,U,260,
0x7100bd0470,U,160,
0x7100bd05f8,U,244,
0x7100bd0824,U,388,
0x7100bd09a8,U,196,
0x7100bd0a6c,U,124,
0x7100bd0ae8,U,132,
0x7100bd0b84,U,28,
0x7100bd0bb4,U,28,
0x7100bd0bd4,U,96,
0x7100bd0c34,U,96,
0x7100bd0ca0,U,144,
0x7100bd0d30,U,144,
0x7100bd0dc0,U,160,
0x7100bd0f48,U,244,
0x7100bd110c,U,388,
0x7100bd1318,U,28,
0x7100bd1348,U,28,
0x7100bd1394,U,60,
0x7100bd13d0,U,60,
0x7100bd1450,U,160,
0x7100bd15d8,U,244,
0x7100bd1984,U,388,
0x7100bd1e74,U,28,
0x7100bd1ea4,U,28,
0x7100bd1efc,U,68,
0x7100bd1f40,U,68,
0x7100bd1fe0,U,160,
0x7100bd2168,U,244,
0x7100bd2580,U,388,
0x7100bd2704,U,204,
0x7100bd27d0,U,124,
0x7100bd284c,U,132,
0x7100bd29d0,U,28,
0x7100bd2a00,U,28,
0x7100bd2a20,U,104,
0x7100bd2a88,U,104,
0x7100bd2afc,U,152,
0x7100bd2b94,U,152,
0x7100bd2c30,U,160,
0x7100bd2db8,U,244,
0x7100bd2eb0,U,388,
0x7100bd313c,U,28,
0x7100bd316c,U,28,
0x7100bd3250,U,160,
0x7100bd33d8,U,244,
0x7100bd3658,U,388,
0x7100bd37dc,U,216,
0x7100bd38b4,U,28,
0x7100bd3908,U,28,
0x7100bd396c,U,68,
0x7100bd39b0,U,68,
0x7100bd3a50,U,160,
0x7100bd3bd8,U,244,
0x7100bd4038,U,388,
0x7100bd41bc,U,1264,
0x7100bd46ac,U,220,
0x7100bd4788,U,336,
0x7100bd48d8,U,28,
0x7100bd49b0,U,28,
0x7100bd4c34,U,208,
0x7100bd4d04,U,208,
0x7100bd4de0,U,160,
0x7100bd4f68,U,244,
0x7100bd5134,U,388,
0x7100bd535c,U,28,
0x7100bd538c,U,28,
0x7100bd53d8,U,60,
0x7100bd5414,U,60,
0x7100bd54a0,U,160,
0x7100bd5628,U,244,
0x7100bd589c,U,388,
0x7100bd5b14,U,28,
0x7100bd5b44,U,28,
0x7100bd5ba0,U,84,
0x7100bd5bf4,U,84,
0x7100bd5cc0,U,160,
0x7100bd5e48,U,244,
0x7100bd60c4,U,388,
0x7100bd62bc,U,28,
0x7100bd6310,U,28,
0x7100bd6374,U,68,
0x7100bd63b8,U,68,
0x7100bd6450,U,160,
0x7100bd65d8,U,244,
0x7100bd6854,U,388,
0x7100bd6a4c,U,28,
0x7100bd6aa0,U,28,
0x7100bd6b04,U,68,
0x7100bd6b48,U,68,
0x7100bd6be0,U,160,
0x7100bd6d68,U,244,
0x7100bd6f34,U,388,
0x7100bd710c,U,28,
0x7100bd7160,U,28,
0x7100bd71b8,U,60,
0x7100bd71f4,U,60,
0x7100bd7280,U,160,
0x7100bd7408,U,244,
0x7100bd7d30,U,388,
0x7100bd7eb4,U,340,
0x7100bd8598,U,28,
0x7100bd85c8,U,28,
0x7100bd85e4,U,140,
0x7100bd8670,U,196,
0x7100bd8734,U,196,
0x7100bd8864,U,428,
0x7100bd8a10,U,160,
0x7100bd8b98,U,244,
0x7100bd8d64,U,388,
0x7100bd8f30,U,28,
0x7100bd8f60,U,28,
0x7100bd8fb4,U,60,
0x7100bd8ff0,U,60,
0x7100bd9070,U,160,
0x7100bd91f8,U,244,
0x7100bda4f4,U,388,
0x7100bda678,U,228,
0x7100bda75c,U,416,
0x7100bda920,U,2624,
0x7100bdb360,U,28,
0x7100bdb398,U,28,
0x7100bdb498,U,272,
0x7100bdb5a8,U,272,
0x7100bdb724,U,556,
0x7100bdb950,U,160,
0x7100bdba8c,U,244,
0x7100bdbf50,U,388,
0x7100bdc0fc,U,172,
0x7100bdc1a8,U,28,
0x7100bdc1d8,U,28,
0x7100bdc2d4,U,312,
0x7100bdc40c,U,312,
0x7100bdc550,U,76,
0x7100bdc59c,U,76,
0x7100bdc5f0,U,160,
0x7100bdc778,U,244,
0x7100bdcae8,U,388,
0x7100bdcc6c,U,124,
0x7100bdcce8,U,132,
0x7100bdcd6c,U,116,
0x7100bdcde0,U,28,
0x7100bdce10,U,28,
0x7100bdce80,U,332,
0x7100bdcfcc,U,332,
0x7100bdd270,U,160,
0x7100bdd3f8,U,244,
0x7100bddb58,U,388,
0x7100bddcdc,U,340,
0x7100bddfac,U,28,
0x7100bddfdc,U,28,
0x7100bde12c,U,408,
0x7100bde2c4,U,408,
0x7100bde460,U,160,
0x7100bde5e8,U,244,
0x7100bde8b4,U,388,
0x7100bdea38,U,124,
0x7100bdeab4,U,132,
0x7100bdeb7c,U,28,
0x7100bdebac,U,28,
0x7100bdec10,U,104,
0x7100bdec78,U,104,
0x7100bdee40,U,160,
0x7100bdefc8,U,244,
0x7100bdf194,U,388,
0x7100bdf364,U,28,
0x7100bdf394,U,28,
0x7100bdf3e0,U,60,
0x7100bdf41c,U,60,
0x7100bdf4a0,U,160,
0x7100bdf628,U,244,
0x7100bdf7ec,U,388,
0x7100bdf9bc,U,28,
0x7100bdf9ec,U,28,
0x7100bdfa40,U,60,
0x7100bdfa7c,U,60,
0x7100bdfb00,U,160,
0x7100bdfc88,U,244,
0x7100be005c,U,388,
0x7100be01e0,U,196,
0x7100be031c,U,28,
0x7100be034c,U,28,
0x7100be03ec,U,132,
0x7100be0470,U,132,
0x7100be0500,U,252,
0x7100be05fc,U,252,
0x7100be0700,U,160,
0x7100be0888,U,244,
0x7100be0bb8,U,388,
0x7100be0d3c,U,484,
0x7100be0f20,U,28,
0x7100be0f3c,U,196,
0x7100be1038,U,28,
0x7100be1054,U,244,
0x7100be1148,U,124,
0x7100be11c4,U,124,
0x7100be124c,U,244,
0x7100be1340,U,244,
0x7100be1440,U,160,
0x7100be15c8,U,244,
0x7100be16c0,U,388,
0x7100be186c,U,92,
0x7100be18c8,U,28,
0x7100be18f8,U,28,
0x7100be19e0,U,160,
0x7100be1b68,U,244,
0x7100be1c60,U,388,
0x7100be1f08,U,28,
0x7100be1f38,U,28,
0x7100be2020,U,160,
0x7100be21a8,U,244,
0x7100be251c,U,388,
0x7100be26a0,U,124,
0x7100be271c,U,132,
0x7100be27a0,U,196,
0x7100be2864,U,28,
0x7100be2894,U,28,
0x7100be291c,U,104,
0x7100be2984,U,104,
0x7100be2b40,U,160,
0x7100be2cc8,U,244,
0x7100be2ef4,U,388,
0x7100be3078,U,196,
0x7100be313c,U,124,
0x7100be31b8,U,132,
0x7100be32dc,U,28,
0x7100be330c,U,28,
0x7100be332c,U,96,
0x7100be338c,U,96,
0x7100be33f8,U,144,
0x7100be3488,U,144,
0x7100be3520,U,160,
0x7100be36a8,U,244,
0x7100be37a0,U,388,
0x7100be396c,U,28,
0x7100be399c,U,28,
0x7100be3a80,U,160,
0x7100be3c08,U,244,
0x7100be4178,U,388,
0x7100be42fc,U,380,
0x7100be4478,U,320,
0x7100be45dc,U,388,
0x7100be4760,U,380,
0x7100be48dc,U,28,
0x7100be490c,U,28,
0x7100be4d2c,U,68,
0x7100be4f84,U,244,
0x7100be5250,U,388,
0x7100be53d4,U,124,
0x7100be5450,U,132,
0x7100be54d4,U,196,
0x7100be5598,U,28,
0x7100be55c8,U,28,
0x7100be564c,U,104,
0x7100be56b4,U,104,
0x7100be5870,U,160,
0x7100be59f8,U,244,
0x7100be5c24,U,388,
0x7100be5da8,U,196,
0x7100be5e6c,U,124,
0x7100be5ee8,U,132,
0x7100be600c,U,28,
0x7100be603c,U,28,
0x7100be605c,U,96,
0x7100be60bc,U,96,
0x7100be6128,U,144,
0x7100be61b8,U,144,
0x7100be6250,U,160,
0x7100be63d8,U,244,
0x7100be6744,U,388,
0x7100be68c8,U,124,
0x7100be6944,U,132,
0x7100be69e8,U,28,
0x7100be6a18,U,28,
0x7100be6a80,U,104,
0x7100be6ae8,U,104,
0x7100be6cb0,U,160,
0x7100be6e38,U,244,
0x7100be7064,U,388,
0x7100be723c,U,28,
0x7100be7258,U,124,
0x7100be72d4,U,132,
0x7100be736c,U,28,
0x7100be7394,U,96,
0x7100be73f4,U,96,
0x7100be7460,U,144,
0x7100be74f0,U,144,
0x7100be7580,U,196,
0x7100be7650,U,160,
0x7100be77d8,U,244,
0x7100be7a04,U,388,
0x7100be7b88,U,68,
0x7100be7bcc,U,28,
0x7100be7be8,U,124,
0x7100be7c64,U,132,
0x7100be7cfc,U,28,
0x7100be7d24,U,96,
0x7100be7d84,U,96,
0x7100be7df0,U,144,
0x7100be7e80,U,144,
0x7100be7f10,U,196,
0x7100be7fe0,U,160,
0x7100be8168,U,244,
0x7100be8334,U,388,
0x7100be8550,U,28,
0x7100be8580,U,28,
0x7100be85cc,U,60,
0x7100be8608,U,60,
0x7100be8690,U,160,
0x7100be8818,U,244,
0x7100be8a84,U,388,
0x7100be8c74,U,220,
0x7100be8d50,U,28,
0x7100be8d80,U,28,
0x7100be8dcc,U,60,
0x7100be8e08,U,60,
0x7100be8e90,U,160,
0x7100be9018,U,244,
0x7100be9110,U,388,
0x7100be92bc,U,100,
0x7100be9320,U,28,
0x7100be9350,U,28,
0x7100be939c,U,60,
0x7100be93d8,U,60,
0x7100be9460,U,160,
0x7100be95e8,U,244,
0x7100be96e0,U,388,
0x7100be98c8,U,28,
0x7100be98f8,U,28,
0x7100be9944,U,92,
0x7100be99a0,U,92,
0x7100be9a60,U,160,
0x7100be9b9c,U,244,
0x7100be9c94,U,388,
0x7100be9e7c,U,220,
0x7100be9f58,U,28,
0x7100be9f88,U,28,
0x7100bea070,U,160,
0x7100bea1f8,U,244,
0x7100bea2f0,U,388,
0x7100bea49c,U,92,
0x7100bea4f8,U,28,
0x7100bea528,U,28,
0x7100bea610,U,160,
0x7100bea798,U,244,
0x7100bea964,U,388,
0x7100beab80,U,28,
0x7100beabb0,U,28,
0x7100beabfc,U,60,
0x7100beac38,U,60,
0x7100beacc0,U,160,
0x7100beae48,U,244,
0x7100bebe04,U,364,
0x7100bebf70,U,160,
0x7100bec024,U,28,
0x7100bec0b0,U,160,
0x7100bec238,U,244,
0x7100bec504,U,364,
0x7100bec670,U,72,
0x7100bec6cc,U,28,
0x7100bec840,U,160,
0x7100bec9c8,U,244,
0x7100bece00,U,364,
0x7100becf6c,U,80,
0x7100becfd0,U,28,
0x7100bed150,U,160,
0x7100bed2d8,U,244,
0x7100bed504,U,364,
0x7100bed670,U,64,
0x7100bed6c4,U,28,
0x7100bed6ec,U,144,
0x7100bed77c,U,144,
0x7100bed810,U,160,
0x7100bed998,U,244,
0x7100bedd0c,U,364,
0x7100bede78,U,76,
0x7100beded8,U,28,
0x7100bee050,U,160,
0x7100bee1d8,U,244,
0x7100bee7f4,U,364,
0x7100bee960,U,380,
0x7100beeadc,U,388,
0x7100beec74,U,28,
0x7100beee0c,U,68,
0x7100bef064,U,244,
0x7100bef15c,U,368,
0x7100bef2f4,U,28,
0x7100bef324,U,28,
0x7100bef3f0,U,160,
0x7100bef52c,U,244,
0x7100bef624,U,368,
0x7100bef7bc,U,28,
0x7100bef7ec,U,28,
0x7100bef8b0,U,160,
0x7100befa38,U,244,
0x7100befb30,U,368,
0x7100befcc8,U,28,
0x7100befcf8,U,28,
0x7100befdc0,U,160,
0x7100beff48,U,244,
0x7100bf0174,U,368,
0x7100bf02e4,U,212,
0x7100bf03b8,U,124,
0x7100bf0434,U,132,
0x7100bf04b8,U,28,
0x7100bf04e8,U,28,
0x7100bf05d0,U,160,
0x7100bf0758,U,244,
0x7100bf0850,U,368,
0x7100bf09e8,U,28,
0x7100bf0a18,U,28,
0x7100bf0ae0,U,160,
0x7100bf0c1c,U,244,
0x7100bf0d14,U,368,
0x7100bf0eac,U,28,
0x7100bf0edc,U,28,
0x7100bf0fa0,U,160,
0x7100bf1128,U,244,
0x7100bf1220,U,368,
0x7100bf13b8,U,28,
0x7100bf13e8,U,28,
0x7100bf14b0,U,160,
0x7100bf1638,U,244,
0x7100bf1968,U,368,
0x7100bf1ad8,U,196,
0x7100bf1bc0,U,28,
0x7100bf1bf0,U,28,
0x7100bf1da0,U,160,
0x7100bf1f28,U,244,
0x7100bf2258,U,368,
0x7100bf23c8,U,196,
0x7100bf24b0,U,28,
0x7100bf24e0,U,28,
0x7100bf2690,U,160,
0x7100bf2818,U,244,
0x7100bf2910,U,368,
0x7100bf2aa8,U,28,
0x7100bf2ad8,U,28,
0x7100bf2ba0,U,160,
0x7100bf2cdc,U,244,
0x7100bf2dd4,U,368,
0x7100bf2f6c,U,28,
0x7100bf2f9c,U,28,
0x7100bf3060,U,160,
0x7100bf31e8,U,244,
0x7100bf32e0,U,368,
0x7100bf3478,U,28,
0x7100bf34a8,U,28,
0x7100bf3570,U,160,
0x7100bf36f8,U,244,
0x7100bf37f0,U,368,
0x7100bf3988,U,28,
0x7100bf39b8,U,28,
0x7100bf3a80,U,160,
0x7100bf3bbc,U,244,
0x7100bf3cb4,U,368,
0x7100bf3e4c,U,28,
0x7100bf3e7c,U,28,
0x7100bf3f40,U,160,
0x7100bf407c,U,244,
0x7100bf4174,U,368,
0x7100bf430c,U,28,
0x7100bf433c,U,28,
0x7100bf4400,U,160,
0x7100bf4588,U,244,
0x7100bf4680,U,368,
0x7100bf4818,U,28,
0x7100bf4848,U,28,
0x7100bf4910,U,160,
0x7100bf4a98,U,244,
0x7100bf4b90,U,368,
0x7100bf4d28,U,28,
0x7100bf4d58,U,28,
0x7100bf4e20,U,160,
0x7100bf4fa8,U,244,
0x7100bf50a0,U,368,
0x7100bf5238,U,28,
0x7100bf5268,U,28,
0x7100bf5330,U,160,
0x7100bf54b8,U,244,
0x7100bf55b0,U,368,
0x7100bf5748,U,28,
0x7100bf5778,U,28,
0x7100bf5840,U,160,
0x7100bf597c,U,244,
0x7100bf5a74,U,368,
0x7100bf5c0c,U,28,
0x7100bf5c3c,U,28,
0x7100bf5d00,U,160,
0x7100bf5e3c,U,244,
0x7100bf5f34,U,368,
0x7100bf60cc,U,28,
0x7100bf60fc,U,28,
0x7100bf61c0,U,160,
0x7100bf6348,U,244,
0x7100bf6440,U,368,
0x7100bf65d8,U,28,
0x7100bf6608,U,28,
0x7100bf6760,U,160,
0x7100bf68e8,U,244,
0x7100bf69e0,U,368,
0x7100bf6b78,U,28,
0x7100bf6ba8,U,28,
0x7100bf6c70,U,160,
0x7100bf6df8,U,244,
0x7100bf6ef0,U,368,
0x7100bf7088,U,28,
0x7100bf70b8,U,28,
0x7100bf7180,U,160,
0x7100bf7308,U,244,
0x7100bf7400,U,368,
0x7100bf7598,U,28,
0x7100bf75c8,U,28,
0x7100bf7720,U,160,
0x7100bf78a8,U,244,
0x7100bf79a0,U,368,
0x7100bf7b38,U,28,
0x7100bf7b68,U,28,
0x7100bf7c30,U,160,
0x7100bf7db8,U,244,
0x7100bf7eb0,U,368,
0x7100bf8048,U,28,
0x7100bf8078,U,28,
0x7100bf8140,U,160,
0x7100bf82c8,U,244,
0x7100bf848c,U,368,
0x7100bf8624,U,28,
0x7100bf8654,U,28,
0x7100bf8730,U,160,
0x7100bf88b8,U,244,
0x7100bf89b0,U,368,
0x7100bf8b48,U,28,
0x7100bf8b78,U,28,
0x7100bf8c40,U,160,
0x7100bf8dc8,U,244,
0x7100bf8ec0,U,368,
0x7100bf9058,U,28,
0x7100bf9088,U,28,
0x7100bf9150,U,160,
0x7100bf92d8,U,244,
0x7100bf9504,U,368,
0x7100bf9674,U,124,
0x7100bf96f0,U,132,
0x7100bf9774,U,28,
0x7100bf97a4,U,28,
0x7100bf98f0,U,160,
0x7100bf9a78,U,244,
0x7100bf9b70,U,368,
0x7100bf9d08,U,28,
0x7100bf9d38,U,28,
0x7100bf9e00,U,160,
0x7100bf9f88,U,244,
0x7100bfa1b4,U,368,
0x7100bfa324,U,124,
0x7100bfa3a0,U,132,
0x7100bfa424,U,28,
0x7100bfa454,U,28,
0x7100bfa5a0,U,160,
0x7100bfa728,U,244,
0x7100bfa820,U,368,
0x7100bfa9b8,U,28,
0x7100bfa9e8,U,28,
0x7100bfaab0,U,160,
0x7100bfac38,U,244,
0x7100bfad30,U,368,
0x7100bfaec8,U,28,
0x7100bfaef8,U,28,
0x7100bfafc0,U,160,
0x7100bfb148,U,244,
0x7100bfb240,U,368,
0x7100bfb3d8,U,28,
0x7100bfb408,U,28,
0x7100bfb4d0,U,160,
0x7100bfb658,U,244,
0x7100bfb750,U,368,
0x7100bfb8e8,U,28,
0x7100bfb918,U,28,
0x7100bfb9e0,U,160,
0x7100bfbb68,U,244,
0x7100bfbc60,U,368,
0x7100bfbdf8,U,28,
0x7100bfbe28,U,28,
0x7100bfbef0,U,160,
0x7100bfc078,U,244,
0x7100bfc170,U,368,
0x7100bfc308,U,28,
0x7100bfc338,U,28,
0x7100bfc400,U,160,
0x7100bfc588,U,244,
0x7100bfc680,U,368,
0x7100bfc818,U,28,
0x7100bfc848,U,28,
0x7100bfc910,U,160,
0x7100bfca98,U,244,
0x7100bfcb90,U,368,
0x7100bfcd28,U,28,
0x7100bfcd58,U,28,
0x7100bfce20,U,160,
0x7100bfcfa8,U,244,
0x7100bfd0a0,U,368,
0x7100bfd238,U,28,
0x7100bfd268,U,28,
0x7100bfd330,U,160,
0x7100bfd4b8,U,244,
0x7100bfd5b0,U,368,
0x7100bfd748,U,28,
0x7100bfd778,U,28,
0x7100bfd840,U,160,
0x7100bfd9c8,U,244,
0x7100bfdac0,U,368,
0x7100bfdc58,U,28,
0x7100bfdc88,U,28,
0x7100bfdd50,U,160,
0x7100bfded8,U,244,
0x7100bfdfd0,U,368,
0x7100bfe168,U,28,
0x7100bfe198,U,28,
0x7100bfe260,U,160,
0x7100bfe508,U,388,
0x7100bfe68c,U,380,
0x7100bfe80c,U,244,
0x7100bfed98,U,388,
0x7100bfef1c,U,380,
0x7100bff09c,U,244,
0x7100bffde8,U,372,
0x7100bfff5c,U,192,
0x7100c0001c,U,380,
0x7100c00198,U,380,
0x7100c00318,U,244,
0x7100c0087c,U,352,
0x7100c009dc,U,220,
0x7100c00ab8,U,220,
0x7100c00f24,U,388,
0x7100c010a8,U,220,
0x7100c01514,U,388,
0x7100c01698,U,220,
0x7100c01774,U,504,
0x7100c0196c,U,220,
0x7100c01a48,U,220,
0x7100c01eb4,U,388,
0x7100c02038,U,220,
0x7100c024a4,U,388,
0x7100c02628,U,220,
0x7100c02704,U,488,
0x7100c028ec,U,220,
0x7100c029c8,U,220,
0x7100c02e28,U,388,
0x7100c02fac,U,220,
0x7100c0340c,U,388,
0x7100c03590,U,220,
0x7100c0366c,U,500,
0x7100c038b8,U,372,
0x7100c03a2c,U,692,
0x7100c03ce0,U,240,
0x7100c03dd0,U,540,
0x7100c03fec,U,100,
0x7100c04050,U,228,
0x7100c04134,U,304,
0x7100c04264,U,248,
0x7100c043e0,U,88,
0x7100c04438,U,28,
0x7100c04454,U,240,
0x7100c04554,U,28,
0x7100c04570,U,172,
0x7100c04828,U,28,
0x7100c04948,U,368,
0x7100c04ab8,U,104,
0x7100c04b58,U,20,
0x7100c04bb8,U,368,
0x7100c04d28,U,104,
0x7100c04dc8,U,20,
0x7100c04e28,U,364,
0x7100c04f94,U,60,
0x7100c0500c,U,20,
0x7100c05060,U,264,
0x7100c051e8,U,524,
0x7100c053f4,U,364,
0x7100c05560,U,60,
0x7100c055d8,U,20,
0x7100c0562c,U,264,
0x7100c057b4,U,524,
0x7100c059c0,U,368,
0x7100c05b30,U,104,
0x7100c05bd0,U,20,
0x7100c05c30,U,368,
0x7100c05da0,U,104,
0x7100c05e40,U,20,
0x7100c05ea0,U,364,
0x7100c0600c,U,60,
0x7100c06084,U,20,
0x7100c0621c,U,392,
0x7100c063a4,U,364,
0x7100c06510,U,60,
0x7100c06588,U,20,
0x7100c06720,U,392,
0x7100c068a8,U,364,
0x7100c06a14,U,96,
0x7100c06aac,U,20,
0x7100c06b0c,U,364,
0x7100c06c78,U,96,
0x7100c06d10,U,20,
0x7100c06d70,U,364,
0x7100c06edc,U,60,
0x7100c06f74,U,20,
0x7100c070b0,U,364,
0x7100c0721c,U,60,
0x7100c072b4,U,20,
0x7100c073f0,U,324,
0x7100c07610,U,88,
0x7100c07668,U,120,
0x7100c076f4,U,28,
0x7100c0778c,U,240,
0x7100c078c0,U,100,
0x7100c07924,U,168,
0x7100c079cc,U,80,
0x7100c07a84,U,28,
0x7100c07aa0,U,96,
0x7100c07c58,U,184,
0x7100c07d10,U,416,
0x7100c07eb0,U,168,
0x7100c0817c,U,28,
0x7100c08274,U,264,
0x7100c08480,U,420,
0x7100c08624,U,80,
0x7100c08674,U,96,
0x7100c08704,U,500,
0x7100c088f8,U,264,
0x7100c08a10,U,80,
0x7100c08a60,U,96,
0x7100c08b48,U,236,
0x7100c08c70,U,92,
0x7100c08ccc,U,164,
0x7100c08ee0,U,172,
0x7100c08f8c,U,320,
0x7100c090cc,U,544,
0x7100c092ec,U,372,
0x7100c09460,U,752,
0x7100c09774,U,332,
0x7100c098c0,U,344,
0x7100c09c34,U,400,
0x7100c09dc4,U,80,
0x7100c09e14,U,96,
0x7100c09f78,U,80,
0x7100c09fc8,U,96,
0x7100c0a0a4,U,240,
0x7100c0a3d4,U,172,
0x7100c0a480,U,936,
0x7100c0a828,U,732,
0x7100c0ab28,U,256,
0x7100c0ac28,U,268,
0x7100c0b01c,U,80,
0x7100c0b234,U,80,
0x7100c0b5bc,U,488,
0x7100c0b7a4,U,488,
0x7100c0b98c,U,536,
0x7100c0bba4,U,536,
0x7100c0bdbc,U,472,
0x7100c0bfb4,U,168,
0x7100c0c05c,U,176,
0x7100c0c10c,U,668,
0x7100c0cbe0,U,232,
0x7100c0ccc8,U,244,
0x7100c0cdc0,U,368,
0x7100c0cf58,U,28,
0x7100c0cf88,U,28,
0x7100c0d050,U,160,
0x7100c0d1d8,U,244,
0x7100c0d2d0,U,368,
0x7100c0d468,U,28,
0x7100c0d498,U,28,
0x7100c0d560,U,160,
0x7100c0d6e8,U,244,
0x7100c0d8d8,U,368,
0x7100c0da70,U,28,
0x7100c0daa0,U,28,
0x7100c0db80,U,160,
0x7100c0dd08,U,244,
0x7100c0def8,U,368,
0x7100c0e090,U,28,
0x7100c0e0c0,U,28,
0x7100c0e1a0,U,160,
0x7100c0e328,U,244,
0x7100c0e518,U,368,
0x7100c0e6b0,U,28,
0x7100c0e6e0,U,28,
0x7100c0e7c0,U,160,
0x7100c0e948,U,244,
0x7100c0ea40,U,368,
0x7100c0ebd8,U,28,
0x7100c0ec08,U,28,
0x7100c0ecd0,U,160,
0x7100c0ee0c,U,244,
0x7100c0ef04,U,368,
0x7100c0f09c,U,28,
0x7100c0f0cc,U,28,
0x7100c0f190,U,160,
0x7100c0f318,U,244,
0x7100c0f558,U,368,
0x7100c0f6f0,U,28,
0x7100c0f720,U,28,
0x7100c0f800,U,160,
0x7100c0f988,U,244,
0x7100c0fa80,U,368,
0x7100c0fc18,U,28,
0x7100c0fc48,U,28,
0x7100c0fd10,U,160,
0x7100c0fe98,U,244,
0x7100c0ff90,U,368,
0x7100c10128,U,28,
0x7100c10158,U,28,
0x7100c10220,U,160,
0x7100c103a8,U,244,
0x7100c104a0,U,368,
0x7100c10638,U,28,
0x7100c10668,U,28,
0x7100c10730,U,160,
0x7100c108b8,U,244,
0x7100c109b0,U,368,
0x7100c10b48,U,28,
0x7100c10b78,U,28,
0x7100c10c40,U,160,
0x7100c10e2c,U,384,
0x7100c11094,U,244,
0x7100c11258,U,368,
0x7100c113f0,U,28,
0x7100c114ac,U,28,
0x7100c11734,U,232,
0x7100c1181c,U,244,
0x7100c11914,U,368,
0x7100c11aac,U,28,
0x7100c11adc,U,28,
0x7100c11ba0,U,160,
0x7100c11d28,U,244,
0x7100c11e20,U,368,
0x7100c11fb8,U,28,
0x7100c11fe8,U,28,
0x7100c120b0,U,160,
0x7100c12238,U,244,
0x7100c12798,U,368,
0x7100c12908,U,380,
0x7100c12a84,U,344,
0x7100c12c00,U,784,
0x7100c12f10,U,28,
0x7100c12f40,U,28,
0x7100c12ff4,U,388,
0x7100c13178,U,388,
0x7100c13308,U,68,
0x7100c1334c,U,204,
0x7100c13420,U,160,
0x7100c135a8,U,244,
0x7100c13800,U,368,
0x7100c13970,U,212,
0x7100c13a44,U,124,
0x7100c13ac0,U,132,
0x7100c13b44,U,28,
0x7100c13b74,U,28,
0x7100c13c50,U,160,
0x7100c13dd8,U,244,
0x7100c13ed0,U,368,
0x7100c14068,U,28,
0x7100c14098,U,28,
0x7100c14160,U,160,
0x7100c142e8,U,244,
0x7100c14514,U,368,
0x7100c14684,U,124,
0x7100c14700,U,132,
0x7100c14784,U,28,
0x7100c147b4,U,28,
0x7100c148e0,U,160,
0x7100c14a68,U,244,
0x7100c14b60,U,368,
0x7100c14cf8,U,28,
0x7100c14d28,U,28,
0x7100c14df0,U,160,
0x7100c14f2c,U,244,
0x7100c15024,U,368,
0x7100c151bc,U,28,
0x7100c151ec,U,28,
0x7100c152b0,U,160,
0x7100c15438,U,244,
0x7100c15530,U,368,
0x7100c156c8,U,28,
0x7100c156f8,U,28,
0x7100c157c0,U,160,
0x7100c15948,U,244,
0x7100c15bb4,U,368,
0x7100c15d4c,U,28,
0x7100c15d7c,U,28,
0x7100c15e50,U,160,
0x7100c15fd8,U,244,
0x7100c160d0,U,368,
0x7100c16268,U,28,
0x7100c16298,U,28,
0x7100c16360,U,160,
0x7100c164e8,U,244,
0x7100c165e0,U,368,
0x7100c16778,U,28,
0x7100c167a8,U,28,
0x7100c16870,U,160,
0x7100c169f8,U,244,
0x7100c16af0,U,368,
0x7100c16c88,U,28,
0x7100c16cb8,U,28,
0x7100c16d80,U,160,
0x7100c16f08,U,244,
0x7100c17000,U,368,
0x7100c17198,U,28,
0x7100c171c8,U,28,
0x7100c17290,U,160,
0x7100c17418,U,244,
0x7100c17510,U,368,
0x7100c176a8,U,28,
0x7100c176d8,U,28,
0x7100c177a0,U,160,
0x7100c17928,U,244,
0x7100c17b54,U,368,
0x7100c17cc4,U,212,
0x7100c17d98,U,124,
0x7100c17e14,U,132,
0x7100c17e98,U,28,
0x7100c17ec8,U,28,
0x7100c17fb0,U,160,
0x7100c18138,U,244,
0x7100c18230,U,368,
0x7100c183c8,U,28,
0x7100c183f8,U,28,
0x7100c184c0,U,160,
0x7100c18648,U,244,
0x7100c18740,U,368,
0x7100c188d8,U,28,
0x7100c18908,U,28,
0x7100c189d0,U,160,
0x7100c18b58,U,244,
0x7100c18c50,U,368,
0x7100c18de8,U,28,
0x7100c18e18,U,28,
0x7100c18ee0,U,160,
0x7100c19068,U,244,
0x7100c19160,U,368,
0x7100c192f8,U,28,
0x7100c19328,U,28,
0x7100c193f0,U,160,
0x7100c19578,U,244,
0x7100c19670,U,368,
0x7100c19808,U,28,
0x7100c19838,U,28,
0x7100c19900,U,160,
0x7100c19a3c,U,244,
0x7100c19b34,U,368,
0x7100c19ccc,U,28,
0x7100c19cfc,U,28,
0x7100c19dc0,U,160,
0x7100c19f48,U,244,
0x7100c1a040,U,368,
0x7100c1a1d8,U,28,
0x7100c1a208,U,28,
0x7100c1a2d0,U,160,
0x7100c1a458,U,244,
0x7100c1a550,U,368,
0x7100c1a6e8,U,28,
0x7100c1a718,U,28,
0x7100c1a7e0,U,160,
0x7100c1a968,U,244,
0x7100c1aa60,U,368,
0x7100c1abf8,U,28,
0x7100c1ac28,U,28,
0x7100c1acf0,U,160,
0x7100c1ae78,U,244,
0x7100c1af70,U,368,
0x7100c1b108,U,28,
0x7100c1b138,U,28,
0x7100c1b200,U,160,
0x7100c1b388,U,244,
0x7100c1b480,U,368,
0x7100c1b618,U,28,
0x7100c1b648,U,28,
0x7100c1b710,U,160,
0x7100c1b898,U,244,
0x7100c1b990,U,368,
0x7100c1bb28,U,28,
0x7100c1bb58,U,28,
0x7100c1bc20,U,160,
0x7100c1bda8,U,244,
0x7100c1bea0,U,368,
0x7100c1c038,U,28,
0x7100c1c068,U,28,
0x7100c1c130,U,160,
0x7100c1c26c,U,244,
0x7100c1c364,U,368,
0x7100c1c4fc,U,28,
0x7100c1c52c,U,28,
0x7100c1c5f0,U,160,
0x7100c1c778,U,244,
0x7100c1ca88,U,368,
0x7100c1cc20,U,28,
0x7100c1cc50,U,28,
0x7100c1cd40,U,160,
0x7100c1cec8,U,244,
0x7100c1d08c,U,368,
0x7100c1d224,U,28,
0x7100c1d254,U,28,
0x7100c1d330,U,160,
0x7100c1d4b8,U,244,
0x7100c1d84c,U,368,
0x7100c1d9bc,U,380,
0x7100c1db38,U,284,
0x7100c1dc78,U,560,
0x7100c1dea8,U,28,
0x7100c1ded8,U,28,
0x7100c1def4,U,120,
0x7100c1e228,U,68,
0x7100c1e2d0,U,160,
0x7100c1e458,U,244,
0x7100c1e550,U,368,
0x7100c1e6e8,U,28,
0x7100c1e718,U,28,
0x7100c1e7e0,U,160,
0x7100c1e968,U,244,
0x7100c1ea60,U,368,
0x7100c1ebf8,U,28,
0x7100c1ec28,U,28,
0x7100c1ecf0,U,160,
0x7100c1ee78,U,244,
0x7100c1f1a8,U,368,
0x7100c1f484,U,196,
0x7100c1f56c,U,28,
0x7100c1f59c,U,28,
0x7100c1f6b0,U,160,
0x7100c1f838,U,244,
0x7100c1f9f8,U,368,
0x7100c1fb90,U,28,
0x7100c1fbc0,U,28,
0x7100c1fca0,U,160,
0x7100c1fe28,U,244,
0x7100c1ff20,U,368,
0x7100c200b8,U,28,
0x7100c200e8,U,28,
0x7100c201b0,U,160,
0x7100c20338,U,244,
0x7100c20430,U,368,
0x7100c205c8,U,28,
0x7100c205f8,U,28,
0x7100c206c0,U,160,
0x7100c20848,U,244,
0x7100c20940,U,368,
0x7100c20ad8,U,28,
0x7100c20b08,U,28,
0x7100c20bd0,U,160,
0x7100c20d58,U,244,
0x7100c20e50,U,368,
0x7100c20fe8,U,28,
0x7100c21018,U,28,
0x7100c210e0,U,160,
0x7100c21268,U,244,
0x7100c21574,U,368,
0x7100c2170c,U,28,
0x7100c2173c,U,28,
0x7100c21830,U,160,
0x7100c219b8,U,244,
0x7100c21ab0,U,368,
0x7100c21c48,U,28,
0x7100c21c78,U,28,
0x7100c21d40,U,160,
0x7100c21e7c,U,244,
0x7100c220f0,U,368,
0x7100c22288,U,28,
0x7100c222b8,U,28,
0x7100c22390,U,160,
0x7100c22518,U,244,
0x7100c22744,U,368,
0x7100c228b4,U,124,
0x7100c22930,U,132,
0x7100c229b4,U,28,
0x7100c229e4,U,28,
0x7100c22b10,U,160,
0x7100c22c98,U,244,
0x7100c22d90,U,368,
0x7100c22f28,U,28,
0x7100c22f58,U,28,
0x7100c23020,U,160,
0x7100c231a8,U,244,
0x7100c232a0,U,368,
0x7100c23438,U,28,
0x7100c23468,U,28,
0x7100c23530,U,160,
0x7100c236b8,U,244,
0x7100c237b0,U,368,
0x7100c23948,U,28,
0x7100c23978,U,28,
0x7100c23a40,U,160,
0x7100c23bc8,U,244,
0x7100c23cc0,U,368,
0x7100c23e58,U,28,
0x7100c23e88,U,28,
0x7100c23f50,U,160,
0x7100c240d8,U,244,
0x7100c241d0,U,368,
0x7100c24368,U,28,
0x7100c24398,U,28,
0x7100c24460,U,160,
0x7100c245e8,U,244,
0x7100c246e0,U,368,
0x7100c24878,U,28,
0x7100c248a8,U,28,
0x7100c24970,U,160,
0x7100c24af8,U,244,
0x7100c24bf0,U,368,
0x7100c24d88,U,28,
0x7100c24db8,U,28,
0x7100c24e80,U,160,
0x7100c25008,U,244,
0x7100c25100,U,368,
0x7100c25298,U,28,
0x7100c252c8,U,28,
0x7100c25390,U,160,
0x7100c25518,U,244,
0x7100c25610,U,368,
0x7100c257a8,U,28,
0x7100c257d8,U,28,
0x7100c258a0,U,160,
0x7100c25a28,U,244,
0x7100c25b20,U,368,
0x7100c25cb8,U,28,
0x7100c25ce8,U,28,
0x7100c25db0,U,160,
0x7100c25f38,U,244,
0x7100c26030,U,368,
0x7100c261c8,U,28,
0x7100c261f8,U,28,
0x7100c262c0,U,160,
0x7100c26448,U,244,
0x7100c26540,U,368,
0x7100c266d8,U,28,
0x7100c26708,U,28,
0x7100c267d0,U,160,
0x7100c26958,U,244,
0x7100c26a50,U,368,
0x7100c26be8,U,28,
0x7100c26c18,U,28,
0x7100c26ce0,U,160,
0x7100c26e68,U,244,
0x7100c271fc,U,368,
0x7100c2736c,U,380,
0x7100c274e8,U,284,
0x7100c27628,U,560,
0x7100c27858,U,28,
0x7100c27888,U,28,
0x7100c278a4,U,120,
0x7100c27bd8,U,68,
0x7100c27c80,U,160,
0x7100c27dbc,U,244,
0x7100c27eb4,U,368,
0x7100c2804c,U,28,
0x7100c2807c,U,28,
0x7100c28140,U,160,
0x7100c282c8,U,244,
0x7100c283c0,U,368,
0x7100c28558,U,28,
0x7100c28588,U,28,
0x7100c28650,U,160,
0x7100c287d8,U,244,
0x7100c288d0,U,368,
0x7100c28a68,U,28,
0x7100c28a98,U,28,
0x7100c28b60,U,160,
0x7100c28ce8,U,244,
0x7100c28de0,U,368,
0x7100c28f78,U,28,
0x7100c28fa8,U,28,
0x7100c29070,U,160,
0x7100c291f8,U,244,
0x7100c29850,U,368,
0x7100c299c0,U,380,
0x7100c29b3c,U,380,
0x7100c29cb8,U,196,
0x7100c29da0,U,28,
0x7100c29dd0,U,28,
0x7100c29dec,U,108,
0x7100c29f5c,U,68,
0x7100c29fa0,U,204,
0x7100c2a0d0,U,68,
0x7100c2a114,U,204,
0x7100c2a250,U,160,
0x7100c2a3d8,U,244,
0x7100c2a4d0,U,368,
0x7100c2a668,U,28,
0x7100c2a698,U,28,
0x7100c2a760,U,160,
0x7100c2a89c,U,244,
0x7100c2a994,U,368,
0x7100c2ab2c,U,28,
0x7100c2ab5c,U,28,
0x7100c2ac20,U,160,
0x7100c2ada8,U,244,
0x7100c2aea0,U,368,
0x7100c2b038,U,28,
0x7100c2b068,U,28,
0x7100c2b130,U,160,
0x7100c2b2b8,U,244,
0x7100c2b3b0,U,368,
0x7100c2b548,U,28,
0x7100c2b578,U,28,
0x7100c2b640,U,160,
0x7100c2b7c8,U,244,
0x7100c2b8c0,U,368,
0x7100c2ba58,U,28,
0x7100c2ba88,U,28,
0x7100c2bb50,U,160,
0x7100c2bcd8,U,244,
0x7100c2bdd0,U,368,
0x7100c2bf68,U,28,
0x7100c2bf98,U,28,
0x7100c2c060,U,160,
0x7100c2c1e8,U,244,
0x7100c2c2e0,U,368,
0x7100c2c478,U,28,
0x7100c2c4a8,U,28,
0x7100c2c570,U,160,
0x7100c2c6f8,U,244,
0x7100c2c7f0,U,368,
0x7100c2c988,U,28,
0x7100c2c9b8,U,28,
0x7100c2ca80,U,160,
0x7100c2cc08,U,244,
0x7100c2cd00,U,368,
0x7100c2ce98,U,28,
0x7100c2cec8,U,28,
0x7100c2cf90,U,160,
0x7100c2d0cc,U,244,
0x7100c2d1c4,U,368,
0x7100c2d35c,U,28,
0x7100c2d38c,U,28,
0x7100c2d450,U,160,
0x7100c2d5d8,U,244,
0x7100c2d6d0,U,368,
0x7100c2d868,U,28,
0x7100c2d898,U,28,
0x7100c2d960,U,160,
0x7100c2da9c,U,244,
0x7100c2dc94,U,368,
0x7100c2de2c,U,28,
0x7100c2de5c,U,28,
0x7100c2df40,U,160,
0x7100c2e0c8,U,244,
0x7100c2e1c0,U,368,
0x7100c2e358,U,28,
0x7100c2e388,U,28,
0x7100c2e450,U,160,
0x7100c2e5d8,U,244,
0x7100c2e6d0,U,368,
0x7100c2e868,U,28,
0x7100c2e898,U,28,
0x7100c2e960,U,160,
0x7100c2eae8,U,244,
0x7100c2ebe0,U,368,
0x7100c2ed78,U,28,
0x7100c2eda8,U,28,
0x7100c2ee70,U,160,
0x7100c2eff8,U,244,
0x7100c2f0f0,U,368,
0x7100c2f288,U,28,
0x7100c2f2b8,U,28,
0x7100c2f380,U,160,
0x7100c2f4bc,U,244,
0x7100c2f5b4,U,368,
0x7100c2f74c,U,28,
0x7100c2f77c,U,28,
0x7100c2f840,U,160,
0x7100c2f97c,U,244,
0x7100c2fa74,U,368,
0x7100c2fc0c,U,28,
0x7100c2fc3c,U,28,
0x7100c2fd00,U,160,
0x7100c2fe88,U,244,
0x7100c2ff80,U,368,
0x7100c30118,U,28,
0x7100c30148,U,28,
0x7100c30210,U,160,
0x7100c30398,U,244,
0x7100c30490,U,368,
0x7100c30628,U,28,
0x7100c30658,U,28,
0x7100c30720,U,160,
0x7100c308a8,U,244,
0x7100c309a0,U,368,
0x7100c30b38,U,28,
0x7100c30b68,U,28,
0x7100c30c30,U,160,
0x7100c30db8,U,244,
0x7100c30eb0,U,368,
0x7100c31048,U,28,
0x7100c31078,U,28,
0x7100c31140,U,160,
0x7100c312c8,U,244,
0x7100c313c0,U,368,
0x7100c31558,U,28,
0x7100c31588,U,28,
0x7100c31650,U,160,
0x7100c317d8,U,244,
0x7100c318d0,U,368,
0x7100c31a68,U,28,
0x7100c31a98,U,28,
0x7100c31b60,U,160,
0x7100c31ce8,U,244,
0x7100c31de0,U,368,
0x7100c31f78,U,28,
0x7100c31fa8,U,28,
0x7100c32070,U,160,
0x7100c321f8,U,244,
0x7100c322f0,U,368,
0x7100c32488,U,28,
0x7100c324b8,U,28,
0x7100c32580,U,160,
0x7100c32708,U,244,
0x7100c32800,U,368,
0x7100c32998,U,28,
0x7100c329c8,U,28,
0x7100c32a90,U,160,
0x7100c32c18,U,244,
0x7100c32d10,U,368,
0x7100c32ea8,U,28,
0x7100c32ed8,U,28,
0x7100c32fa0,U,160,
0x7100c33128,U,244,
0x7100c33220,U,368,
0x7100c333b8,U,28,
0x7100c333e8,U,28,
0x7100c334b0,U,160,
0x7100c33638,U,244,
0x7100c33730,U,368,
0x7100c338c8,U,28,
0x7100c338f8,U,28,
0x7100c339c0,U,160,
0x7100c33b48,U,244,
0x7100c33c40,U,368,
0x7100c33dd8,U,28,
0x7100c33e08,U,28,
0x7100c33ed0,U,160,
0x7100c34058,U,244,
0x7100c34150,U,368,
0x7100c342e8,U,28,
0x7100c34318,U,28,
0x7100c343e0,U,160,
0x7100c34568,U,244,
0x7100c34660,U,368,
0x7100c347f8,U,28,
0x7100c34828,U,28,
0x7100c348f0,U,160,
0x7100c34a78,U,244,
0x7100c34b70,U,368,
0x7100c34d08,U,28,
0x7100c34d38,U,28,
0x7100c34e00,U,160,
0x7100c34f88,U,244,
0x7100c35080,U,368,
0x7100c35218,U,28,
0x7100c35248,U,28,
0x7100c35310,U,160,
0x7100c35498,U,244,
0x7100c35590,U,368,
0x7100c35728,U,28,
0x7100c35758,U,28,
0x7100c35820,U,160,
0x7100c359a8,U,244,
0x7100c35aa0,U,368,
0x7100c35c38,U,28,
0x7100c35c68,U,28,
0x7100c35d30,U,160,
0x7100c35eb8,U,244,
0x7100c35fb0,U,368,
0x7100c36148,U,28,
0x7100c36178,U,28,
0x7100c36240,U,160,
0x7100c363c8,U,244,
0x7100c364c0,U,368,
0x7100c36658,U,28,
0x7100c36688,U,28,
0x7100c36750,U,160,
0x7100c368d8,U,244,
0x7100c369d0,U,368,
0x7100c36b68,U,28,
0x7100c36b98,U,28,
0x7100c36c60,U,160,
0x7100c36de8,U,244,
0x7100c36ee0,U,368,
0x7100c37078,U,28,
0x7100c370a8,U,28,
0x7100c37170,U,160,
0x7100c372f8,U,244,
0x7100c373f0,U,368,
0x7100c37588,U,28,
0x7100c375b8,U,28,
0x7100c37710,U,160,
0x7100c37808,U,244,
0x7100c37900,U,368,
0x7100c37a98,U,28,
0x7100c37ac8,U,28,
0x7100c37b90,U,160,
0x7100c37d18,U,244,
0x7100c37e10,U,368,
0x7100c37fa8,U,28,
0x7100c37fd8,U,28,
0x7100c380a0,U,160,
0x7100c38228,U,244,
0x7100c38320,U,368,
0x7100c384b8,U,28,
0x7100c384e8,U,28,
0x7100c385b0,U,160,
0x7100c38738,U,244,
0x7100c38830,U,368,
0x7100c389c8,U,28,
0x7100c389f8,U,28,
0x7100c38ac0,U,160,
0x7100c38c48,U,244,
0x7100c38d40,U,368,
0x7100c38ed8,U,28,
0x7100c38f08,U,28,
0x7100c38fd0,U,160,
0x7100c39158,U,244,
0x7100c39250,U,368,
0x7100c393e8,U,28,
0x7100c39418,U,28,
0x7100c394e0,U,160,
0x7100c39668,U,244,
0x7100c39760,U,368,
0x7100c398f8,U,28,
0x7100c39928,U,28,
0x7100c399f0,U,160,
0x7100c39b78,U,244,
0x7100c39c70,U,368,
0x7100c39e08,U,28,
0x7100c39e38,U,28,
0x7100c39f00,U,160,
0x7100c3a088,U,244,
0x7100c3a180,U,368,
0x7100c3a318,U,28,
0x7100c3a348,U,28,
0x7100c3a410,U,160,
0x7100c3a598,U,244,
0x7100c3a690,U,368,
0x7100c3a828,U,28,
0x7100c3a858,U,28,
0x7100c3a920,U,160,
0x7100c3aaa8,U,244,
0x7100c3aba0,U,368,
0x7100c3ad38,U,28,
0x7100c3ad68,U,28,
0x7100c3ae30,U,160,
0x7100c3afb8,U,244,
0x7100c3b0b0,U,368,
0x7100c3b248,U,28,
0x7100c3b278,U,28,
0x7100c3b340,U,160,
0x7100c3b47c,U,244,
0x7100c3b574,U,368,
0x7100c3b70c,U,28,
0x7100c3b73c,U,28,
0x7100c3b8a0,U,160,
0x7100c3b9dc,U,244,
0x7100c3bad4,U,368,
0x7100c3bc6c,U,28,
0x7100c3bc9c,U,28,
0x7100c3be00,U,160,
0x7100c3bf3c,U,244,
0x7100c3c034,U,368,
0x7100c3c1cc,U,28,
0x7100c3c1fc,U,28,
0x7100c3c2c0,U,160,
0x7100c3c448,U,244,
0x7100c3c540,U,368,
0x7100c3c6d8,U,28,
0x7100c3c708,U,28,
0x7100c3c7d0,U,160,
0x7100c3c958,U,244,
0x7100c3ca50,U,368,
0x7100c3cbe8,U,28,
0x7100c3cc18,U,28,
0x7100c3cce0,U,160,
0x7100c3ce68,U,244,
0x7100c3cf60,U,368,
0x7100c3d0f8,U,28,
0x7100c3d128,U,28,
0x7100c3d1f0,U,160,
0x7100c3d378,U,244,
0x7100c3d470,U,368,
0x7100c3d608,U,28,
0x7100c3d638,U,28,
0x7100c3d700,U,160,
0x7100c3d888,U,244,
0x7100c3d980,U,368,
0x7100c3db18,U,28,
0x7100c3db48,U,28,
0x7100c3dc10,U,160,
0x7100c3dd4c,U,244,
0x7100c3de44,U,368,
0x7100c3dfdc,U,28,
0x7100c3e00c,U,28,
0x7100c3e0d0,U,160,
0x7100c3e258,U,244,
0x7100c3e5c8,U,368,
0x7100c3e738,U,124,
0x7100c3e7b4,U,132,
0x7100c3e838,U,28,
0x7100c3e868,U,28,
0x7100c3e9b0,U,160,
0x7100c3eaec,U,244,
0x7100c3ecb4,U,368,
0x7100c3ee4c,U,28,
0x7100c3ee7c,U,28,
0x7100c3ef50,U,160,
0x7100c3f0d8,U,244,
0x7100c3f448,U,368,
0x7100c3f5b8,U,124,
0x7100c3f634,U,132,
0x7100c3f6b8,U,28,
0x7100c3f6e8,U,28,
0x7100c3f830,U,160,
0x7100c3f96c,U,244,
0x7100c3fa64,U,368,
0x7100c3fbfc,U,28,
0x7100c3fc2c,U,28,
0x7100c3fcf0,U,160,
0x7100c3fe78,U,244,
0x7100c4003c,U,368,
0x7100c401d4,U,28,
0x7100c40204,U,28,
0x7100c402e0,U,160,
0x7100c4041c,U,244,
0x7100c40514,U,368,
0x7100c406ac,U,28,
0x7100c406dc,U,28,
0x7100c407a0,U,160,
0x7100c40928,U,244,
0x7100c40a20,U,368,
0x7100c40bb8,U,28,
0x7100c40be8,U,28,
0x7100c40cb0,U,160,
0x7100c40e38,U,244,
0x7100c40f30,U,368,
0x7100c410c8,U,28,
0x7100c410f8,U,28,
0x7100c411c0,U,160,
0x7100c412fc,U,244,
0x7100c413f4,U,368,
0x7100c4158c,U,28,
0x7100c415bc,U,28,
0x7100c41680,U,160,
0x7100c41808,U,244,
0x7100c41900,U,368,
0x7100c41a98,U,28,
0x7100c41ac8,U,28,
0x7100c41b90,U,160,
0x7100c41d18,U,244,
0x7100c41e10,U,368,
0x7100c41fa8,U,28,
0x7100c41fd8,U,28,
0x7100c420a0,U,160,
0x7100c42228,U,244,
0x7100c42320,U,368,
0x7100c424b8,U,28,
0x7100c424e8,U,28,
0x7100c425b0,U,160,
0x7100c42738,U,244,
0x7100c42c68,U,368,
0x7100c42dd8,U,380,
0x7100c42f54,U,380,
0x7100c430f8,U,28,
0x7100c43128,U,28,
0x7100c43380,U,160,
0x7100c43508,U,244,
0x7100c436cc,U,368,
0x7100c43864,U,28,
0x7100c43894,U,28,
0x7100c43970,U,160,
0x7100c43af8,U,244,
0x7100c43cb8,U,368,
0x7100c43e50,U,28,
0x7100c43e80,U,28,
0x7100c43f60,U,160,
0x7100c440e8,U,244,
0x7100c441e0,U,368,
0x7100c44378,U,28,
0x7100c443a8,U,28,
0x7100c44500,U,160,
0x7100c44688,U,244,
0x7100c449f8,U,368,
0x7100c44b68,U,124,
0x7100c44be4,U,132,
0x7100c44c68,U,28,
0x7100c44c98,U,28,
0x7100c44de0,U,160,
0x7100c44f68,U,244,
0x7100c4518c,U,368,
0x7100c45324,U,28,
0x7100c45354,U,28,
0x7100c45430,U,160,
0x7100c455b8,U,244,
0x7100c45b28,U,368,
0x7100c45c98,U,268,
0x7100c45dc8,U,332,
0x7100c45f14,U,28,
0x7100c45f44,U,28,
0x7100c462c4,U,244,
0x7100c463bc,U,368,
0x7100c46554,U,28,
0x7100c46584,U,28,
0x7100c46650,U,160,
0x7100c467d8,U,244,
0x7100c468d0,U,368,
0x7100c46a68,U,28,
0x7100c46a98,U,28,
0x7100c46b60,U,160,
0x7100c46ce8,U,244,
0x7100c46de0,U,368,
0x7100c46f78,U,28,
0x7100c46fa8,U,28,
0x7100c47070,U,160,
0x7100c471f8,U,244,
0x7100c472f0,U,368,
0x7100c47488,U,28,
0x7100c474b8,U,28,
0x7100c47580,U,160,
0x7100c47708,U,244,
0x7100c47a48,U,368,
0x7100c47bb8,U,380,
0x7100c47d5c,U,28,
0x7100c47d8c,U,28,
0x7100c47e64,U,68,
0x7100c47ef0,U,160,
0x7100c47fe8,U,244,
0x7100c480e0,U,368,
0x7100c48278,U,28,
0x7100c482a8,U,28,
0x7100c48370,U,160,
0x7100c484f8,U,244,
0x7100c485f0,U,368,
0x7100c48788,U,28,
0x7100c487b8,U,28,
0x7100c48880,U,160,
0x7100c48a08,U,244,
0x7100c48b00,U,368,
0x7100c48c98,U,28,
0x7100c48cc8,U,28,
0x7100c48d90,U,160,
0x7100c48f18,U,244,
0x7100c49010,U,368,
0x7100c491a8,U,28,
0x7100c491d8,U,28,
0x7100c492a0,U,160,
0x7100c49428,U,244,
0x7100c49520,U,368,
0x7100c496b8,U,28,
0x7100c496e8,U,28,
0x7100c497b0,U,160,
0x7100c49938,U,244,
0x7100c49a30,U,368,
0x7100c49bc8,U,28,
0x7100c49bf8,U,28,
0x7100c49cc0,U,160,
0x7100c49e48,U,244,
0x7100c49f40,U,368,
0x7100c4a0d8,U,28,
0x7100c4a108,U,28,
0x7100c4a1d0,U,160,
0x7100c4a358,U,244,
0x7100c4a450,U,368,
0x7100c4a5e8,U,28,
0x7100c4a618,U,28,
0x7100c4a6e0,U,160,
0x7100c4a868,U,244,
0x7100c4a960,U,368,
0x7100c4aaf8,U,28,
0x7100c4ab28,U,28,
0x7100c4abf0,U,160,
0x7100c4ad78,U,244,
0x7100c4ae70,U,368,
0x7100c4b008,U,28,
0x7100c4b038,U,28,
0x7100c4b100,U,160,
0x7100c4b288,U,244,
0x7100c4b380,U,368,
0x7100c4b518,U,28,
0x7100c4b548,U,28,
0x7100c4b610,U,160,
0x7100c4b798,U,244,
0x7100c4b890,U,368,
0x7100c4ba28,U,28,
0x7100c4ba58,U,28,
0x7100c4bb20,U,160,
0x7100c4bca8,U,244,
0x7100c4bda0,U,368,
0x7100c4bf38,U,28,
0x7100c4bf68,U,28,
0x7100c4c030,U,160,
0x7100c4c1b8,U,244,
0x7100c4c3e4,U,368,
0x7100c4c554,U,124,
0x7100c4c5d0,U,132,
0x7100c4c654,U,28,
0x7100c4c684,U,28,
0x7100c4c7d0,U,160,
0x7100c4c958,U,244,
0x7100c4ca50,U,368,
0x7100c4cbe8,U,28,
0x7100c4cc18,U,28,
0x7100c4cce0,U,160,
0x7100c4ce68,U,244,
0x7100c4cf60,U,368,
0x7100c4d0f8,U,28,
0x7100c4d128,U,28,
0x7100c4d1f0,U,160,
0x7100c4d378,U,244,
0x7100c4d470,U,368,
0x7100c4d608,U,28,
0x7100c4d638,U,28,
0x7100c4d700,U,160,
0x7100c4d83c,U,244,
0x7100c4d934,U,368,
0x7100c4dacc,U,28,
0x7100c4dafc,U,28,
0x7100c4dbc0,U,160,
0x7100c4dd48,U,244,
0x7100c4df74,U,368,
0x7100c4e0e4,U,124,
0x7100c4e160,U,132,
0x7100c4e1e4,U,28,
0x7100c4e214,U,28,
0x7100c4e3f0,U,160,
0x7100c4e578,U,244,
0x7100c4e670,U,368,
0x7100c4e808,U,28,
0x7100c4e838,U,28,
0x7100c4e900,U,160,
0x7100c4ea3c,U,244,
0x7100c4eb34,U,368,
0x7100c4eccc,U,28,
0x7100c4ecfc,U,28,
0x7100c4edc0,U,160,
0x7100c4eefc,U,244,
0x7100c4eff4,U,368,
0x7100c4f18c,U,28,
0x7100c4f1bc,U,28,
0x7100c4f280,U,160,
0x7100c4f408,U,244,
0x7100c4f500,U,368,
0x7100c4f698,U,28,
0x7100c4f6c8,U,28,
0x7100c4f790,U,160,
0x7100c4f918,U,244,
0x7100c4fa10,U,368,
0x7100c4fba8,U,28,
0x7100c4fbd8,U,28,
0x7100c4fca0,U,160,
0x7100c4fe28,U,244,
0x7100c4ff20,U,368,
0x7100c500b8,U,28,
0x7100c500e8,U,28,
0x7100c501b0,U,160,
0x7100c50338,U,244,
0x7100c50430,U,368,
0x7100c505c8,U,28,
0x7100c505f8,U,28,
0x7100c506c0,U,160,
0x7100c50848,U,244,
0x7100c50940,U,368,
0x7100c50ad8,U,28,
0x7100c50b08,U,28,
0x7100c50bd0,U,160,
0x7100c50d58,U,244,
0x7100c50e50,U,368,
0x7100c50fe8,U,28,
0x7100c51018,U,28,
0x7100c510e0,U,160,
0x7100c51268,U,244,
0x7100c51360,U,368,
0x7100c514f8,U,28,
0x7100c51528,U,28,
0x7100c515f0,U,160,
0x7100c51778,U,244,
0x7100c51870,U,368,
0x7100c51a08,U,28,
0x7100c51a38,U,28,
0x7100c51b00,U,160,
0x7100c51c88,U,244,
0x7100c51d80,U,368,
0x7100c51f18,U,28,
0x7100c51f48,U,28,
0x7100c52010,U,160,
0x7100c52198,U,244,
0x7100c52290,U,368,
0x7100c52428,U,28,
0x7100c52458,U,28,
0x7100c52520,U,160,
0x7100c526a8,U,244,
0x7100c527a0,U,368,
0x7100c52938,U,28,
0x7100c52968,U,28,
0x7100c52a30,U,160,
0x7100c52bb8,U,244,
0x7100c52d78,U,368,
0x7100c52f10,U,28,
0x7100c52f40,U,28,
0x7100c53020,U,160,
0x7100c531a8,U,244,
0x7100c53368,U,368,
0x7100c53500,U,28,
0x7100c53530,U,28,
0x7100c53610,U,160,
0x7100c53798,U,244,
0x7100c53958,U,368,
0x7100c53af0,U,28,
0x7100c53b20,U,28,
0x7100c53c00,U,160,
0x7100c53d88,U,244,
0x7100c54258,U,368,
0x7100c543c8,U,268,
0x7100c544fc,U,28,
0x7100c5452c,U,28,
0x7100c547c0,U,160,
0x7100c54948,U,244,
0x7100c54a40,U,368,
0x7100c54bd8,U,28,
0x7100c54c08,U,28,
0x7100c54cd0,U,160,
0x7100c54e58,U,244,
0x7100c55084,U,368,
0x7100c551f4,U,212,
0x7100c552c8,U,124,
0x7100c55344,U,132,
0x7100c553c8,U,28,
0x7100c553f8,U,28,
0x7100c554e0,U,160,
0x7100c5561c,U,244,
0x7100c55714,U,368,
0x7100c558ac,U,28,
0x7100c558dc,U,28,
0x7100c55a40,U,160,
0x7100c55bc8,U,244,
0x7100c55cc0,U,368,
0x7100c55e58,U,28,
0x7100c55e88,U,28,
0x7100c55fe0,U,160,
0x7100c56168,U,244,
0x7100c5647c,U,368,
0x7100c56614,U,100,
0x7100c56678,U,28,
0x7100c566a8,U,28,
0x7100c567a0,U,160,
0x7100c56928,U,244,
0x7100c56a20,U,368,
0x7100c56bb8,U,28,
0x7100c56be8,U,28,
0x7100c56d40,U,160,
0x7100c56e7c,U,244,
0x7100c57040,U,368,
0x7100c571d8,U,28,
0x7100c57208,U,28,
0x7100c572e0,U,160,
0x7100c5741c,U,244,
0x7100c57514,U,368,
0x7100c576ac,U,28,
0x7100c576dc,U,28,
0x7100c57840,U,160,
0x7100c5797c,U,244,
0x7100c57a74,U,368,
0x7100c57c0c,U,28,
0x7100c57c3c,U,28,
0x7100c57da0,U,160,
0x7100c57edc,U,244,
0x7100c57fd4,U,368,
0x7100c5816c,U,28,
0x7100c5819c,U,28,
0x7100c58300,U,160,
0x7100c5843c,U,244,
0x7100c58634,U,368,
0x7100c587cc,U,28,
0x7100c587fc,U,28,
0x7100c58970,U,160,
0x7100c58af8,U,244,
0x7100c58bf0,U,368,
0x7100c58d88,U,28,
0x7100c58db8,U,28,
0x7100c58f10,U,160,
0x7100c59098,U,244,
0x7100c59264,U,368,
0x7100c593fc,U,28,
0x7100c5942c,U,28,
0x7100c595a0,U,160,
0x7100c596dc,U,244,
0x7100c597d4,U,368,
0x7100c5996c,U,28,
0x7100c5999c,U,28,
0x7100c59b00,U,160,
0x7100c59c3c,U,244,
0x7100c59e68,U,368,
0x7100c59fd8,U,124,
0x7100c5a054,U,132,
0x7100c5a0d8,U,28,
0x7100c5a108,U,28,
0x7100c5a2e0,U,160,
0x7100c5a41c,U,244,
0x7100c5a514,U,368,
0x7100c5a6ac,U,28,
0x7100c5a6dc,U,28,
0x7100c5a840,U,160,
0x7100c5a97c,U,244,
0x7100c5aa74,U,368,
0x7100c5ac0c,U,28,
0x7100c5ac3c,U,28,
0x7100c5ada0,U,160,
0x7100c5aedc,U,244,
0x7100c5b108,U,368,
0x7100c5b278,U,124,
0x7100c5b2f4,U,132,
0x7100c5b378,U,28,
0x7100c5b3a8,U,28,
0x7100c5b500,U,160,
0x7100c5b63c,U,244,
0x7100c5b734,U,368,
0x7100c5b8cc,U,28,
0x7100c5b8fc,U,28,
0x7100c5ba60,U,160,
0x7100c5bb9c,U,244,
0x7100c5bc94,U,368,
0x7100c5be2c,U,28,
0x7100c5be5c,U,28,
0x7100c5bfc0,U,160,
0x7100c5c0fc,U,244,
0x7100c5c1f4,U,368,
0x7100c5c38c,U,28,
0x7100c5c3bc,U,28,
0x7100c5c520,U,160,
0x7100c5c6a8,U,244,
0x7100c5ca54,U,368,
0x7100c5cbec,U,28,
0x7100c5cc1c,U,28,
0x7100c5cd10,U,160,
0x7100c5ce98,U,244,
0x7100c5d0c4,U,368,
0x7100c5d234,U,124,
0x7100c5d2b0,U,132,
0x7100c5d334,U,28,
0x7100c5d364,U,28,
0x7100c5d490,U,160,
0x7100c5d5cc,U,244,
0x7100c5d6c4,U,368,
0x7100c5d85c,U,28,
0x7100c5d88c,U,28,
0x7100c5d9f0,U,160,
0x7100c5db2c,U,244,
0x7100c5dcf4,U,368,
0x7100c5de8c,U,28,
0x7100c5debc,U,28,
0x7100c5dfa0,U,160,
0x7100c5e128,U,244,
0x7100c5e220,U,368,
0x7100c5e3b8,U,28,
0x7100c5e3e8,U,28,
0x7100c5e540,U,160,
0x7100c5e6c8,U,244,
0x7100c5e7c0,U,368,
0x7100c5e958,U,28,
0x7100c5e988,U,28,
0x7100c5eae0,U,160,
0x7100c5eb84,U,244,
0x7100c61038,U,388,
0x7100c611bc,U,696,
0x7100c61474,U,232,
0x7100c6155c,U,232,
0x7100c61644,U,244,
0x7100c6189c,U,368,
0x7100c61a0c,U,124,
0x7100c61a88,U,132,
0x7100c61b0c,U,28,
0x7100c61b28,U,28,
0x7100c61b78,U,28,
0x7100c61c2c,U,28,
0x7100c61d80,U,232,
0x7100c61f50,U,244,
0x7100c62048,U,368,
0x7100c621e0,U,28,
0x7100c62210,U,28,
0x7100c62370,U,160,
0x7100c624f8,U,244,
0x7100c627c4,U,368,
0x7100c62934,U,124,
0x7100c629b0,U,132,
0x7100c62a34,U,28,
0x7100c62a64,U,28,
0x7100c62bd0,U,160,
0x7100c62d58,U,244,
0x7100c63100,U,368,
0x7100c63298,U,28,
0x7100c632c8,U,28,
0x7100c633a0,U,160,
0x7100c63528,U,244,
0x7100c63620,U,368,
0x7100c637b8,U,28,
0x7100c637e8,U,28,
0x7100c63940,U,160,
0x7100c63ac8,U,244,
0x7100c63bc0,U,368,
0x7100c63d58,U,28,
0x7100c63d88,U,28,
0x7100c63e50,U,160,
0x7100c63fd8,U,244,
0x7100c640d0,U,368,
0x7100c64268,U,28,
0x7100c64298,U,28,
0x7100c64360,U,160,
0x7100c644e8,U,244,
0x7100c645e0,U,368,
0x7100c64778,U,28,
0x7100c647a8,U,28,
0x7100c64870,U,160,
0x7100c649f8,U,244,
0x7100c64af0,U,368,
0x7100c64c88,U,28,
0x7100c64cb8,U,28,
0x7100c64d80,U,160,
0x7100c64f08,U,244,
0x7100c65000,U,368,
0x7100c65198,U,28,
0x7100c651c8,U,28,
0x7100c65290,U,160,
0x7100c65418,U,244,
0x7100c65510,U,368,
0x7100c656a8,U,28,
0x7100c656d8,U,28,
0x7100c657a0,U,160,
0x7100c6595c,U,244,
0x7100c65c24,U,368,
0x7100c65dbc,U,28,
0x7100c65dec,U,28,
0x7100c65ed0,U,160,
0x7100c65f70,U,140,
0x7100c66688,U,384,
0x7100c66b50,U,268,
0x7100c66c60,U,29996,
0x7100c6e18c,U,1848,
0x7100c6e8c4,U,8380,
0x7100c70980,U,2644,
0x7100c713d4,U,876,
0x7100c71740,U,340,
0x7100c71894,U,880,
0x7100c71c04,U,728,
0x7100c71edc,U,612,
0x7100c72140,U,220,
0x7100c7221c,U,1260,
0x7100c72708,U,10052,
0x7100c74e4c,U,2104,
0x7100c75684,U,1752,
0x7100c75d5c,U,112,
0x7100c75e40,U,2316,
0x7100c76750,U,964,
0x7100c76b20,U,744,
0x7100c76e10,U,972,
0x7100c771e0,U,636,
0x7100c77460,U,1032,
0x7100c77bcc,U,256,
0x7100c77e78,U,372,
0x7100c77fec,U,740,
0x7100c782d0,U,296,
0x7100c783f8,U,1012,
0x7100c787ec,U,296,
0x7100c78914,U,628,
0x7100c78b90,U,140,
0x7100c78d04,U,244,
0x7100c78dfc,U,368,
0x7100c78f94,U,28,
0x7100c78fc4,U,28,
0x7100c79090,U,160,
0x7100c797bc,U,384,
0x7100c79950,U,20,
0x7100c79b80,U,256,
0x7100c79c80,U,256,
0x7100c79d80,U,256,
0x7100c79e80,U,256,
0x7100c79f80,U,256,
0x7100c7a080,U,256,
0x7100c7a180,U,256,
0x7100c7a280,U,268,
0x7100c7a6b0,U,268,
0x7100c7aaec,U,108,
0x7100c7ab58,U,1876,
0x7100c7b2b0,U,140,
0x7100c7b33c,U,4,
0x7100c7b340,U,140,
0x7100c7b3d0,U,140,
0x7100c7b460,U,140,
0x7100c7b4ec,U,348,
0x7100c7b648,U,460,
0x7100c7b820,U,16,
0x7100c7b830,U,140,
0x7100c7b8bc,U,100,
0x7100c7b920,U,16,
0x7100c7b930,U,140,
0x7100c7b9bc,U,112,
0x7100c7ba2c,U,192,
0x7100c7c404,U,84,
0x7100c7c458,U,168,
0x7100c7ce14,U,144,
0x7100c7cea4,U,216,
0x7100c7d894,U,84,
0x7100c7d8e8,U,168,
0x7100c7e2a4,U,44,
0x7100c7ebe4,U,364,
0x7100c7ed50,U,16,
0x7100c7ed60,U,140,
0x7100c7edec,U,692,
0x7100c7f0a0,U,16,
0x7100c7f0b0,U,140,
0x7100c7f13c,U,676,
0x7100c7f3e0,U,16,
0x7100c7f3f0,U,140,
0x7100c7f480,U,140,
0x7100c7f50c,U,188,
0x7100c7f5c8,U,260,
0x7100c7ffe4,U,44,
0x7100c80924,U,36,
0x7100c81264,U,124,
0x7100c812e0,U,16,
0x7100c812f0,U,140,
0x7100c81418,U,240,
0x7100c8271c,U,388,
0x7100c828a4,U,240,
0x7100c83650,U,388,
0x7100c837d4,U,220,
0x7100c838b0,U,220,
0x7100c83d1c,U,388,
0x7100c83ea0,U,220,
0x7100c8430c,U,388,
0x7100c84490,U,220,
0x7100c8456c,U,504,
0x7100c84768,U,240,
0x7100c84c20,U,388,
0x7100c84da4,U,220,
0x7100c84e80,U,220,
0x7100c852ec,U,388,
0x7100c85470,U,220,
0x7100c858dc,U,388,
0x7100c85a60,U,220,
0x7100c85b3c,U,508,
0x7100c85d3c,U,240,
0x7100c86768,U,388,
0x7100c868ec,U,220,
0x7100c869c8,U,220,
0x7100c86e34,U,388,
0x7100c86fb8,U,220,
0x7100c87424,U,388,
0x7100c875a8,U,220,
0x7100c87684,U,504,
0x7100c8787c,U,220,
0x7100c87958,U,548,
0x7100c87b7c,U,620,
0x7100c87de8,U,368,
0x7100c87f58,U,104,
0x7100c87ff8,U,20,
0x7100c88058,U,368,
0x7100c881c8,U,104,
0x7100c88268,U,20,
0x7100c882c8,U,364,
0x7100c88434,U,60,
0x7100c88474,U,96,
0x7100c884f0,U,20,
0x7100c885a0,U,144,
0x7100c88630,U,144,
0x7100c886c0,U,608,
0x7100c88920,U,392,
0x7100c88aa8,U,364,
0x7100c88c14,U,60,
0x7100c88c54,U,96,
0x7100c88cd0,U,20,
0x7100c88d80,U,144,
0x7100c88e10,U,144,
0x7100c88ea0,U,368,
0x7100c89010,U,104,
0x7100c890b0,U,20,
0x7100c89110,U,368,
0x7100c89280,U,104,
0x7100c89320,U,20,
0x7100c89380,U,364,
0x7100c894ec,U,60,
0x7100c89560,U,20,
0x7100c89648,U,92,
0x7100c896a4,U,248,
0x7100c8979c,U,364,
0x7100c89908,U,60,
0x7100c8997c,U,20,
0x7100c89a64,U,92,
0x7100c89ac0,U,248,
0x7100c89bb8,U,368,
0x7100c89d28,U,104,
0x7100c89dc8,U,20,
0x7100c89e28,U,368,
0x7100c89f98,U,104,
0x7100c8a038,U,20,
0x7100c8a098,U,364,
0x7100c8a204,U,60,
0x7100c8a244,U,96,
0x7100c8a2c0,U,20,
0x7100c8a370,U,144,
0x7100c8a400,U,144,
0x7100c8a490,U,404,
0x7100c8a624,U,364,
0x7100c8a790,U,60,
0x7100c8a7d0,U,96,
0x7100c8a84c,U,20,
0x7100c8a8fc,U,144,
0x7100c8a98c,U,144,
0x7100c8aa1c,U,368,
0x7100c8ab8c,U,104,
0x7100c8ac2c,U,20,
0x7100c8aca0,U,28,
0x7100c8aefc,U,1240,
0x7100c8b3d4,U,692,
0x7100c8b688,U,208,
0x7100c8b758,U,316,
0x7100c8b894,U,308,
0x7100c8b9c8,U,476,
0x7100c8bba4,U,500,
0x7100c8bd98,U,304,
0x7100c8bec8,U,576,
0x7100c8c108,U,264,
0x7100c8c210,U,296,
0x7100c8c338,U,1148,
0x7100c8c7b4,U,980,
0x7100c8cb88,U,240,
0x7100c8cc78,U,380,
0x7100c8cdf4,U,1408,
0x7100c8d3bc,U,28,
0x7100c8d58c,U,1076,
0x7100c8d9c0,U,740,
0x7100c8dca4,U,320,
0x7100c8dde4,U,592,
0x7100c8e034,U,944,
0x7100c8e80c,U,80,
0x7100c8e85c,U,88,
0x7100c8e974,U,80,
0x7100c8e9c4,U,88,
0x7100c8ec48,U,240,
0x7100c8ed38,U,240,
0x7100c8ef88,U,164,
0x7100c8f02c,U,468,
0x7100c8f200,U,800,
0x7100c8f544,U,216,
0x7100c8f61c,U,228,
0x7100c8f714,U,28,
0x7100c8f7cc,U,176,
0x7100c8f87c,U,244,
0x7100c8fef0,U,748,
0x7100c901dc,U,80,
0x7100c9022c,U,88,
0x7100c903f8,U,80,
0x7100c90448,U,88,
0x7100c90760,U,360,
0x7100c90b44,U,116,
0x7100c90bb8,U,696,
0x7100c90e94,U,100,
0x7100c90ef8,U,116,
0x7100c90f80,U,28,
0x7100c9115c,U,756,
0x7100c91450,U,524,
0x7100c9165c,U,492,
0x7100c91b30,U,80,
0x7100c91b80,U,88,
0x7100c91e20,U,80,
0x7100c91e70,U,88,
0x7100c92080,U,208,
0x7100c92150,U,208,
0x7100c923c8,U,156,
0x7100c92464,U,164,
0x7100c92508,U,516,
0x7100c9270c,U,548,
0x7100c92950,U,216,
0x7100c92a28,U,224,
0x7100c932c4,U,428,
0x7100c93470,U,384,
0x7100c9385c,U,384,
0x7100c939dc,U,272,
0x7100c93aec,U,272,
0x7100c93bfc,U,76,
0x7100c93d60,U,664,
0x7100c93ff8,U,400,
0x7100c94190,U,180,
0x7100c94510,U,384,
0x7100c948c0,U,244,
0x7100c94b28,U,352,
0x7100c94c88,U,480,
0x7100c9501c,U,28,
0x7100c9504c,U,28,
0x7100c95190,U,160,
0x7100c95230,U,1632,
0x7100c95890,U,300,
0x7100c959bc,U,172,
0x7100c95a68,U,32,
0x7100c95a90,U,16,
0x7100c95aa0,U,140,
0x7100c95b30,U,240,
0x7100c95c24,U,388,
0x7100c95da8,U,260,
0x7100c95eac,U,44,
0x7100c95ed8,U,80,
0x7100c95f28,U,12,
0x7100c95f34,U,12,
0x7100c95f74,U,552,
0x7100c9619c,U,1028,
0x7100c965a0,U,552,
0x7100c96870,U,1992,
0x7100c97038,U,276,
0x7100c9714c,U,472,
0x7100c97324,U,960,
0x7100c976e4,U,388,
0x7100c97868,U,116,
0x7100c978dc,U,84,
0x7100c97930,U,120,
0x7100c979a8,U,116,
0x7100c97a1c,U,120,
0x7100c97a94,U,28,
0x7100c97ac4,U,28,
0x7100c97c90,U,288,
0x7100c97db0,U,288,
0x7100c97ed0,U,16,
0x7100c97ee0,U,160,
0x7100c97fd8,U,244,
0x7100c980d0,U,388,
0x7100c98268,U,28,
0x7100c984b4,U,288,
0x7100c985d4,U,288,
0x7100c986f4,U,120,
0x7100c9876c,U,28,
0x7100c98790,U,160,
0x7100c98888,U,244,
0x7100c98980,U,388,
0x7100c98b04,U,4324,
0x7100c99be8,U,888,
0x7100c99f60,U,120,
0x7100c99fd8,U,28,
0x7100c9a008,U,28,
0x7100c9a254,U,288,
0x7100c9a374,U,288,
0x7100c9a4a0,U,160,
0x7100c9a598,U,244,
0x7100c9a690,U,388,
0x7100c9a818,U,1444,
0x7100c9adbc,U,260,
0x7100c9aec0,U,120,
0x7100c9af38,U,28,
0x7100c9af68,U,28,
0x7100c9b1b4,U,288,
0x7100c9b2d4,U,288,
0x7100c9b400,U,160,
0x7100c9b4f8,U,244,
0x7100c9b5f0,U,388,
0x7100c9b9a4,U,28,
0x7100c9b9d4,U,28,
0x7100c9bc20,U,288,
0x7100c9bd40,U,288,
0x7100c9be60,U,160,
0x7100c9bf00,U,16,
0x7100c9bf10,U,4,
0x7100c9bf14,U,176,
0x7100c9bfc4,U,80,
0x7100c9c014,U,188,
0x7100c9c0d0,U,180,
0x7100c9db18,U,520,
0x7100c9dd20,U,692,
0x7100c9dfd4,U,700,
0x7100c9e290,U,24,
0x7100c9e2a8,U,1028,
0x7100c9e6ac,U,692,
0x7100c9e960,U,8,
0x7100c9e968,U,160,
0x7100c9ea08,U,36,
0x7100c9ea2c,U,220,
0x7100c9eb08,U,3572,
0x7100c9f8fc,U,8,
0x7100c9f904,U,184,
0x7100c9f9bc,U,588,
0x7100c9fc08,U,128,
0x7100c9fc88,U,336,
0x7100c9fdd8,U,40,
0x7100c9fe00,U,172,
0x7100c9feac,U,176,
0x7100c9ff5c,U,220,
0x7100ca0038,U,84,
0x7100ca0118,U,536,
0x7100ca0330,U,336,
0x7100ca0484,U,244,
0x7100ca057c,U,372,
0x7100ca06f0,U,132,
0x7100ca07a8,U,204,
0x7100ca08b0,U,468,
0x7100ca0a84,U,104,
0x7100ca0aec,U,88,
0x7100ca0b44,U,252,
0x7100ca0c40,U,56,
0x7100ca0c78,U,56,
0x7100ca0cb0,U,316,
0x7100ca0dec,U,264,
0x7100ca0ef4,U,652,
0x7100ca1180,U,3108,
0x7100ca1da4,U,172,
0x7100ca1e50,U,88,
0x7100ca1ea8,U,36,
0x7100ca1ecc,U,380,
0x7100ca2048,U,1292,
0x7100ca2554,U,40,
0x7100ca257c,U,1020,
0x7100ca2978,U,564,
0x7100ca2bac,U,792,
0x7100ca2ec4,U,216,
0x7100ca2f9c,U,1276,
0x7100ca3498,U,88,
0x7100ca34f0,U,4,
0x7100ca34f4,U,36,
0x7100ca3518,U,212,
0x7100ca35ec,U,280,
0x7100ca3704,U,28,
0x7100ca3730,U,28,
0x7100ca37f0,U,160,
0x7100ca38e8,U,384,
0x7100ca3aa0,U,324,
0x7100ca3be4,U,160,
0x7100ca3e50,U,352,
0x7100ca3fb0,U,220,
0x7100ca4090,U,388,
0x7100ca4214,U,220,
0x7100ca42f4,U,244,
0x7100ca4ac8,U,388,
0x7100ca4c4c,U,696,
0x7100ca4f04,U,220,
0x7100ca4fe0,U,220,
0x7100ca5440,U,388,
0x7100ca55c4,U,220,
0x7100ca5a24,U,388,
0x7100ca5ba8,U,220,
0x7100ca5c84,U,468,
0x7100ca5e60,U,748,
0x7100ca6844,U,288,
0x7100ca6964,U,368,
0x7100ca6af8,U,168,
0x7100ca6ba0,U,560,
0x7100ca6dd0,U,148,
0x7100ca6e64,U,156,
0x7100ca6f00,U,340,
0x7100ca7054,U,328,
0x7100ca719c,U,112,
0x7100ca720c,U,380,
0x7100ca7388,U,244,
0x7100ca747c,U,24,
0x7100ca7494,U,124,
0x7100ca7510,U,292,
0x7100ca7634,U,108,
0x7100ca76a0,U,160,
0x7100ca7740,U,448,
0x7100ca7900,U,240,
0x7100ca79f0,U,112,
0x7100ca7a60,U,4,
0x7100ca7a64,U,164,
0x7100ca7b08,U,248,
0x7100ca7c00,U,168,
0x7100ca7ca8,U,8,
0x7100ca7cb0,U,8,
0x7100ca7cb8,U,172,
0x7100ca7d7c,U,356,
0x7100ca7ee0,U,364,
0x7100ca804c,U,96,
0x7100ca80e4,U,20,
0x7100ca8144,U,364,
0x7100ca82b0,U,96,
0x7100ca8348,U,20,
0x7100ca83a8,U,28,
0x7100ca83e8,U,364,
0x7100ca8554,U,64,
0x7100ca85c4,U,20,
0x7100ca8624,U,364,
0x7100ca8790,U,64,
0x7100ca8800,U,20,
0x7100ca8860,U,364,
0x7100ca89cc,U,60,
0x7100ca8a38,U,20,
0x7100ca8a78,U,160,
0x7100ca8b88,U,340,
0x7100ca8cdc,U,364,
0x7100ca8e48,U,60,
0x7100ca8eb4,U,20,
0x7100ca8ef4,U,160,
0x7100ca9004,U,340,
0x7100ca9158,U,552,
0x7100ca9380,U,388,
0x7100ca9504,U,348,
0x7100ca971c,U,196,
0x7100ca985c,U,192,
0x7100ca9978,U,28,
0x7100ca9b0c,U,160,
0x7100ca9c0c,U,444,
0x7100ca9dc8,U,536,
0x7100ca9fe0,U,80,
0x7100caa09c,U,160,
0x7100caa314,U,80,
0x7100caa43c,U,264,
0x7100caa604,U,140,
0x7100caa690,U,428,
0x7100caa83c,U,408,
0x7100caa9e8,U,204,
0x7100caaab4,U,200,
0x7100caab7c,U,340,
0x7100caacd0,U,128,
0x7100caad50,U,96,
0x7100caadb0,U,112,
0x7100caae20,U,308,
0x7100caaf58,U,244,
0x7100cab050,U,388,
0x7100cab228,U,8,
0x7100cab230,U,28,
0x7100cab24c,U,24,
0x7100cab2b4,U,28,
0x7100cab374,U,28,
0x7100cab3f0,U,160,
0x7100cab578,U,244,
0x7100cab670,U,388,
0x7100cab83c,U,28,
0x7100cab86c,U,28,
0x7100cab950,U,160,
0x7100cabad8,U,244,
0x7100cac5c0,U,388,
0x7100cac744,U,124,
0x7100cac7c0,U,132,
0x7100cac864,U,28,
0x7100cac894,U,28,
0x7100cac920,U,128,
0x7100cac9a0,U,128,
0x7100cacbb0,U,160,
0x7100cacd38,U,244,
0x7100cace30,U,388,
0x7100cacffc,U,28,
0x7100cad02c,U,28,
0x7100cad110,U,160,
0x7100cad298,U,244,
0x7100cad668,U,388,
0x7100cad7ec,U,196,
0x7100cad94c,U,28,
0x7100cad97c,U,28,
0x7100cad998,U,92,
0x7100cad9f4,U,132,
0x7100cada78,U,132,
0x7100cadb08,U,252,
0x7100cadc04,U,252,
0x7100cadd00,U,160,
0x7100cade88,U,244,
0x7100cae384,U,388,
0x7100cae508,U,124,
0x7100cae584,U,132,
0x7100cae6d8,U,28,
0x7100cae708,U,28,
0x7100cae770,U,112,
0x7100cae7e0,U,112,
0x7100cae9c0,U,160,
0x7100caeb48,U,244,
0x7100caed74,U,388,
0x7100caeef8,U,124,
0x7100caef74,U,132,
0x7100caf018,U,28,
0x7100caf048,U,28,
0x7100caf0a4,U,96,
0x7100caf104,U,96,
0x7100caf170,U,144,
0x7100caf200,U,144,
0x7100caf290,U,160,
0x7100caf418,U,244,
0x7100caf510,U,388,
0x7100caf6dc,U,28,
0x7100caf70c,U,28,
0x7100caf7f0,U,160,
0x7100caf978,U,244,
0x7100cafa70,U,388,
0x7100cafc3c,U,28,
0x7100cafc6c,U,28,
0x7100cafd50,U,160,
0x7100cafed8,U,244,
0x7100cb0098,U,388,
0x7100cb0264,U,28,
0x7100cb0294,U,28,
0x7100cb02e0,U,60,
0x7100cb031c,U,60,
0x7100cb03a0,U,160,
0x7100cb0528,U,244,
0x7100cb0620,U,388,
0x7100cb07e8,U,28,
0x7100cb0818,U,28,
0x7100cb0900,U,160,
0x7100cb0a88,U,244,
0x7100cb0c48,U,388,
0x7100cb0e14,U,28,
0x7100cb0e44,U,28,
0x7100cb0e94,U,60,
0x7100cb0ed0,U,60,
0x7100cb0f50,U,160,
0x7100cb10d8,U,244,
0x7100cb11d0,U,388,
0x7100cb139c,U,28,
0x7100cb13cc,U,28,
0x7100cb14b0,U,160,
0x7100cb1638,U,244,
0x7100cb1900,U,388,
0x7100cb1a84,U,124,
0x7100cb1b00,U,132,
0x7100cb1b84,U,92,
0x7100cb1be0,U,28,
0x7100cb1c10,U,28,
0x7100cb1c70,U,104,
0x7100cb1cd8,U,104,
0x7100cb1d4c,U,152,
0x7100cb1de4,U,152,
0x7100cb1e80,U,160,
0x7100cb2008,U,244,
0x7100cb221c,U,388,
0x7100cb23c8,U,272,
0x7100cb24d8,U,28,
0x7100cb2508,U,28,
0x7100cb2558,U,60,
0x7100cb2594,U,60,
0x7100cb2620,U,160,
0x7100cb27a8,U,244,
0x7100cb2974,U,388,
0x7100cb2b24,U,28,
0x7100cb2b54,U,28,
0x7100cb2ba8,U,60,
0x7100cb2be4,U,60,
0x7100cb2c70,U,160,
0x7100cb2df8,U,244,
0x7100cb2ef0,U,388,
0x7100cb30b0,U,28,
0x7100cb30e0,U,28,
0x7100cb31c0,U,160,
0x7100cb3348,U,244,
0x7100cb3440,U,388,
0x7100cb35f0,U,28,
0x7100cb3620,U,28,
0x7100cb3700,U,160,
0x7100cb383c,U,244,
0x7100cb4d5c,U,388,
0x7100cb4ee0,U,196,
0x7100cb5004,U,412,
0x7100cb51a0,U,364,
0x7100cb530c,U,28,
0x7100cb533c,U,28,
0x7100cb5404,U,228,
0x7100cb54e8,U,228,
0x7100cb55d8,U,348,
0x7100cb5734,U,348,
0x7100cb5890,U,160,
0x7100cb5a18,U,244,
0x7100cb5b10,U,388,
0x7100cb5ea8,U,28,
0x7100cb5ed8,U,28,
0x7100cb5fc0,U,160,
0x7100cb60fc,U,244,
0x7100cb7880,U,388,
0x7100cb7a04,U,380,
0x7100cb7b80,U,428,
0x7100cb7d50,U,576,
0x7100cb7f90,U,412,
0x7100cb8168,U,28,
0x7100cb8198,U,28,
0x7100cb84ec,U,432,
0x7100cb869c,U,68,
0x7100cb8750,U,160,
0x7100cb88d8,U,244,
0x7100cb8aa4,U,388,
0x7100cb8c70,U,28,
0x7100cb8ca0,U,28,
0x7100cb8cf4,U,60,
0x7100cb8d30,U,60,
0x7100cb8db0,U,160,
0x7100cb8f38,U,244,
0x7100cb9208,U,388,
0x7100cb938c,U,124,
0x7100cb9408,U,132,
0x7100cb94b0,U,28,
0x7100cb94e0,U,28,
0x7100cb94fc,U,76,
0x7100cb9548,U,104,
0x7100cb95b0,U,104,
0x7100cb9770,U,160,
0x7100cb98f8,U,244,
0x7100cb99f0,U,388,
0x7100cb9ba0,U,28,
0x7100cb9bd0,U,28,
0x7100cb9cb0,U,160,
0x7100cb9e38,U,244,
0x7100cb9f30,U,388,
0x7100cba0dc,U,28,
0x7100cba10c,U,28,
0x7100cba158,U,92,
0x7100cba1b4,U,92,
0x7100cba280,U,160,
0x7100cba408,U,244,
0x7100cba8ec,U,388,
0x7100cbaae8,U,28,
0x7100cbab18,U,28,
0x7100cbab74,U,68,
0x7100cbabb8,U,68,
0x7100cbac50,U,160,
0x7100cbadd8,U,244,
0x7100cbaff8,U,388,
0x7100cbb2ac,U,28,
0x7100cbb2dc,U,28,
0x7100cbb330,U,60,
0x7100cbb36c,U,60,
0x7100cbb3f0,U,160,
0x7100cbb578,U,244,
0x7100cbb7e8,U,388,
0x7100cbb9b4,U,28,
0x7100cbb9e4,U,28,
0x7100cbba38,U,60,
0x7100cbba74,U,60,
0x7100cbbb00,U,160,
0x7100cbbc88,U,244,
0x7100cbbd80,U,388,
0x7100cbbf2c,U,204,
0x7100cbbff8,U,28,
0x7100cbc028,U,28,
0x7100cbc110,U,160,
0x7100cbc298,U,244,
0x7100cbc390,U,388,
0x7100cbc528,U,28,
0x7100cbc590,U,268,
0x7100cbc69c,U,268,
0x7100cbc814,U,28,
0x7100cbc860,U,160,
0x7100cbc9e8,U,244,
0x7100cbcae0,U,388,
0x7100cbcc84,U,28,
0x7100cbcca0,U,132,
0x7100cbcd38,U,28,
0x7100cbcd8c,U,120,
0x7100cbce04,U,120,
0x7100cbcfd0,U,160,
0x7100cbd158,U,244,
0x7100cbd378,U,388,
0x7100cbd544,U,28,
0x7100cbd574,U,28,
0x7100cbd5c8,U,60,
0x7100cbd604,U,60,
0x7100cbd690,U,160,
0x7100cbd818,U,244,
0x7100cbde4c,U,388,
0x7100cbdfd0,U,124,
0x7100cbe04c,U,132,
0x7100cbe0f0,U,28,
0x7100cbe120,U,28,
0x7100cbe190,U,112,
0x7100cbe200,U,112,
0x7100cbe3e0,U,160,
0x7100cbe568,U,244,
0x7100cbe660,U,388,
0x7100cbe804,U,28,
0x7100cbe820,U,132,
0x7100cbe8b8,U,28,
0x7100cbe90c,U,128,
0x7100cbe98c,U,128,
0x7100cbeb70,U,160,
0x7100cbecf8,U,244,
0x7100cbedf0,U,388,
0x7100cbef94,U,28,
0x7100cbefb0,U,132,
0x7100cbf048,U,28,
0x7100cbf09c,U,112,
0x7100cbf10c,U,112,
0x7100cbf188,U,144,
0x7100cbf218,U,144,
0x7100cbf2b0,U,160,
0x7100cbf438,U,244,
0x7100cbf530,U,388,
0x7100cbf6d4,U,28,
0x7100cbf6f0,U,132,
0x7100cbf788,U,28,
0x7100cbf7dc,U,120,
0x7100cbf854,U,120,
0x7100cbfa20,U,160,
0x7100cbfb5c,U,244,
0x7100cc0408,U,388,
0x7100cc058c,U,196,
0x7100cc0694,U,28,
0x7100cc06c4,U,28,
0x7100cc06e0,U,108,
0x7100cc074c,U,148,
0x7100cc07e0,U,148,
0x7100cc0880,U,268,
0x7100cc098c,U,268,
0x7100cc0aa0,U,160,
0x7100cc0bdc,U,244,
0x7100cc1524,U,388,
0x7100cc16a8,U,196,
0x7100cc1c34,U,28,
0x7100cc1c64,U,28,
0x7100cc1c80,U,108,
0x7100cc1cec,U,140,
0x7100cc1d78,U,140,
0x7100cc1e10,U,260,
0x7100cc1f14,U,260,
0x7100cc2020,U,160,
0x7100cc21a8,U,244,
0x7100cc23d4,U,388,
0x7100cc2558,U,124,
0x7100cc25d4,U,132,
0x7100cc2678,U,28,
0x7100cc26a8,U,28,
0x7100cc2704,U,96,
0x7100cc2764,U,96,
0x7100cc27d0,U,144,
0x7100cc2860,U,144,
0x7100cc28f0,U,160,
0x7100cc2a78,U,244,
0x7100cc2d44,U,388,
0x7100cc2ec8,U,124,
0x7100cc2f44,U,132,
0x7100cc2fc8,U,152,
0x7100cc3060,U,28,
0x7100cc3090,U,28,
0x7100cc30f4,U,104,
0x7100cc315c,U,104,
0x7100cc3320,U,160,
0x7100cc34a8,U,244,
0x7100cc36d4,U,388,
0x7100cc3858,U,124,
0x7100cc38d4,U,132,
0x7100cc3980,U,28,
0x7100cc39b0,U,28,
0x7100cc3a0c,U,96,
0x7100cc3a6c,U,96,
0x7100cc3ad8,U,144,
0x7100cc3b68,U,144,
0x7100cc3c00,U,160,
0x7100cc3d88,U,244,
0x7100cc4100,U,388,
0x7100cc4284,U,124,
0x7100cc4300,U,132,
0x7100cc43ac,U,28,
0x7100cc43dc,U,28,
0x7100cc4444,U,104,
0x7100cc44ac,U,104,
0x7100cc4670,U,160,
0x7100cc47f8,U,244,
0x7100cc4ab4,U,388,
0x7100cc4c80,U,28,
0x7100cc4cb0,U,28,
0x7100cc4d08,U,68,
0x7100cc4d4c,U,68,
0x7100cc4df0,U,160,
0x7100cc4f78,U,244,
0x7100cc5138,U,388,
0x7100cc5404,U,28,
0x7100cc5434,U,28,
0x7100cc5484,U,60,
0x7100cc54c0,U,60,
0x7100cc5540,U,160,
0x7100cc56c8,U,244,
0x7100cc57c0,U,388,
0x7100cc598c,U,28,
0x7100cc59bc,U,28,
0x7100cc5aa0,U,160,
0x7100cc5c28,U,244,
0x7100cc5f58,U,388,
0x7100cc6238,U,196,
0x7100cc6444,U,28,
0x7100cc647c,U,28,
0x7100cc649c,U,124,
0x7100cc6518,U,124,
0x7100cc65a0,U,244,
0x7100cc6694,U,244,
0x7100cc6788,U,404,
0x7100cc6920,U,160,
0x7100cc6aa8,U,244,
0x7100cc77c0,U,388,
0x7100cc7944,U,272,
0x7100cc7b14,U,28,
0x7100cc7b44,U,28,
0x7100cc7c1c,U,200,
0x7100cc7ce4,U,200,
0x7100cc7e18,U,364,
0x7100cc7f90,U,160,
0x7100cc8118,U,244,
0x7100cc832c,U,388,
0x7100cc84b0,U,124,
0x7100cc852c,U,132,
0x7100cc860c,U,28,
0x7100cc863c,U,28,
0x7100cc8698,U,96,
0x7100cc86f8,U,96,
0x7100cc8764,U,144,
0x7100cc87f4,U,144,
0x7100cc8890,U,160,
0x7100cc8a18,U,244,
0x7100cc8c44,U,388,
0x7100cc8dc8,U,124,
0x7100cc8e44,U,132,
0x7100cc8ef4,U,28,
0x7100cc8f24,U,28,
0x7100cc8f80,U,96,
0x7100cc8fe0,U,96,
0x7100cc904c,U,144,
0x7100cc90dc,U,144,
0x7100cc9170,U,160,
0x7100cc92f8,U,244,
0x7100cc93f0,U,388,
0x7100cc959c,U,84,
0x7100cc95f0,U,28,
0x7100cc9620,U,28,
0x7100cc9700,U,160,
0x7100cc9888,U,244,
0x7100cc9980,U,388,
0x7100cc9b2c,U,84,
0x7100cc9b80,U,28,
0x7100cc9bb0,U,28,
0x7100cc9c90,U,160,
0x7100cc9e18,U,244,
0x7100cca234,U,388,
0x7100cca3b8,U,124,
0x7100cca434,U,132,
0x7100cca688,U,28,
0x7100cca6b8,U,28,
0x7100cca728,U,112,
0x7100cca798,U,112,
0x7100cca970,U,160,
0x7100ccaaf8,U,244,
0x7100ccb048,U,388,
0x7100ccb1cc,U,124,
0x7100ccb248,U,132,
0x7100ccb6a4,U,28,
0x7100ccb6d4,U,28,
0x7100ccb74c,U,104,
0x7100ccb7b4,U,104,
0x7100ccb970,U,160,
0x7100ccbaf8,U,244,
0x7100ccc6ec,U,388,
0x7100ccc870,U,200,
0x7100cccb18,U,28,
0x7100cccb48,U,28,
0x7100cccc2c,U,164,
0x7100ccccd0,U,164,
0x7100cccfb0,U,160,
0x7100ccd138,U,244,
0x7100ccd230,U,388,
0x7100ccd3e0,U,28,
0x7100ccd410,U,28,
0x7100ccd4f0,U,160,
0x7100ccd678,U,244,
0x7100ccd770,U,388,
0x7100ccd93c,U,28,
0x7100ccd96c,U,28,
0x7100ccda50,U,160,
0x7100ccdbd8,U,244,
0x7100ccdcd0,U,388,
0x7100ccde80,U,28,
0x7100ccdeb0,U,28,
0x7100ccdf90,U,160,
0x7100cce118,U,244,
0x7100cce344,U,388,
0x7100cce4c8,U,124,
0x7100cce544,U,132,
0x7100cce608,U,28,
0x7100cce638,U,28,
0x7100cce694,U,96,
0x7100cce6f4,U,96,
0x7100cce760,U,144,
0x7100cce7f0,U,144,
0x7100cce880,U,160,
0x7100ccea08,U,244,
0x7100ccec34,U,388,
0x7100ccedb8,U,124,
0x7100ccee34,U,132,
0x7100cceef8,U,28,
0x7100ccef28,U,28,
0x7100ccef84,U,96,
0x7100ccefe4,U,96,
0x7100ccf050,U,144,
0x7100ccf0e0,U,144,
0x7100ccf170,U,160,
0x7100ccf2f8,U,244,
0x7100ccf4b8,U,388,
0x7100ccf7dc,U,28,
0x7100ccf80c,U,28,
0x7100ccf85c,U,60,
0x7100ccf898,U,60,
0x7100ccf920,U,160,
0x7100ccfaa8,U,244,
0x7100ccfff4,U,388,
0x7100cd0178,U,124,
0x7100cd01f4,U,132,
0x7100cd044c,U,28,
0x7100cd047c,U,28,
0x7100cd0514,U,112,
0x7100cd0584,U,112,
0x7100cd0760,U,160,
0x7100cd08e8,U,244,
0x7100cd0bbc,U,388,
0x7100cd0d40,U,124,
0x7100cd0dbc,U,132,
0x7100cd0e84,U,28,
0x7100cd0eb4,U,28,
0x7100cd0f1c,U,104,
0x7100cd0f84,U,104,
0x7100cd0ff8,U,152,
0x7100cd1090,U,152,
0x7100cd1130,U,160,
0x7100cd12b8,U,244,
0x7100cd1624,U,388,
0x7100cd17a8,U,428,
0x7100cd1954,U,384,
0x7100cd1ad4,U,124,
0x7100cd1b50,U,132,
0x7100cd1c74,U,28,
0x7100cd1cbc,U,28,
0x7100cd1d28,U,112,
0x7100cd1d98,U,112,
0x7100cd1fe0,U,432,
0x7100cd2190,U,232,
0x7100cd2278,U,244,
0x7100cd2548,U,388,
0x7100cd26cc,U,124,
0x7100cd2748,U,132,
0x7100cd2808,U,28,
0x7100cd2838,U,28,
0x7100cd2854,U,76,
0x7100cd28a0,U,104,
0x7100cd2908,U,104,
0x7100cd2ad0,U,160,
0x7100cd2c58,U,244,
0x7100cd2f24,U,388,
0x7100cd30a8,U,200,
0x7100cd3170,U,124,
0x7100cd31ec,U,132,
0x7100cd3270,U,224,
0x7100cd3350,U,28,
0x7100cd3380,U,28,
0x7100cd33a0,U,104,
0x7100cd3408,U,104,
0x7100cd35d0,U,160,
0x7100cd3758,U,244,
0x7100cd3a64,U,388,
0x7100cd3c6c,U,28,
0x7100cd3c9c,U,28,
0x7100cd3cf0,U,68,
0x7100cd3d34,U,68,
0x7100cd3dd0,U,160,
0x7100cd3f0c,U,244,
0x7100cd46bc,U,388,
0x7100cd4840,U,124,
0x7100cd48bc,U,132,
0x7100cd4960,U,28,
0x7100cd4990,U,28,
0x7100cd49fc,U,120,
0x7100cd4a74,U,120,
0x7100cd4c60,U,160,
0x7100cd4de8,U,244,
0x7100cd5680,U,388,
0x7100cd5804,U,124,
0x7100cd5880,U,132,
0x7100cd5c00,U,28,
0x7100cd5c30,U,28,
0x7100cd5ca0,U,112,
0x7100cd5d10,U,112,
0x7100cd5ef0,U,160,
0x7100cd6078,U,244,
0x7100cd6170,U,388,
0x7100cd6320,U,28,
0x7100cd6350,U,28,
0x7100cd6430,U,160,
0x7100cd65b8,U,244,
0x7100cd677c,U,388,
0x7100cd6948,U,28,
0x7100cd6978,U,28,
0x7100cd69c8,U,60,
0x7100cd6a04,U,60,
0x7100cd6a90,U,160,
0x7100cd6c18,U,244,
0x7100cd6de4,U,388,
0x7100cd6fb0,U,28,
0x7100cd6fe0,U,28,
0x7100cd7034,U,60,
0x7100cd7070,U,60,
0x7100cd70f0,U,160,
0x7100cd7278,U,244,
0x7100cd74e0,U,388,
0x7100cd7744,U,28,
0x7100cd7774,U,28,
0x7100cd77c8,U,68,
0x7100cd780c,U,68,
0x7100cd78b0,U,160,
0x7100cd7a38,U,244,
0x7100cd7b30,U,388,
0x7100cd7ce0,U,28,
0x7100cd7d10,U,28,
0x7100cd7df0,U,160,
0x7100cd7f78,U,244,
0x7100cd8070,U,388,
0x7100cd821c,U,28,
0x7100cd824c,U,28,
0x7100cd8298,U,288,
0x7100cd83b8,U,288,
0x7100cd8550,U,160,
0x7100cd86d8,U,244,
0x7100cd8af4,U,388,
0x7100cd8c78,U,124,
0x7100cd8cf4,U,132,
0x7100cd8da8,U,28,
0x7100cd8dd8,U,28,
0x7100cd8e3c,U,104,
0x7100cd8ea4,U,104,
0x7100cd8f18,U,152,
0x7100cd8fb0,U,152,
0x7100cd9050,U,160,
0x7100cd91d8,U,244,
0x7100cd95a8,U,388,
0x7100cd972c,U,196,
0x7100cd99a0,U,28,
0x7100cd99d0,U,28,
0x7100cd9a78,U,132,
0x7100cd9afc,U,132,
0x7100cd9b8c,U,252,
0x7100cd9c88,U,252,
0x7100cd9d90,U,200,
0x7100cd9f40,U,244,
0x7100cda20c,U,388,
0x7100cda390,U,124,
0x7100cda40c,U,132,
0x7100cda490,U,152,
0x7100cda528,U,28,
0x7100cda558,U,28,
0x7100cda5bc,U,104,
0x7100cda624,U,104,
0x7100cda7e0,U,160,
0x7100cda968,U,244,
0x7100cdab94,U,388,
0x7100cdad18,U,124,
0x7100cdad94,U,132,
0x7100cdae40,U,28,
0x7100cdae70,U,28,
0x7100cdaecc,U,96,
0x7100cdaf2c,U,96,
0x7100cdaf98,U,144,
0x7100cdb028,U,144,
0x7100cdb0c0,U,160,
0x7100cdb248,U,244,
0x7100cdb474,U,388,
0x7100cdb5f8,U,196,
0x7100cdb6bc,U,124,
0x7100cdb738,U,132,
0x7100cdb808,U,28,
0x7100cdb838,U,28,
0x7100cdb858,U,96,
0x7100cdb8b8,U,96,
0x7100cdb924,U,144,
0x7100cdb9b4,U,144,
0x7100cdba50,U,160,
0x7100cdbbd8,U,244,
0x7100cdbcd0,U,388,
0x7100cdbe9c,U,28,
0x7100cdbecc,U,28,
0x7100cdbfb0,U,160,
0x7100cdc054,U,244,
0x7100cdc14c,U,364,
0x7100cdc2b8,U,48,
0x7100cdc2e8,U,4,
0x7100cdc2f0,U,1568,
0x7100cdc910,U,908,
0x7100cdcc9c,U,28,
0x7100cdcccc,U,28,
0x7100cdcd20,U,160,
0x7100cdceac,U,244,
0x7100cde528,U,388,
0x7100cde6ac,U,428,
0x7100cde858,U,848,
0x7100cdec84,U,28,
0x7100cdecb4,U,28,
0x7100cded48,U,432,
0x7100cdeef8,U,1076,
0x7100cdf330,U,160,
0x7100cdf4b8,U,244,
0x7100cdf7e8,U,388,
0x7100cdf96c,U,196,
0x7100cdfc3c,U,28,
0x7100cdfc6c,U,28,
0x7100cdfd00,U,124,
0x7100cdfd7c,U,124,
0x7100cdfe04,U,244,
0x7100cdfef8,U,244,
0x7100cdfff0,U,160,
0x7100ce0178,U,244,
0x7100ce05a4,U,388,
0x7100ce0728,U,268,
0x7100ce09c0,U,28,
0x7100ce09f0,U,28,
0x7100ce0aa4,U,152,
0x7100ce0b3c,U,152,
0x7100ce0c40,U,324,
0x7100ce0d90,U,160,
0x7100ce0f18,U,244,
0x7100ce1144,U,388,
0x7100ce12c8,U,124,
0x7100ce1344,U,132,
0x7100ce13f8,U,28,
0x7100ce1428,U,28,
0x7100ce1484,U,96,
0x7100ce14e4,U,96,
0x7100ce1550,U,144,
0x7100ce15e0,U,144,
0x7100ce1670,U,160,
0x7100ce17f8,U,244,
0x7100ce18f0,U,388,
0x7100ce1a9c,U,64,
0x7100ce1adc,U,28,
0x7100ce1b0c,U,28,
0x7100ce1bf0,U,160,
0x7100ce1d78,U,244,
0x7100ce1fa4,U,388,
0x7100ce2128,U,124,
0x7100ce21a4,U,132,
0x7100ce225c,U,28,
0x7100ce228c,U,28,
0x7100ce22e8,U,96,
0x7100ce2348,U,96,
0x7100ce23b4,U,144,
0x7100ce2444,U,144,
0x7100ce24e0,U,160,
0x7100ce2668,U,244,
0x7100ce2834,U,388,
0x7100ce2a28,U,28,
0x7100ce2a58,U,28,
0x7100ce2aac,U,60,
0x7100ce2ae8,U,60,
0x7100ce2b70,U,160,
0x7100ce2cf8,U,244,
0x7100ce2f0c,U,388,
0x7100ce30d4,U,28,
0x7100ce3104,U,28,
0x7100ce3154,U,60,
0x7100ce3190,U,60,
0x7100ce3210,U,160,
0x7100ce3398,U,244,
0x7100ce3748,U,388,
0x7100ce38cc,U,124,
0x7100ce3948,U,132,
0x7100ce39e8,U,28,
0x7100ce3a18,U,28,
0x7100ce3a80,U,104,
0x7100ce3ae8,U,104,
0x7100ce3cb0,U,160,
0x7100ce3e38,U,244,
0x7100ce41b8,U,388,
0x7100ce433c,U,212,
0x7100ce4410,U,124,
0x7100ce448c,U,132,
0x7100ce4750,U,28,
0x7100ce4780,U,28,
0x7100ce47a0,U,112,
0x7100ce4810,U,112,
0x7100ce49f0,U,160,
0x7100ce4b78,U,244,
0x7100ce4e3c,U,388,
0x7100ce4fc0,U,124,
0x7100ce503c,U,132,
0x7100ce50f4,U,28,
0x7100ce5124,U,28,
0x7100ce51a4,U,96,
0x7100ce5204,U,96,
0x7100ce5270,U,144,
0x7100ce5300,U,144,
0x7100ce5390,U,160,
0x7100ce5518,U,244,
0x7100ce5744,U,388,
0x7100ce58c8,U,124,
0x7100ce5944,U,132,
0x7100ce59cc,U,28,
0x7100ce59fc,U,28,
0x7100ce5a58,U,96,
0x7100ce5ab8,U,96,
0x7100ce5b24,U,144,
0x7100ce5bb4,U,144,
0x7100ce5c50,U,160,
0x7100ce5dd8,U,244,
0x7100ce614c,U,388,
0x7100ce62d0,U,124,
0x7100ce634c,U,132,
0x7100ce63d4,U,28,
0x7100ce6404,U,28,
0x7100ce646c,U,104,
0x7100ce64d4,U,104,
0x7100ce6690,U,160,
0x7100ce6818,U,244,
0x7100ce73ec,U,388,
0x7100ce759c,U,28,
0x7100ce75cc,U,28,
0x7100ce7668,U,116,
0x7100ce76dc,U,116,
0x7100ce7810,U,160,
0x7100ce7998,U,244,
0x7100ce7a90,U,388,
0x7100ce7cd0,U,28,
0x7100ce7d00,U,28,
0x7100ce7de0,U,160,
0x7100ce7f68,U,244,
0x7100ce8134,U,388,
0x7100ce8354,U,28,
0x7100ce8384,U,28,
0x7100ce83d0,U,60,
0x7100ce840c,U,60,
0x7100ce8490,U,160,
0x7100ce8618,U,244,
0x7100ce8710,U,368,
0x7100ce88a8,U,28,
0x7100ce88d8,U,28,
0x7100ce89a0,U,160,
0x7100ce8b28,U,244,
0x7100ce8d54,U,368,
0x7100ce8ec4,U,212,
0x7100ce8f98,U,124,
0x7100ce9014,U,132,
0x7100ce9098,U,28,
0x7100ce90c8,U,28,
0x7100ce91b0,U,160,
0x7100ce9338,U,244,
0x7100ce9430,U,368,
0x7100ce95c8,U,28,
0x7100ce95f8,U,28,
0x7100ce96c0,U,160,
0x7100ce9848,U,244,
0x7100ce9940,U,368,
0x7100ce9ad8,U,28,
0x7100ce9b08,U,28,
0x7100ce9bd0,U,160,
0x7100ce9d58,U,244,
0x7100ce9e50,U,368,
0x7100ce9fe8,U,28,
0x7100cea018,U,28,
0x7100cea0e0,U,160,
0x7100cea268,U,244,
0x7100cea428,U,368,
0x7100cea5c0,U,28,
0x7100cea5f0,U,28,
0x7100cea6d0,U,160,
0x7100cea858,U,244,
0x7100cea950,U,368,
0x7100ceaae8,U,28,
0x7100ceab18,U,28,
0x7100ceac70,U,160,
0x7100ceadf8,U,244,
0x7100ceafec,U,368,
0x7100ceb15c,U,428,
0x7100ceb308,U,384,
0x7100ceb4b0,U,28,
0x7100ceb4f8,U,28,
0x7100ceb800,U,236,
0x7100ceb8ec,U,244,
0x7100cebb04,U,368,
0x7100cebc9c,U,28,
0x7100cebccc,U,28,
0x7100cebdb0,U,160,
0x7100cebf38,U,244,
0x7100cec14c,U,368,
0x7100cec2e4,U,28,
0x7100cec314,U,28,
0x7100cec3f0,U,160,
0x7100cec578,U,244,
0x7100cec670,U,368,
0x7100cec808,U,28,
0x7100cec838,U,28,
0x7100cec900,U,160,
0x7100ceca88,U,244,
0x7100cecb80,U,368,
0x7100cecd18,U,28,
0x7100cecd48,U,28,
0x7100cece10,U,160,
0x7100cecf98,U,244,
0x7100ced468,U,368,
0x7100ced5d8,U,268,
0x7100ced708,U,28,
0x7100ced738,U,28,
0x7100ced754,U,124,
0x7100ced910,U,160,
0x7100ceda9c,U,244,
0x7100cedb94,U,368,
0x7100cedd2c,U,28,
0x7100cedd5c,U,28,
0x7100cede20,U,160,
0x7100cedfa8,U,244,
0x7100cee0a0,U,368,
0x7100cee238,U,28,
0x7100cee268,U,28,
0x7100cee330,U,160,
0x7100cee4b8,U,244,
0x7100cee5b0,U,368,
0x7100cee748,U,28,
0x7100cee778,U,28,
0x7100cee840,U,160,
0x7100cee9c8,U,244,
0x7100ceeac0,U,368,
0x7100ceec58,U,28,
0x7100ceec88,U,28,
0x7100ceed50,U,160,
0x7100ceeed8,U,244,
0x7100ceefd0,U,368,
0x7100cef168,U,28,
0x7100cef198,U,28,
0x7100cef260,U,160,
0x7100cef3e8,U,244,
0x7100cef4e0,U,368,
0x7100cef678,U,28,
0x7100cef6a8,U,28,
0x7100cef770,U,160,
0x7100cef8f8,U,244,
0x7100cef9f0,U,368,
0x7100cefb88,U,28,
0x7100cefbb8,U,28,
0x7100cefc80,U,160,
0x7100cefe08,U,244,
0x7100ceff00,U,368,
0x7100cf0098,U,28,
0x7100cf00c8,U,28,
0x7100cf0190,U,160,
0x7100cf0318,U,244,
0x7100cf0410,U,368,
0x7100cf05a8,U,28,
0x7100cf05d8,U,28,
0x7100cf06a0,U,160,
0x7100cf0828,U,244,
0x7100cf0920,U,368,
0x7100cf0ab8,U,28,
0x7100cf0ae8,U,28,
0x7100cf0bb0,U,160,
0x7100cf0d38,U,244,
0x7100cf10a4,U,368,
0x7100cf1214,U,124,
0x7100cf1290,U,132,
0x7100cf1314,U,28,
0x7100cf1344,U,28,
0x7100cf14a0,U,160,
0x7100cf1628,U,244,
0x7100cf18f4,U,368,
0x7100cf1a64,U,124,
0x7100cf1ae0,U,132,
0x7100cf1b64,U,28,
0x7100cf1b94,U,28,
0x7100cf1cd0,U,160,
0x7100cf1e58,U,244,
0x7100cf2084,U,368,
0x7100cf21f4,U,124,
0x7100cf2270,U,132,
0x7100cf22f4,U,28,
0x7100cf2324,U,28,
0x7100cf2450,U,160,
0x7100cf25d8,U,244,
0x7100cf26d0,U,368,
0x7100cf2868,U,28,
0x7100cf2898,U,28,
0x7100cf2960,U,160,
0x7100cf2ae8,U,244,
0x7100cf2be0,U,368,
0x7100cf2d78,U,28,
0x7100cf2da8,U,28,
0x7100cf2e70,U,160,
0x7100cf2ff8,U,244,
0x7100cf30f0,U,368,
0x7100cf3288,U,28,
0x7100cf32b8,U,28,
0x7100cf3380,U,160,
0x7100cf3508,U,244,
0x7100cf3600,U,368,
0x7100cf3798,U,28,
0x7100cf37c8,U,28,
0x7100cf3890,U,160,
0x7100cf3a18,U,244,
0x7100cf3b10,U,368,
0x7100cf3ca8,U,28,
0x7100cf3cd8,U,28,
0x7100cf3da0,U,160,
0x7100cf3f28,U,244,
0x7100cf4020,U,368,
0x7100cf41b8,U,28,
0x7100cf41e8,U,28,
0x7100cf42b0,U,160,
0x7100cf4438,U,244,
0x7100cf4530,U,368,
0x7100cf46c8,U,28,
0x7100cf46f8,U,28,
0x7100cf47c0,U,160,
0x7100cf4948,U,244,
0x7100cf4a40,U,368,
0x7100cf4bd8,U,28,
0x7100cf4c08,U,28,
0x7100cf4cd0,U,160,
0x7100cf4e68,U,244,
0x7100cf4f60,U,368,
0x7100cf50f8,U,28,
0x7100cf5128,U,28,
0x7100cf51f0,U,160,
0x7100cf5378,U,244,
0x7100cf5470,U,368,
0x7100cf5608,U,28,
0x7100cf5638,U,28,
0x7100cf5700,U,160,
0x7100cf5888,U,244,
0x7100cf5980,U,368,
0x7100cf5b18,U,28,
0x7100cf5b48,U,28,
0x7100cf5c10,U,160,
0x7100cf5d98,U,244,
0x7100cf5e90,U,368,
0x7100cf6028,U,28,
0x7100cf6058,U,28,
0x7100cf6120,U,160,
0x7100cf61c4,U,244,
0x7100cf678c,U,360,
0x7100cf68f4,U,176,
0x7100cf69a4,U,340,
0x7100cf6b1c,U,28,
0x7100cf6b4c,U,28,
0x7100cf6d70,U,160,
0x7100cf6ef8,U,244,
0x7100cf6ff0,U,368,
0x7100cf7188,U,28,
0x7100cf71b8,U,28,
0x7100cf7430,U,160,
0x7100cf75b8,U,244,
0x7100cf77e4,U,368,
0x7100cf7954,U,124,
0x7100cf79d0,U,132,
0x7100cf7a54,U,28,
0x7100cf7a84,U,28,
0x7100cf7bd0,U,160,
0x7100cf7d58,U,244,
0x7100cf7e50,U,368,
0x7100cf7fe8,U,28,
0x7100cf8018,U,28,
0x7100cf80e0,U,160,
0x7100cf8268,U,244,
0x7100cf8360,U,368,
0x7100cf84f8,U,28,
0x7100cf8528,U,28,
0x7100cf85f0,U,160,
0x7100cf8778,U,244,
0x7100cf8870,U,368,
0x7100cf8a08,U,28,
0x7100cf8a38,U,28,
0x7100cf8b00,U,160,
0x7100cf8c88,U,244,
0x7100cf8d80,U,368,
0x7100cf8f18,U,28,
0x7100cf8f48,U,28,
0x7100cf9010,U,160,
0x7100cf919c,U,244,
0x7100cf9294,U,368,
0x7100cf942c,U,28,
0x7100cf945c,U,28,
0x7100cf9520,U,160,
0x7100cf96a8,U,244,
0x7100cf97a0,U,368,
0x7100cf9938,U,28,
0x7100cf9968,U,28,
0x7100cf9a30,U,160,
0x7100cf9bb8,U,244,
0x7100cf9d80,U,368,
0x7100cf9f18,U,28,
0x7100cf9f48,U,28,
0x7100cfa020,U,160,
0x7100cfa1a8,U,244,
0x7100cfa2a0,U,368,
0x7100cfa438,U,28,
0x7100cfa468,U,28,
0x7100cfa530,U,160,
0x7100cfa6b8,U,244,
0x7100cfa7b0,U,368,
0x7100cfa948,U,28,
0x7100cfa978,U,28,
0x7100cfaa40,U,160,
0x7100cfabc8,U,244,
0x7100cfaedc,U,368,
0x7100cfb074,U,28,
0x7100cfb0a4,U,28,
0x7100cfb190,U,160,
0x7100cfb318,U,244,
0x7100cfb410,U,368,
0x7100cfb5a8,U,28,
0x7100cfb5d8,U,28,
0x7100cfb6a0,U,160,
0x7100cfb828,U,244,
0x7100cfb920,U,368,
0x7100cfbab8,U,28,
0x7100cfbae8,U,28,
0x7100cfbbb0,U,160,
0x7100cfbd38,U,244,
0x7100cfc390,U,368,
0x7100cfc500,U,380,
0x7100cfc67c,U,380,
0x7100cfc7f8,U,496,
0x7100cfca0c,U,784,
0x7100cfcd1c,U,28,
0x7100cfcd4c,U,28,
0x7100cfd080,U,68,
0x7100cfd0c4,U,200,
0x7100cfd18c,U,68,
0x7100cfd1d0,U,200,
0x7100cfd2a0,U,160,
0x7100cfd428,U,244,
0x7100cfd520,U,368,
0x7100cfd6b8,U,28,
0x7100cfd6e8,U,28,
0x7100cfd7b0,U,160,
0x7100cfd938,U,244,
0x7100cfda30,U,368,
0x7100cfdbc8,U,28,
0x7100cfdbf8,U,28,
0x7100cfdcc0,U,160,
0x7100cfde48,U,244,
0x7100cfdf40,U,368,
0x7100cfe0d8,U,28,
0x7100cfe108,U,28,
0x7100cfe1d0,U,160,
0x7100cfe358,U,244,
0x7100cfe450,U,368,
0x7100cfe5e8,U,28,
0x7100cfe618,U,28,
0x7100cfe6e0,U,160,
0x7100cfe868,U,244,
0x7100cfebd8,U,368,
0x7100cfed48,U,124,
0x7100cfedc4,U,132,
0x7100cfee48,U,28,
0x7100cfee78,U,28,
0x7100cfefc0,U,160,
0x7100cff148,U,244,
0x7100cff6b8,U,368,
0x7100cff828,U,268,
0x7100cff958,U,28,
0x7100cff988,U,28,
0x7100cff9a4,U,124,
0x7100cffb60,U,160,
0x7100cffce8,U,244,
0x7100cffde0,U,368,
0x7100cfff78,U,28,
0x7100cfffa8,U,28,
0x7100d00070,U,160,
0x7100d001f8,U,244,
0x7100d005c4,U,368,
0x7100d00734,U,196,
0x7100d0081c,U,28,
0x7100d0084c,U,28,
0x7100d00868,U,104,
0x7100d009e0,U,160,
0x7100d00b68,U,244,
0x7100d00c60,U,368,
0x7100d00df8,U,28,
0x7100d00e28,U,28,
0x7100d00ef0,U,160,
0x7100d01078,U,244,
0x7100d01170,U,368,
0x7100d01308,U,28,
0x7100d01338,U,28,
0x7100d01400,U,160,
0x7100d01588,U,244,
0x7100d01680,U,368,
0x7100d01818,U,28,
0x7100d01848,U,28,
0x7100d01910,U,160,
0x7100d01a98,U,244,
0x7100d01b90,U,368,
0x7100d01d28,U,28,
0x7100d01d58,U,28,
0x7100d01e20,U,160,
0x7100d01fa8,U,244,
0x7100d020a0,U,368,
0x7100d02238,U,28,
0x7100d02268,U,28,
0x7100d02330,U,160,
0x7100d024b8,U,244,
0x7100d025b0,U,368,
0x7100d02748,U,28,
0x7100d02778,U,28,
0x7100d02840,U,160,
0x7100d029c8,U,244,
0x7100d02ac0,U,368,
0x7100d02c58,U,28,
0x7100d02c88,U,28,
0x7100d02d50,U,160,
0x7100d02ed8,U,244,
0x7100d02fd0,U,368,
0x7100d03168,U,28,
0x7100d03198,U,28,
0x7100d03260,U,160,
0x7100d033e8,U,244,
0x7100d034e0,U,368,
0x7100d03678,U,28,
0x7100d036a8,U,28,
0x7100d03770,U,160,
0x7100d038f8,U,244,
0x7100d039f0,U,368,
0x7100d03b88,U,28,
0x7100d03bb8,U,28,
0x7100d03c80,U,160,
0x7100d03e08,U,244,
0x7100d03fc8,U,368,
0x7100d04160,U,28,
0x7100d04190,U,28,
0x7100d04270,U,160,
0x7100d043f8,U,244,
0x7100d04624,U,368,
0x7100d04794,U,124,
0x7100d04810,U,132,
0x7100d04894,U,28,
0x7100d048c4,U,28,
0x7100d049f0,U,160,
0x7100d04b78,U,244,
0x7100d04d38,U,368,
0x7100d04ed0,U,28,
0x7100d04f00,U,28,
0x7100d04fe0,U,160,
0x7100d05168,U,244,
0x7100d05260,U,368,
0x7100d053f8,U,28,
0x7100d05428,U,28,
0x7100d054f0,U,160,
0x7100d05678,U,244,
0x7100d05770,U,368,
0x7100d05908,U,28,
0x7100d05938,U,28,
0x7100d05a00,U,160,
0x7100d05b88,U,244,
0x7100d05d54,U,368,
0x7100d05eec,U,28,
0x7100d05f1c,U,28,
0x7100d05ff0,U,160,
0x7100d06178,U,244,
0x7100d06270,U,368,
0x7100d06408,U,28,
0x7100d06438,U,28,
0x7100d06500,U,160,
0x7100d06688,U,244,
0x7100d06780,U,368,
0x7100d06918,U,28,
0x7100d06948,U,28,
0x7100d06a10,U,160,
0x7100d06b98,U,244,
0x7100d06c90,U,368,
0x7100d06e28,U,28,
0x7100d06e58,U,28,
0x7100d06f20,U,160,
0x7100d070a8,U,244,
0x7100d071a0,U,368,
0x7100d07338,U,28,
0x7100d07368,U,28,
0x7100d07430,U,160,
0x7100d075b8,U,244,
0x7100d076b0,U,368,
0x7100d07848,U,28,
0x7100d07878,U,28,
0x7100d07940,U,160,
0x7100d07ac8,U,244,
0x7100d07bc0,U,368,
0x7100d07d58,U,28,
0x7100d07d88,U,28,
0x7100d07e50,U,160,
0x7100d07fd8,U,244,
0x7100d080d0,U,368,
0x7100d08268,U,28,
0x7100d08298,U,28,
0x7100d08360,U,160,
0x7100d084e8,U,244,
0x7100d085e0,U,368,
0x7100d08778,U,28,
0x7100d087a8,U,28,
0x7100d08870,U,160,
0x7100d089f8,U,244,
0x7100d08af0,U,368,
0x7100d08c88,U,28,
0x7100d08cb8,U,28,
0x7100d08d80,U,160,
0x7100d08f08,U,244,
0x7100d09000,U,368,
0x7100d09198,U,28,
0x7100d091c8,U,28,
0x7100d09290,U,160,
0x7100d09418,U,244,
0x7100d09510,U,368,
0x7100d096a8,U,28,
0x7100d096d8,U,28,
0x7100d097a0,U,160,
0x7100d09928,U,244,
0x7100d09a20,U,368,
0x7100d09bb8,U,28,
0x7100d09be8,U,28,
0x7100d09cb0,U,160,
0x7100d09e38,U,244,
0x7100d09f30,U,368,
0x7100d0a0c8,U,28,
0x7100d0a0f8,U,28,
0x7100d0a1c0,U,160,
0x7100d0a348,U,244,
0x7100d0a440,U,368,
0x7100d0a5d8,U,28,
0x7100d0a608,U,28,
0x7100d0a6d0,U,160,
0x7100d0a858,U,244,
0x7100d0a950,U,368,
0x7100d0aae8,U,28,
0x7100d0ab18,U,28,
0x7100d0abe0,U,160,
0x7100d0ad68,U,244,
0x7100d0ae60,U,368,
0x7100d0aff8,U,28,
0x7100d0b028,U,28,
0x7100d0b0f0,U,160,
0x7100d0b278,U,244,
0x7100d0b370,U,368,
0x7100d0b508,U,28,
0x7100d0b538,U,28,
0x7100d0b600,U,160,
0x7100d0b788,U,244,
0x7100d0b954,U,368,
0x7100d0baec,U,28,
0x7100d0bb1c,U,28,
0x7100d0bc00,U,160,
0x7100d0bd88,U,244,
0x7100d0be80,U,368,
0x7100d0c018,U,28,
0x7100d0c048,U,28,
0x7100d0c110,U,160,
0x7100d0c298,U,244,
0x7100d0c390,U,368,
0x7100d0c528,U,28,
0x7100d0c558,U,28,
0x7100d0c620,U,160,
0x7100d0c7a8,U,244,
0x7100d0c8a0,U,368,
0x7100d0ca38,U,28,
0x7100d0ca68,U,28,
0x7100d0cb30,U,160,
0x7100d0ccb8,U,244,
0x7100d0cdb0,U,368,
0x7100d0cf48,U,28,
0x7100d0cf78,U,28,
0x7100d0d040,U,160,
0x7100d0d1c8,U,244,
0x7100d0d2c0,U,368,
0x7100d0d458,U,28,
0x7100d0d488,U,28,
0x7100d0d550,U,160,
0x7100d0d6d8,U,244,
0x7100d0d7d0,U,368,
0x7100d0d968,U,28,
0x7100d0d998,U,28,
0x7100d0da60,U,160,
0x7100d0dbe8,U,244,
0x7100d0dda8,U,368,
0x7100d0df40,U,28,
0x7100d0df70,U,28,
0x7100d0e050,U,160,
0x7100d0e1d8,U,244,
0x7100d0e2d0,U,368,
0x7100d0e468,U,28,
0x7100d0e498,U,28,
0x7100d0e560,U,160,
0x7100d0e6e8,U,244,
0x7100d0e7e0,U,368,
0x7100d0e978,U,28,
0x7100d0e9a8,U,28,
0x7100d0ea70,U,160,
0x7100d0ebf8,U,244,
0x7100d0edec,U,368,
0x7100d0ef84,U,28,
0x7100d0efb4,U,28,
0x7100d0f090,U,160,
0x7100d0f218,U,244,
0x7100d0f310,U,368,
0x7100d0f4a8,U,28,
0x7100d0f4d8,U,28,
0x7100d0f5a0,U,160,
0x7100d0f728,U,244,
0x7100d0f820,U,368,
0x7100d0f9b8,U,28,
0x7100d0f9e8,U,28,
0x7100d0fab0,U,160,
0x7100d0fc38,U,244,
0x7100d0fd30,U,368,
0x7100d0fec8,U,28,
0x7100d0fef8,U,28,
0x7100d0ffc0,U,160,
0x7100d10148,U,244,
0x7100d10240,U,368,
0x7100d103d8,U,28,
0x7100d10408,U,28,
0x7100d104d0,U,160,
0x7100d10658,U,244,
0x7100d10750,U,368,
0x7100d108e8,U,28,
0x7100d10918,U,28,
0x7100d109e0,U,160,
0x7100d10b68,U,244,
0x7100d10c60,U,368,
0x7100d10df8,U,28,
0x7100d10e28,U,28,
0x7100d10ef0,U,160,
0x7100d11078,U,244,
0x7100d11170,U,368,
0x7100d11308,U,28,
0x7100d11338,U,28,
0x7100d11400,U,160,
0x7100d11588,U,244,
0x7100d11680,U,368,
0x7100d11818,U,28,
0x7100d11848,U,28,
0x7100d11910,U,160,
0x7100d11a98,U,244,
0x7100d11b90,U,368,
0x7100d11d28,U,28,
0x7100d11d58,U,28,
0x7100d11e20,U,160,
0x7100d11fa8,U,244,
0x7100d120a0,U,368,
0x7100d12238,U,28,
0x7100d12268,U,28,
0x7100d12330,U,160,
0x7100d124b8,U,244,
0x7100d125b0,U,368,
0x7100d12748,U,28,
0x7100d12778,U,28,
0x7100d12840,U,160,
0x7100d129c8,U,244,
0x7100d12ac0,U,368,
0x7100d12c58,U,28,
0x7100d12c88,U,28,
0x7100d12d50,U,160,
0x7100d12ed8,U,244,
0x7100d12fd0,U,368,
0x7100d13168,U,28,
0x7100d13198,U,28,
0x7100d13260,U,160,
0x7100d133e8,U,244,
0x7100d134e0,U,368,
0x7100d13678,U,28,
0x7100d136a8,U,28,
0x7100d13770,U,160,
0x7100d138f8,U,244,
0x7100d139f0,U,368,
0x7100d13b88,U,28,
0x7100d13bb8,U,28,
0x7100d13c80,U,160,
0x7100d13e08,U,244,
0x7100d13f00,U,368,
0x7100d14098,U,28,
0x7100d140c8,U,28,
0x7100d14190,U,160,
0x7100d14318,U,244,
0x7100d14410,U,368,
0x7100d145a8,U,28,
0x7100d145d8,U,28,
0x7100d146a0,U,160,
0x7100d14828,U,244,
0x7100d14920,U,368,
0x7100d14ab8,U,28,
0x7100d14ae8,U,28,
0x7100d14bb0,U,160,
0x7100d14d38,U,244,
0x7100d14e30,U,368,
0x7100d14fc8,U,28,
0x7100d14ff8,U,28,
0x7100d150c0,U,160,
0x7100d15248,U,244,
0x7100d154b4,U,368,
0x7100d1564c,U,28,
0x7100d1567c,U,28,
0x7100d15760,U,160,
0x7100d158e8,U,244,
0x7100d15bf0,U,368,
0x7100d15d88,U,28,
0x7100d15db8,U,28,
0x7100d15eb0,U,160,
0x7100d16038,U,244,
0x7100d16130,U,368,
0x7100d162c8,U,28,
0x7100d162f8,U,28,
0x7100d163c0,U,160,
0x7100d16548,U,244,
0x7100d16640,U,368,
0x7100d167d8,U,28,
0x7100d16808,U,28,
0x7100d168d0,U,160,
0x7100d16a58,U,244,
0x7100d16b50,U,368,
0x7100d16ce8,U,28,
0x7100d16d18,U,28,
0x7100d16de0,U,160,
0x7100d16f68,U,244,
0x7100d1712c,U,368,
0x7100d172c4,U,28,
0x7100d172f4,U,28,
0x7100d173d0,U,160,
0x7100d17558,U,244,
0x7100d1850c,U,368,
0x7100d1867c,U,204,
0x7100d18748,U,484,
0x7100d18950,U,28,
0x7100d18980,U,28,
0x7100d18bc0,U,160,
0x7100d18d48,U,244,
0x7100d18e40,U,368,
0x7100d18fd8,U,28,
0x7100d19008,U,28,
0x7100d190d0,U,160,
0x7100d19258,U,244,
0x7100d19424,U,368,
0x7100d195bc,U,28,
0x7100d195ec,U,28,
0x7100d196d0,U,160,
0x7100d19858,U,244,
0x7100d19950,U,368,
0x7100d19ae8,U,28,
0x7100d19b18,U,28,
0x7100d19be0,U,160,
0x7100d19d68,U,244,
0x7100d19e60,U,368,
0x7100d19ff8,U,28,
0x7100d1a028,U,28,
0x7100d1a0f0,U,160,
0x7100d1a278,U,244,
0x7100d1a5e8,U,368,
0x7100d1a758,U,124,
0x7100d1a7d4,U,132,
0x7100d1a858,U,28,
0x7100d1a888,U,28,
0x7100d1a9d0,U,160,
0x7100d1ab58,U,244,
0x7100d1ac50,U,368,
0x7100d1ade8,U,28,
0x7100d1ae18,U,28,
0x7100d1aee0,U,160,
0x7100d1b068,U,244,
0x7100d1b590,U,368,
0x7100d1b700,U,340,
0x7100d1b878,U,28,
0x7100d1b8a8,U,28,
0x7100d1bac0,U,160,
0x7100d1bb64,U,244,
0x7100d1db5c,U,360,
0x7100d1dcc4,U,380,
0x7100d1de40,U,380,
0x7100d1dfbc,U,380,
0x7100d1e138,U,380,
0x7100d1e2b4,U,380,
0x7100d1e430,U,380,
0x7100d1e5ac,U,380,
0x7100d1e728,U,380,
0x7100d1e8a4,U,380,
0x7100d1ea20,U,380,
0x7100d1eb9c,U,380,
0x7100d1ed18,U,380,
0x7100d1ee94,U,456,
0x7100d1f05c,U,1764,
0x7100d1f764,U,784,
0x7100d1fa74,U,212,
0x7100d1fb48,U,212,
0x7100d1fc1c,U,212,
0x7100d1fcf0,U,212,
0x7100d1fdc4,U,212,
0x7100d1fe98,U,212,
0x7100d1ff6c,U,28,
0x7100d1ff9c,U,28,
0x7100d1ffcc,U,1816,
0x7100d206e4,U,68,
0x7100d20728,U,204,
0x7100d207f4,U,68,
0x7100d2089c,U,68,
0x7100d208e0,U,204,
0x7100d209ac,U,68,
0x7100d20a54,U,68,
0x7100d20a98,U,204,
0x7100d20b64,U,68,
0x7100d20c0c,U,68,
0x7100d20c50,U,204,
0x7100d20d1c,U,68,
0x7100d20dc4,U,68,
0x7100d20e08,U,204,
0x7100d20ed4,U,68,
0x7100d20f7c,U,68,
0x7100d20fc0,U,204,
0x7100d2108c,U,68,
0x7100d21140,U,160,
0x7100d212c8,U,244,
0x7100d213c0,U,368,
0x7100d21558,U,28,
0x7100d21588,U,28,
0x7100d21650,U,160,
0x7100d217d8,U,244,
0x7100d21d0c,U,368,
0x7100d21e7c,U,380,
0x7100d21ff8,U,344,
0x7100d22174,U,560,
0x7100d223a4,U,28,
0x7100d223d4,U,28,
0x7100d22488,U,388,
0x7100d2260c,U,388,
0x7100d2279c,U,68,
0x7100d22850,U,160,
0x7100d229d8,U,244,
0x7100d22ad0,U,368,
0x7100d22c68,U,28,
0x7100d22c98,U,28,
0x7100d22d60,U,160,
0x7100d22ee8,U,244,
0x7100d22fe0,U,368,
0x7100d23178,U,28,
0x7100d231a8,U,28,
0x7100d23270,U,160,
0x7100d233f8,U,244,
0x7100d23624,U,368,
0x7100d23794,U,124,
0x7100d23810,U,132,
0x7100d23894,U,28,
0x7100d238c4,U,28,
0x7100d23a10,U,160,
0x7100d23b98,U,244,
0x7100d23dc4,U,368,
0x7100d23f34,U,124,
0x7100d23fb0,U,132,
0x7100d24034,U,28,
0x7100d24064,U,28,
0x7100d241b0,U,160,
0x7100d24338,U,244,
0x7100d24430,U,368,
0x7100d245c8,U,28,
0x7100d245f8,U,28,
0x7100d246c0,U,160,
0x7100d24848,U,244,
0x7100d24940,U,368,
0x7100d24ad8,U,28,
0x7100d24b08,U,28,
0x7100d24bd0,U,160,
0x7100d24d58,U,244,
0x7100d24fc8,U,368,
0x7100d25160,U,28,
0x7100d25190,U,28,
0x7100d25270,U,160,
0x7100d253f8,U,244,
0x7100d254f0,U,368,
0x7100d25688,U,28,
0x7100d256b8,U,28,
0x7100d25780,U,160,
0x7100d25908,U,244,
0x7100d25a00,U,368,
0x7100d25b98,U,28,
0x7100d25bc8,U,28,
0x7100d25d20,U,160,
0x7100d25ea8,U,244,
0x7100d25fa0,U,368,
0x7100d26138,U,28,
0x7100d26168,U,28,
0x7100d26230,U,160,
0x7100d263b8,U,244,
0x7100d264b0,U,368,
0x7100d26648,U,28,
0x7100d26678,U,28,
0x7100d26740,U,160,
0x7100d268c8,U,244,
0x7100d269c0,U,368,
0x7100d26b58,U,28,
0x7100d26b88,U,28,
0x7100d26c50,U,160,
0x7100d26dd8,U,244,
0x7100d26ed0,U,368,
0x7100d27068,U,28,
0x7100d27098,U,28,
0x7100d27160,U,160,
0x7100d272e8,U,244,
0x7100d273e0,U,368,
0x7100d27578,U,28,
0x7100d275a8,U,28,
0x7100d27670,U,160,
0x7100d277f8,U,244,
0x7100d278f0,U,368,
0x7100d27a88,U,28,
0x7100d27ab8,U,28,
0x7100d27b80,U,160,
0x7100d27d08,U,244,
0x7100d27e00,U,368,
0x7100d27f98,U,28,
0x7100d27fc8,U,28,
0x7100d28090,U,160,
0x7100d28218,U,244,
0x7100d28310,U,368,
0x7100d284a8,U,28,
0x7100d284d8,U,28,
0x7100d285a0,U,160,
0x7100d28728,U,244,
0x7100d28820,U,368,
0x7100d289b8,U,28,
0x7100d289e8,U,28,
0x7100d28b40,U,160,
0x7100d28cc8,U,244,
0x7100d28dc0,U,368,
0x7100d28f58,U,28,
0x7100d28f88,U,28,
0x7100d290e0,U,160,
0x7100d29268,U,244,
0x7100d29360,U,368,
0x7100d294f8,U,28,
0x7100d29528,U,28,
0x7100d29680,U,160,
0x7100d29808,U,244,
0x7100d29a34,U,368,
0x7100d29ba4,U,124,
0x7100d29c20,U,132,
0x7100d29ca4,U,28,
0x7100d29cd4,U,28,
0x7100d29e20,U,160,
0x7100d2a00c,U,384,
0x7100d2a190,U,244,
0x7100d2a6dc,U,360,
0x7100d2a844,U,120,
0x7100d2a8bc,U,124,
0x7100d2a938,U,132,
0x7100d2aa4c,U,28,
0x7100d2ab08,U,28,
0x7100d2adb4,U,232,
0x7100d2ae9c,U,244,
0x7100d2af94,U,368,
0x7100d2b12c,U,28,
0x7100d2b15c,U,28,
0x7100d2b220,U,160,
0x7100d2b3a8,U,244,
0x7100d2b4a0,U,368,
0x7100d2b638,U,28,
0x7100d2b668,U,28,
0x7100d2b730,U,160,
0x7100d2b86c,U,244,
0x7100d2c080,U,360,
0x7100d2c1e8,U,380,
0x7100d2c364,U,380,
0x7100d2c4e0,U,116,
0x7100d2c554,U,124,
0x7100d2c5d0,U,132,
0x7100d2c6c8,U,28,
0x7100d2c6f8,U,28,
0x7100d2c920,U,160,
0x7100d2caa8,U,244,
0x7100d2cda8,U,368,
0x7100d2cf40,U,28,
0x7100d2cf70,U,28,
0x7100d2d050,U,160,
0x7100d2d1d8,U,244,
0x7100d2d404,U,368,
0x7100d2d574,U,124,
0x7100d2d5f0,U,132,
0x7100d2d674,U,28,
0x7100d2d6a4,U,28,
0x7100d2d7d0,U,160,
0x7100d2d958,U,244,
0x7100d2dc6c,U,368,
0x7100d2de04,U,28,
0x7100d2de34,U,28,
0x7100d2df30,U,160,
0x7100d2e0b8,U,244,
0x7100d2e5e8,U,368,
0x7100d2e758,U,380,
0x7100d2e8d4,U,380,
0x7100d2ea78,U,28,
0x7100d2eaa8,U,28,
0x7100d2eca0,U,160,
0x7100d2ee28,U,244,
0x7100d2ef20,U,368,
0x7100d2f0b8,U,28,
0x7100d2f0e8,U,28,
0x7100d2f240,U,160,
0x7100d2f3c8,U,244,
0x7100d2f5e0,U,368,
0x7100d2f778,U,28,
0x7100d2f7a8,U,28,
0x7100d2f880,U,160,
0x7100d2fa08,U,244,
0x7100d2fb00,U,368,
0x7100d2fc98,U,28,
0x7100d2fcc8,U,28,
0x7100d2fe20,U,160,
0x7100d2ffa8,U,244,
0x7100d300a0,U,368,
0x7100d30238,U,28,
0x7100d30268,U,28,
0x7100d303c0,U,160,
0x7100d30548,U,244,
0x7100d30760,U,368,
0x7100d308f8,U,28,
0x7100d30928,U,28,
0x7100d30aa0,U,160,
0x7100d30c28,U,244,
0x7100d30f38,U,368,
0x7100d310d0,U,28,
0x7100d31100,U,28,
0x7100d311e0,U,160,
0x7100d31368,U,244,
0x7100d31460,U,368,
0x7100d315f8,U,28,
0x7100d31628,U,28,
0x7100d31780,U,160,
0x7100d31908,U,244,
0x7100d31a00,U,368,
0x7100d31b98,U,28,
0x7100d31bc8,U,28,
0x7100d31d20,U,160,
0x7100d31ea8,U,244,
0x7100d3206c,U,368,
0x7100d32204,U,28,
0x7100d32234,U,28,
0x7100d32310,U,160,
0x7100d32498,U,244,
0x7100d32590,U,368,
0x7100d32728,U,28,
0x7100d32758,U,28,
0x7100d328b0,U,160,
0x7100d32a38,U,244,
0x7100d32b30,U,368,
0x7100d32cc8,U,28,
0x7100d32cf8,U,28,
0x7100d32e50,U,160,
0x7100d32fd8,U,244,
0x7100d33204,U,368,
0x7100d33374,U,124,
0x7100d333f0,U,132,
0x7100d33474,U,28,
0x7100d334a4,U,28,
0x7100d335d0,U,160,
0x7100d3370c,U,244,
0x7100d338fc,U,368,
0x7100d33a94,U,28,
0x7100d33ac4,U,28,
0x7100d33ba0,U,160,
0x7100d33d28,U,244,
0x7100d33e20,U,368,
0x7100d33fb8,U,28,
0x7100d33fe8,U,28,
0x7100d34140,U,160,
0x7100d342c8,U,244,
0x7100d343c0,U,368,
0x7100d34558,U,28,
0x7100d34588,U,28,
0x7100d346e0,U,160,
0x7100d34868,U,244,
0x7100d34a5c,U,368,
0x7100d34bf4,U,28,
0x7100d34c24,U,28,
0x7100d34d90,U,160,
0x7100d34f18,U,244,
0x7100d35110,U,368,
0x7100d352a8,U,28,
0x7100d352d8,U,28,
0x7100d353b0,U,160,
0x7100d35454,U,244,
0x7100d3568c,U,332,
0x7100d357d8,U,364,
0x7100d35944,U,196,
0x7100d35a74,U,36,
0x7100d35a98,U,84,
0x7100d35aec,U,8,
0x7100d35af4,U,12,
0x7100d35b00,U,20,
0x7100d35b14,U,208,
0x7100d35be4,U,280,
0x7100d35cfc,U,156,
0x7100d35d98,U,156,
0x7100d35e34,U,156,
0x7100d35ed0,U,28,
0x7100d3600c,U,84,
0x7100d36070,U,28,
0x7100d36090,U,160,
0x7100d36130,U,140,
0x7100d361c0,U,244,
0x7100d364c4,U,352,
0x7100d36624,U,100,
0x7100d36688,U,260,
0x7100d3678c,U,672,
0x7100d36a2c,U,152,
0x7100d36ac4,U,152,
0x7100d36b5c,U,468,
0x7100d36d30,U,116,
0x7100d36da4,U,128,
0x7100d36e24,U,120,
0x7100d36e9c,U,584,
0x7100d37334,U,100,
0x7100d37398,U,220,
0x7100d37474,U,220,
0x7100d37550,U,220,
0x7100d3762c,U,220,
0x7100d37708,U,220,
0x7100d37b68,U,388,
0x7100d37cec,U,220,
0x7100d3814c,U,388,
0x7100d382d0,U,220,
0x7100d383ac,U,496,
0x7100d3859c,U,220,
0x7100d38678,U,220,
0x7100d38ad8,U,388,
0x7100d38c5c,U,220,
0x7100d390bc,U,388,
0x7100d39240,U,220,
0x7100d3931c,U,464,
0x7100d394ec,U,220,
0x7100d395c8,U,220,
0x7100d396a4,U,220,
0x7100d39b04,U,388,
0x7100d39c88,U,220,
0x7100d3a0e8,U,388,
0x7100d3a26c,U,220,
0x7100d3a348,U,496,
0x7100d3a538,U,220,
0x7100d3a614,U,220,
0x7100d3aa74,U,388,
0x7100d3abf8,U,220,
0x7100d3b058,U,388,
0x7100d3b1dc,U,220,
0x7100d3b2b8,U,500,
0x7100d3b4ac,U,28,
0x7100d3b668,U,368,
0x7100d3b7d8,U,104,
0x7100d3b840,U,288,
0x7100d3b990,U,20,
0x7100d3b9ac,U,92,
0x7100d3ba08,U,92,
0x7100d3baec,U,364,
0x7100d3bc58,U,96,
0x7100d3bcf0,U,20,
0x7100d3bd50,U,364,
0x7100d3bebc,U,96,
0x7100d3bf54,U,20,
0x7100d3bfb4,U,360,
0x7100d3c11c,U,88,
0x7100d3c1ac,U,20,
0x7100d3c20c,U,360,
0x7100d3c374,U,88,
0x7100d3c404,U,20,
0x7100d3c464,U,364,
0x7100d3c5d0,U,60,
0x7100d3c610,U,124,
0x7100d3c6a8,U,20,
0x7100d3c774,U,200,
0x7100d3c83c,U,200,
0x7100d3c904,U,364,
0x7100d3ca70,U,60,
0x7100d3cab0,U,124,
0x7100d3cb48,U,20,
0x7100d3cc14,U,200,
0x7100d3ccdc,U,200,
0x7100d3cda4,U,360,
0x7100d3cf0c,U,60,
0x7100d3cf78,U,20,
0x7100d3cfd8,U,360,
0x7100d3d140,U,60,
0x7100d3d1ac,U,20,
0x7100d3d20c,U,364,
0x7100d3d378,U,60,
0x7100d3d3e4,U,20,
0x7100d3d424,U,164,
0x7100d3d538,U,348,
0x7100d3d694,U,364,
0x7100d3d800,U,60,
0x7100d3d86c,U,20,
0x7100d3d8ac,U,164,
0x7100d3d9c0,U,348,
0x7100d3db1c,U,368,
0x7100d3dc8c,U,104,
0x7100d3dd2c,U,20,
0x7100d3dd8c,U,360,
0x7100d3def4,U,88,
0x7100d3df84,U,20,
0x7100d3dfe4,U,360,
0x7100d3e14c,U,88,
0x7100d3e1dc,U,20,
0x7100d3e23c,U,364,
0x7100d3e3a8,U,60,
0x7100d3e440,U,20,
0x7100d3e57c,U,364,
0x7100d3e6e8,U,60,
0x7100d3e780,U,20,
0x7100d3e8bc,U,364,
0x7100d3ea28,U,96,
0x7100d3eac0,U,20,
0x7100d3eb20,U,364,
0x7100d3ec8c,U,96,
0x7100d3ed24,U,20,
0x7100d3ed84,U,364,
0x7100d3eef0,U,60,
0x7100d3ef30,U,120,
0x7100d3efc4,U,20,
0x7100d3f08c,U,192,
0x7100d3f14c,U,192,
0x7100d3f20c,U,364,
0x7100d3f378,U,60,
0x7100d3f3b8,U,120,
0x7100d3f44c,U,20,
0x7100d3f514,U,192,
0x7100d3f5d4,U,192,
0x7100d3f6f8,U,84,
0x7100d3f75c,U,28,
0x7100d3f91c,U,188,
0x7100d3fb7c,U,80,
0x7100d3fbcc,U,84,
0x7100d3fcfc,U,188,
0x7100d3fe20,U,80,
0x7100d3fe70,U,84,
0x7100d3fecc,U,128,
0x7100d3ff6c,U,284,
0x7100d400b8,U,260,
0x7100d401bc,U,260,
0x7100d403b4,U,144,
0x7100d40548,U,276,
0x7100d4065c,U,356,
0x7100d407c0,U,480,
0x7100d409a0,U,480,
0x7100d40ba0,U,296,
0x7100d40cc8,U,304,
0x7100d40ed8,U,164,
0x7100d40f7c,U,264,
0x7100d410b4,U,228,
0x7100d41198,U,404,
0x7100d4132c,U,80,
0x7100d4137c,U,84,
0x7100d414b0,U,164,
0x7100d41564,U,228,
0x7100d41648,U,80,
0x7100d41698,U,84,
0x7100d4178c,U,108,
0x7100d417f8,U,108,
0x7100d418c8,U,248,
0x7100d419c0,U,320,
0x7100d41b00,U,320,
0x7100d41c40,U,424,
0x7100d41dfc,U,208,
0x7100d41ecc,U,204,
0x7100d421e8,U,80,
0x7100d42238,U,84,
0x7100d423d0,U,80,
0x7100d42420,U,84,
0x7100d42620,U,196,
0x7100d42760,U,192,
0x7100d42bcc,U,336,
0x7100d42d3c,U,168,
0x7100d42de4,U,176,
0x7100d431f0,U,280,
0x7100d43308,U,80,
0x7100d4369c,U,80,
0x7100d4372c,U,144,
0x7100d437dc,U,280,
0x7100d43930,U,196,
0x7100d43b98,U,164,
0x7100d43d50,U,288,
0x7100d43e70,U,484,
0x7100d44054,U,396,
0x7100d441e0,U,652,
0x7100d4446c,U,896,
0x7100d44810,U,284,
0x7100d4492c,U,296,
0x7100d454fc,U,244,
0x7100d455f4,U,352,
0x7100d45754,U,60,
0x7100d4590c,U,128,
0x7100d45af4,U,300,
0x7100d45c2c,U,28,
0x7100d45ce4,U,28,
0x7100d45d50,U,160,
0x7100d45e48,U,380,
0x7100d45fc4,U,16,
0x7100d45fd4,U,4,
0x7100d45fd8,U,732,
0x7100d462b4,U,396,
0x7100d46440,U,440,
0x7100d46804,U,428,
0x7100d469b0,U,240,
0x7100d46aa0,U,240,
0x7100d46c58,U,4,
0x7100d46c5c,U,4,
0x7100d46c60,U,64,
0x7100d46ca0,U,428,
0x7100d46e4c,U,64,
0x7100d46e8c,U,428,
0x7100d47038,U,1020,
0x7100d47434,U,440,
0x7100d475ec,U,248,
0x7100d476e4,U,408,
0x7100d4787c,U,452,
0x7100d47a40,U,732,
0x7100d47d1c,U,300,
0x7100d47e48,U,884,
0x7100d481bc,U,1244,
0x7100d48698,U,636,
0x7100d48914,U,1340,
0x7100d48e50,U,312,
0x7100d48f88,U,444,
0x7100d49144,U,964,
0x7100d49508,U,680,
0x7100d497b0,U,332,
0x7100d498fc,U,2108,
0x7100d4a138,U,220,
0x7100d4a214,U,208,
0x7100d4a2e4,U,308,
0x7100d4a418,U,300,
0x7100d4a544,U,508,
0x7100d4a740,U,520,
0x7100d4ad44,U,84,
0x7100d4adfc,U,84,
0x7100d4ae50,U,676,
0x7100d4b0f4,U,520,
0x7100d4b2fc,U,268,
0x7100d4b408,U,84,
0x7100d4b45c,U,84,
0x7100d4b4b0,U,392,
0x7100d4b638,U,208,
0x7100d4b708,U,344,
0x7100d4b8c0,U,4,
0x7100d4b8c4,U,4,
0x7100d4b8f4,U,352,
0x7100d4ba54,U,280,
0x7100d4bb70,U,140,
0x7100d4bc00,U,1264,
0x7100d4c0f0,U,140,
0x7100d4c17c,U,20,
0x7100d4c190,U,4,
0x7100d4c198,U,2980,
0x7100d4cd3c,U,456,
0x7100d4cf04,U,336,
0x7100d4d054,U,2256,
0x7100d4d924,U,476,
0x7100d4db00,U,484,
0x7100d4dce4,U,204,
0x7100d4de00,U,4264,
0x7100d4f130,U,2892,
0x7100d4fc80,U,1820,
0x7100d503a0,U,2392,
0x7100d50d00,U,816,
0x7100d512c0,U,140,
0x7100d5134c,U,20,
0x7100d51368,U,4324,
0x7100d5244c,U,1008,
0x7100d5283c,U,916,
0x7100d52bd0,U,1020,
0x7100d52fcc,U,944,
0x7100d5337c,U,340,
0x7100d534d0,U,340,
0x7100d53624,U,352,
0x7100d53784,U,376,
0x7100d538fc,U,340,
0x7100d53a50,U,220,
0x7100d53b2c,U,504,
0x7100d53d24,U,512,
0x7100d53f24,U,252,
0x7100d54020,U,416,
0x7100d541c0,U,2120,
0x7100d54a08,U,440,
0x7100d54bc0,U,440,
0x7100d54d78,U,432,
0x7100d54f28,U,672,
0x7100d551c8,U,700,
0x7100d55484,U,588,
0x7100d556d0,U,592,
0x7100d55920,U,608,
0x7100d55b80,U,628,
0x7100d55df4,U,712,
0x7100d560bc,U,672,
0x7100d5635c,U,680,
0x7100d56604,U,3316,
0x7100d572f8,U,452,
0x7100d574c4,U,200,
0x7100d57590,U,140,
0x7100d5761c,U,1176,
0x7100d57ab4,U,492,
0x7100d57ca0,U,200,
0x7100d57d68,U,476,
0x7100d57f44,U,144,
0x7100d57fd4,U,616,
0x7100d5823c,U,1820,
0x7100d58958,U,348,
0x7100d58ab4,U,584,
0x7100d58cfc,U,296,
0x7100d58e24,U,192,
0x7100d58ee4,U,456,
0x7100d590ac,U,432,
0x7100d5925c,U,840,
0x7100d595a4,U,528,
0x7100d59994,U,1092,
0x7100d59dd8,U,1324,
0x7100d5a304,U,1580,
0x7100d5a930,U,96,
0x7100d5a990,U,84,
0x7100d5a9e4,U,536,
0x7100d5abfc,U,84,
0x7100d5ac50,U,852,
0x7100d5afa4,U,708,
0x7100d5b268,U,540,
0x7100d5b484,U,656,
0x7100d5b714,U,12,
0x7100d5b720,U,504,
0x7100d5b918,U,420,
0x7100d5babc,U,840,
0x7100d5be04,U,440,
0x7100d5bfbc,U,532,
0x7100d5c1d0,U,416,
0x7100d5c370,U,424,
0x7100d5c518,U,452,
0x7100d5c6dc,U,392,
0x7100d5c864,U,4,
0x7100d5c868,U,32,
0x7100d5c968,U,4,
0x7100d5c96c,U,456,
0x7100d5cb38,U,328,
0x7100d5cc80,U,284,
0x7100d5cd9c,U,268,
0x7100d5cea8,U,268,
0x7100d5cfb4,U,264,
0x7100d5d0bc,U,232,
0x7100d5d1b0,U,140,
0x7100d5d240,U,244,
0x7100d5da04,U,388,
0x7100d5db88,U,380,
0x7100d5dd04,U,380,
0x7100d5de80,U,380,
0x7100d5dffc,U,220,
0x7100d5e0d8,U,220,
0x7100d5e1b4,U,68,
0x7100d5e1f8,U,104,
0x7100d5e260,U,104,
0x7100d5e2c8,U,4,
0x7100d5e3dc,U,100,
0x7100d5e440,U,132,
0x7100d5e4c4,U,104,
0x7100d5e52c,U,20,
0x7100d5e540,U,20,
0x7100d5e570,U,68,
0x7100d5e5b4,U,84,
0x7100d5e608,U,28,
0x7100d5e648,U,368,
0x7100d5e7b8,U,104,
0x7100d5e858,U,20,
0x7100d5e8b8,U,368,
0x7100d5ea28,U,104,
0x7100d5eac8,U,20,
0x7100d5eb3c,U,28,
0x7100d5eb9c,U,92,
0x7100d5ebf8,U,92,
0x7100d5ec60,U,92,
0x7100d5ecbc,U,92,
0x7100d5ef40,U,204,
0x7100d5f010,U,244,
0x7100d5f7cc,U,388,
0x7100d5f950,U,380,
0x7100d5facc,U,380,
0x7100d5fc48,U,380,
0x7100d5fdc4,U,220,
0x7100d5fea0,U,220,
0x7100d5ff7c,U,56,
0x7100d5ffb4,U,92,
0x7100d60010,U,92,
0x7100d6006c,U,4,
0x7100d60184,U,28,
0x7100d601c8,U,104,
0x7100d60230,U,8,
0x7100d60238,U,8,
0x7100d6025c,U,40,
0x7100d60284,U,8,
0x7100d6028c,U,28,
0x7100d602b4,U,368,
0x7100d60424,U,104,
0x7100d604c4,U,20,
0x7100d60524,U,368,
0x7100d60694,U,104,
0x7100d60734,U,20,
0x7100d607a8,U,28,
0x7100d607fc,U,92,
0x7100d60858,U,92,
0x7100d608c0,U,92,
0x7100d6091c,U,92,
0x7100d60ba0,U,204,
0x7100d60c70,U,244,
0x7100d611e8,U,388,
0x7100d6136c,U,380,
0x7100d614e8,U,380,
0x7100d61664,U,56,
0x7100d6169c,U,96,
0x7100d616fc,U,84,
0x7100d61750,U,4,
0x7100d61778,U,96,
0x7100d618f8,U,16,
0x7100d61924,U,56,
0x7100d619d0,U,28,
0x7100d61a0c,U,28,
0x7100d61a60,U,68,
0x7100d61aa4,U,68,
0x7100d61af4,U,68,
0x7100d61b38,U,68,
0x7100d61cf0,U,160,
0x7100d61d90,U,52,
0x7100d6211c,U,280,
0x7100d6229c,U,96,
0x7100d62478,U,108,
0x7100d62570,U,140,
0x7100d62600,U,244,
0x7100d627c8,U,388,
0x7100d6294c,U,220,
0x7100d62a28,U,220,
0x7100d62b04,U,100,
0x7100d62b68,U,112,
0x7100d62bd8,U,100,
0x7100d62c3c,U,108,
0x7100d62ca8,U,76,
0x7100d62cf4,U,76,
0x7100d62d40,U,196,
0x7100d62e04,U,56,
0x7100d62e3c,U,132,
0x7100d62ec0,U,1324,
0x7100d633ec,U,164,
0x7100d6350c,U,124,
0x7100d635b8,U,8,
0x7100d635c8,U,52,
0x7100d635fc,U,8,
0x7100d63604,U,192,
0x7100d636d8,U,408,
0x7100d63870,U,1016,
0x7100d63c74,U,1036,
0x7100d64088,U,1080,
0x7100d644d0,U,636,
0x7100d64750,U,1516,
0x7100d64d3c,U,1208,
0x7100d65200,U,1184,
0x7100d656a0,U,1232,
0x7100d65b70,U,1076,
0x7100d65fb0,U,120,
0x7100d66028,U,28,
0x7100d66058,U,368,
0x7100d661c8,U,104,
0x7100d66268,U,20,
0x7100d662c8,U,368,
0x7100d66438,U,104,
0x7100d664d8,U,20,
0x7100d6654c,U,28,
0x7100d665c8,U,108,
0x7100d66634,U,108,
0x7100d666ac,U,88,
0x7100d66704,U,88,
0x7100d6675c,U,376,
0x7100d668d4,U,376,
0x7100d66a4c,U,376,
0x7100d66bc4,U,448,
0x7100d66d84,U,340,
0x7100d66ed8,U,340,
0x7100d6702c,U,340,
0x7100d67180,U,288,
0x7100d672a0,U,204,
0x7100d67370,U,244,
0x7100d67b2c,U,388,
0x7100d67cb0,U,380,
0x7100d67e2c,U,380,
0x7100d67fa8,U,380,
0x7100d68124,U,220,
0x7100d68200,U,220,
0x7100d682dc,U,72,
0x7100d68324,U,156,
0x7100d683c0,U,156,
0x7100d6845c,U,4,
0x7100d685c0,U,148,
0x7100d68654,U,196,
0x7100d6875c,U,152,
0x7100d687f4,U,20,
0x7100d6884c,U,8,
0x7100d68854,U,28,
0x7100d6887c,U,368,
0x7100d689ec,U,104,
0x7100d68a8c,U,20,
0x7100d68aec,U,368,
0x7100d68c5c,U,104,
0x7100d68cfc,U,20,
0x7100d68d70,U,28,
0x7100d68dd4,U,140,
0x7100d68e60,U,140,
0x7100d68ef8,U,140,
0x7100d68f84,U,140,
0x7100d69140,U,160,
0x7100d692a0,U,204,
0x7100d6936c,U,64,
0x7100d693ac,U,84,
0x7100d69400,U,4,
0x7100d69508,U,104,
0x7100d69570,U,68,
0x7100d695b4,U,24,
0x7100d69600,U,140,
0x7100d69690,U,240,
0x7100d69bf8,U,364,
0x7100d69d64,U,380,
0x7100d69ee0,U,380,
0x7100d6a05c,U,220,
0x7100d6a138,U,220,
0x7100d6a214,U,220,
0x7100d6a674,U,388,
0x7100d6a7f8,U,220,
0x7100d6ac58,U,388,
0x7100d6addc,U,220,
0x7100d6aeb8,U,464,
0x7100d6b088,U,220,
0x7100d6b164,U,220,
0x7100d6b5c4,U,388,
0x7100d6b748,U,220,
0x7100d6bba8,U,388,
0x7100d6bd2c,U,220,
0x7100d6be08,U,464,
0x7100d6bfd8,U,92,
0x7100d6c034,U,176,
0x7100d6c0e4,U,180,
0x7100d6c198,U,180,
0x7100d6c24c,U,56,
0x7100d6c288,U,148,
0x7100d6c31c,U,24,
0x7100d6c334,U,32,
0x7100d6c354,U,20,
0x7100d6c368,U,368,
0x7100d6c4d8,U,104,
0x7100d6c578,U,20,
0x7100d6c5d8,U,360,
0x7100d6c740,U,60,
0x7100d6c7ac,U,20,
0x7100d6c80c,U,360,
0x7100d6c974,U,60,
0x7100d6c9e0,U,20,
0x7100d6ca40,U,364,
0x7100d6cbac,U,60,
0x7100d6cc18,U,20,
0x7100d6cc58,U,128,
0x7100d6cd48,U,276,
0x7100d6ce5c,U,364,
0x7100d6cfc8,U,60,
0x7100d6d034,U,20,
0x7100d6d074,U,128,
0x7100d6d164,U,276,
0x7100d6d278,U,360,
0x7100d6d3e0,U,60,
0x7100d6d44c,U,20,
0x7100d6d4ac,U,360,
0x7100d6d614,U,60,
0x7100d6d680,U,20,
0x7100d6d6e0,U,364,
0x7100d6d84c,U,60,
0x7100d6d8b8,U,20,
0x7100d6d8f8,U,128,
0x7100d6d9e8,U,276,
0x7100d6dafc,U,364,
0x7100d6dc68,U,60,
0x7100d6dcd4,U,20,
0x7100d6dd14,U,128,
0x7100d6de04,U,276,
0x7100d6df2c,U,28,
0x7100d6e0d4,U,92,
0x7100d6e3b4,U,128,
0x7100d6e434,U,268,
0x7100d6e570,U,404,
0x7100d6e704,U,80,
0x7100d6e754,U,84,
0x7100d6e8ec,U,128,
0x7100d6e97c,U,80,
0x7100d6e9cc,U,84,
0x7100d6ea28,U,208,
0x7100d6ee50,U,4,
0x7100d6ee54,U,240,
0x7100d6ef44,U,384,
0x7100d6f238,U,128,
0x7100d6f2b8,U,268,
0x7100d6f3f4,U,404,
0x7100d6f588,U,80,
0x7100d6f5d8,U,84,
0x7100d6f770,U,128,
0x7100d6f800,U,80,
0x7100d6f850,U,84,
0x7100d6f8ac,U,208,
0x7100d6fcd4,U,4,
0x7100d6fcd8,U,240,
0x7100d6fdc8,U,384,
0x7100d70518,U,244,
0x7100d70610,U,388,
0x7100d707a4,U,28,
0x7100d7082c,U,28,
0x7100d709d0,U,160,
0x7100d70a70,U,140,
0x7100d70b00,U,140,
0x7100d70b90,U,140,
0x7100d70c20,U,244,
0x7100d71798,U,360,
0x7100d71900,U,180,
0x7100d719b4,U,180,
0x7100d71a68,U,180,
0x7100d71b1c,U,380,
0x7100d71c98,U,380,
0x7100d71e14,U,220,
0x7100d71ef0,U,220,
0x7100d72350,U,388,
0x7100d724d4,U,220,
0x7100d72934,U,388,
0x7100d72ab8,U,220,
0x7100d72b94,U,488,
0x7100d72d7c,U,220,
0x7100d72e58,U,220,
0x7100d732b8,U,388,
0x7100d7343c,U,220,
0x7100d7389c,U,388,
0x7100d73a20,U,220,
0x7100d73afc,U,496,
0x7100d73cec,U,220,
0x7100d73dc8,U,220,
0x7100d74228,U,388,
0x7100d743ac,U,220,
0x7100d7480c,U,388,
0x7100d74990,U,220,
0x7100d74a6c,U,496,
0x7100d74c5c,U,220,
0x7100d74d38,U,220,
0x7100d75198,U,388,
0x7100d7531c,U,220,
0x7100d7577c,U,388,
0x7100d75900,U,220,
0x7100d759dc,U,500,
0x7100d75bd0,U,160,
0x7100d75c70,U,388,
0x7100d75df4,U,380,
0x7100d75f70,U,220,
0x7100d7604c,U,220,
0x7100d764ac,U,388,
0x7100d76630,U,220,
0x7100d76a90,U,388,
0x7100d76c14,U,220,
0x7100d76cf0,U,500,
0x7100d76ee4,U,220,
0x7100d76fc0,U,220,
0x7100d77420,U,388,
0x7100d775a4,U,220,
0x7100d77a04,U,388,
0x7100d77b88,U,220,
0x7100d77c64,U,468,
0x7100d77e38,U,284,
0x7100d77f54,U,436,
0x7100d7820c,U,32,
0x7100d7822c,U,332,
0x7100d78378,U,180,
0x7100d7842c,U,220,
0x7100d78508,U,220,
0x7100d785e4,U,220,
0x7100d786c0,U,220,
0x7100d7879c,U,220,
0x7100d78878,U,220,
0x7100d78954,U,220,
0x7100d78a30,U,7296,
0x7100d7add4,U,24,
0x7100d7adec,U,148,
0x7100d7ae80,U,148,
0x7100d7af14,U,148,
0x7100d7afa8,U,172,
0x7100d7b054,U,20,
0x7100d7b068,U,284,
0x7100d7b184,U,32,
0x7100d7b1c0,U,56,
0x7100d7b1f8,U,64,
0x7100d7b238,U,200,
0x7100d7b300,U,148,
0x7100d7b394,U,212,
0x7100d7b468,U,164,
0x7100d7b50c,U,52,
0x7100d7b540,U,616,
0x7100d7b7a8,U,52,
0x7100d7b7dc,U,104,
0x7100d7b844,U,156,
0x7100d7b964,U,288,
0x7100d7ba84,U,56,
0x7100d7babc,U,436,
0x7100d7bc70,U,88,
0x7100d7bcc8,U,320,
0x7100d7be08,U,44,
0x7100d7be34,U,24,
0x7100d7be4c,U,84,
0x7100d7bea0,U,884,
0x7100d7c214,U,220,
0x7100d7c2f0,U,132,
0x7100d7c374,U,60,
0x7100d7c3b0,U,124,
0x7100d7c42c,U,48,
0x7100d7c45c,U,48,
0x7100d7c48c,U,132,
0x7100d7c510,U,56,
0x7100d7c548,U,16,
0x7100d7c558,U,56,
0x7100d7c590,U,48,
0x7100d7c5c0,U,16,
0x7100d7c5d0,U,52,
0x7100d7c604,U,16,
0x7100d7c614,U,60,
0x7100d7c650,U,60,
0x7100d7c68c,U,60,
0x7100d7c6c8,U,60,
0x7100d7c704,U,60,
0x7100d7c740,U,48,
0x7100d7c770,U,48,
0x7100d7c7a0,U,136,
0x7100d7c828,U,292,
0x7100d7c94c,U,68,
0x7100d7c990,U,100,
0x7100d7c9f4,U,76,
0x7100d7ca40,U,552,
0x7100d7cc68,U,228,
0x7100d7cd4c,U,244,
0x7100d7ce40,U,56,
0x7100d7ce78,U,56,
0x7100d7ceb0,U,28,
0x7100d7cecc,U,336,
0x7100d7d0fc,U,200,
0x7100d7d1f4,U,360,
0x7100d7d35c,U,56,
0x7100d7d3c4,U,20,
0x7100d7d424,U,360,
0x7100d7d58c,U,56,
0x7100d7d5f4,U,20,
0x7100d7d654,U,364,
0x7100d7d7c0,U,60,
0x7100d7d87c,U,20,
0x7100d7d9d0,U,364,
0x7100d7db3c,U,60,
0x7100d7dbf8,U,20,
0x7100d7dd4c,U,360,
0x7100d7deb4,U,88,
0x7100d7df44,U,20,
0x7100d7dfa4,U,360,
0x7100d7e10c,U,88,
0x7100d7e19c,U,20,
0x7100d7e1fc,U,364,
0x7100d7e368,U,60,
0x7100d7e3a8,U,124,
0x7100d7e440,U,20,
0x7100d7e50c,U,200,
0x7100d7e5d4,U,200,
0x7100d7e69c,U,364,
0x7100d7e808,U,60,
0x7100d7e848,U,124,
0x7100d7e8e0,U,20,
0x7100d7e9ac,U,200,
0x7100d7ea74,U,200,
0x7100d7eb3c,U,360,
0x7100d7eca4,U,88,
0x7100d7ed34,U,20,
0x7100d7ed94,U,360,
0x7100d7eefc,U,88,
0x7100d7ef8c,U,20,
0x7100d7efec,U,364,
0x7100d7f158,U,60,
0x7100d7f1f0,U,20,
0x7100d7f32c,U,364,
0x7100d7f498,U,60,
0x7100d7f530,U,20,
0x7100d7f66c,U,360,
0x7100d7f7d4,U,88,
0x7100d7f864,U,20,
0x7100d7f8c4,U,360,
0x7100d7fa2c,U,88,
0x7100d7fabc,U,20,
0x7100d7fb1c,U,364,
0x7100d7fc88,U,60,
0x7100d7fcfc,U,20,
0x7100d7fd48,U,128,
0x7100d7fdc8,U,164,
0x7100d7ff14,U,364,
0x7100d80080,U,60,
0x7100d800f4,U,20,
0x7100d80140,U,128,
0x7100d801c0,U,164,
0x7100d8030c,U,364,
0x7100d80478,U,96,
0x7100d80510,U,20,
0x7100d80570,U,364,
0x7100d806dc,U,96,
0x7100d80774,U,20,
0x7100d807d4,U,364,
0x7100d80940,U,60,
0x7100d809b8,U,20,
0x7100d80a0c,U,248,
0x7100d80b84,U,492,
0x7100d80d70,U,364,
0x7100d80edc,U,60,
0x7100d80f54,U,20,
0x7100d80fa8,U,248,
0x7100d81120,U,492,
0x7100d8130c,U,364,
0x7100d81478,U,64,
0x7100d814e8,U,20,
0x7100d81548,U,364,
0x7100d816b4,U,64,
0x7100d81724,U,20,
0x7100d81784,U,364,
0x7100d818f0,U,60,
0x7100d8195c,U,20,
0x7100d81b0c,U,512,
0x7100d81d0c,U,364,
0x7100d81e78,U,60,
0x7100d81ee4,U,20,
0x7100d82094,U,512,
0x7100d822a4,U,28,
0x7100d822c0,U,292,
0x7100d823f4,U,84,
0x7100d82448,U,176,
0x7100d826c8,U,412,
0x7100d82bf8,U,80,
0x7100d82c48,U,84,
0x7100d82de0,U,80,
0x7100d82e30,U,84,
0x7100d82ee0,U,188,
0x7100d82f9c,U,188,
0x7100d833f8,U,208,
0x7100d834c8,U,208,
0x7100d83598,U,280,
0x7100d836b0,U,280,
0x7100d837dc,U,172,
0x7100d83988,U,188,
0x7100d83be8,U,80,
0x7100d83c38,U,84,
0x7100d83d68,U,188,
0x7100d83e8c,U,80,
0x7100d83edc,U,84,
0x7100d83f38,U,128,
0x7100d83fd8,U,284,
0x7100d84124,U,260,
0x7100d84228,U,260,
0x7100d84420,U,144,
0x7100d845b4,U,356,
0x7100d84718,U,480,
0x7100d848f8,U,480,
0x7100d84af8,U,296,
0x7100d84c20,U,304,
0x7100d84fa0,U,80,
0x7100d84ff0,U,84,
0x7100d85188,U,80,
0x7100d851d8,U,84,
0x7100d853d8,U,196,
0x7100d85518,U,192,
0x7100d859a4,U,168,
0x7100d85a4c,U,176,
0x7100d85c40,U,128,
0x7100d85cc0,U,268,
0x7100d85dfc,U,404,
0x7100d85f90,U,80,
0x7100d85fe0,U,84,
0x7100d86178,U,128,
0x7100d86208,U,80,
0x7100d86258,U,84,
0x7100d862b4,U,172,
0x7100d8672c,U,196,
0x7100d8696c,U,352,
0x7100d86acc,U,252,
0x7100d86bc8,U,360,
0x7100d86d30,U,356,
0x7100d86e94,U,308,
0x7100d86fe8,U,152,
0x7100d87080,U,168,
0x7100d87128,U,252,
0x7100d872a0,U,200,
0x7100d87378,U,76,
0x7100d873c4,U,144,
0x7100d8751c,U,248,
0x7100d87700,U,432,
0x7100d878b0,U,372,
0x7100d87a24,U,80,
0x7100d87ad8,U,248,
0x7100d87be0,U,432,
0x7100d87d90,U,400,
0x7100d87f20,U,80,
0x7100d8810c,U,68,
0x7100d88150,U,140,
0x7100d88344,U,172,
0x7100d883f0,U,344,
0x7100d88548,U,276,
0x7100d8865c,U,456,
0x7100d88824,U,328,
0x7100d8896c,U,564,
0x7100d88ba0,U,596,
0x7100d88e14,U,316,
0x7100d88f50,U,324,
0x7100d89324,U,264,
0x7100d8945c,U,656,
0x7100d896ec,U,80,
0x7100d899a4,U,80,
0x7100d89a34,U,92,
0x7100d89a90,U,264,
0x7100d89d0c,U,108,
0x7100d89d78,U,244,
0x7100d89e90,U,124,
0x7100d89f0c,U,260,
0x7100d8a010,U,308,
0x7100d8a158,U,292,
0x7100d8a27c,U,288,
0x7100d8a39c,U,412,
0x7100d8a538,U,600,
0x7100d8b794,U,80,
0x7100d8b7e4,U,164,
0x7100d8b888,U,252,
0x7100d8b984,U,220,
0x7100d8ba60,U,272,
0x7100d8bb70,U,60,
0x7100d8bbac,U,652,
0x7100d8be38,U,1680,
0x7100d8c4d0,U,16,
0x7100d8c4e0,U,140,
0x7100d8ca4c,U,348,
0x7100d8cba8,U,220,
0x7100d8cc84,U,220,
0x7100d8cd60,U,220,
0x7100d8ce3c,U,156,
0x7100d8ced8,U,492,
0x7100d8d154,U,776,
0x7100d8d45c,U,532,
0x7100d8d670,U,484,
0x7100d8d854,U,620,
0x7100d8dac0,U,112,
0x7100d8db30,U,1108,
0x7100d8df84,U,108,
0x7100d8dff0,U,48,
0x7100d8e020,U,128,
0x7100d8e0a0,U,304,
0x7100d8e1d0,U,140,
0x7100d8e25c,U,24,
0x7100d8e274,U,12,
0x7100d8e280,U,80,
0x7100d8e2d0,U,92,
0x7100d8e32c,U,108,
0x7100d8e398,U,2924,
0x7100d8ef04,U,8,
0x7100d8ef0c,U,180,
0x7100d8efc8,U,8,
0x7100d8efd0,U,228,
0x7100d8f0b4,U,268,
0x7100d8f1c0,U,12,
0x7100d8f1cc,U,364,
0x7100d8f338,U,96,
0x7100d8f3d0,U,20,
0x7100d8f430,U,364,
0x7100d8f59c,U,96,
0x7100d8f634,U,20,
0x7100d8f694,U,364,
0x7100d8f800,U,96,
0x7100d8f898,U,20,
0x7100d8f8f8,U,236,
0x7100d8f9e4,U,1628,
0x7100d90040,U,236,
0x7100d9012c,U,236,
0x7100d90218,U,236,
0x7100d90304,U,348,
0x7100d90460,U,324,
0x7100d90624,U,424,
0x7100d907cc,U,1048,
0x7100d911d8,U,908,
0x7100d91564,U,384,
0x7100d91d10,U,384,
0x7100d92158,U,7424,
0x7100d93e58,U,4,
0x7100d93e5c,U,412,
0x7100d94118,U,256,
0x7100d94398,U,88,
0x7100d943f0,U,88,
0x7100d94448,U,136,
0x7100d944d0,U,388,
0x7100d94654,U,476,
0x7100d94830,U,248,
0x7100d94928,U,384,
0x7100d94aa8,U,264,
0x7100d94bb0,U,412,
0x7100d94e6c,U,256,
0x7100d950ec,U,88,
0x7100d95144,U,88,
0x7100d9519c,U,136,
0x7100d95224,U,388,
0x7100d953a8,U,476,
0x7100d95584,U,248,
0x7100d9567c,U,384,
0x7100d957fc,U,264,
0x7100d95904,U,412,
0x7100d95bc0,U,256,
0x7100d95e40,U,88,
0x7100d95e98,U,88,
0x7100d95ef0,U,136,
0x7100d95f78,U,388,
0x7100d960fc,U,476,
0x7100d962d8,U,248,
0x7100d963d0,U,384,
0x7100d96550,U,264,
0x7100d975d8,U,524,
0x7100d977e4,U,384,
0x7100d97c30,U,384,
0x7100d99934,U,388,
0x7100d99ab8,U,372,
0x7100d99c2c,U,372,
0x7100d99da0,U,380,
0x7100d99f1c,U,380,
0x7100d9a098,U,380,
0x7100d9a214,U,380,
0x7100d9a390,U,380,
0x7100d9a50c,U,380,
0x7100d9a688,U,380,
0x7100d9a804,U,380,
0x7100d9a980,U,380,
0x7100d9aafc,U,380,
0x7100d9ac78,U,380,
0x7100d9adf4,U,380,
0x7100d9af70,U,220,
0x7100d9b04c,U,220,
0x7100d9b128,U,100,
0x7100d9b18c,U,240,
0x7100d9b27c,U,356,
0x7100d9b3e0,U,964,
0x7100d9b804,U,364,
0x7100d9b970,U,96,
0x7100d9ba08,U,20,
0x7100d9ba68,U,364,
0x7100d9bbd4,U,96,
0x7100d9bc6c,U,20,
0x7100d9bf2c,U,176,
0x7100d9bfe8,U,20,
0x7100d9bffc,U,336,
0x7100d9c1e0,U,72,
0x7100d9c274,U,68,
0x7100d9c388,U,68,
0x7100d9c49c,U,68,
0x7100d9c548,U,68,
0x7100d9c5f4,U,68,
0x7100d9c6a8,U,68,
0x7100d9cf20,U,244,
0x7100d9d4fc,U,388,
0x7100d9d680,U,384,
0x7100d9d800,U,376,
0x7100d9d978,U,220,
0x7100d9da54,U,220,
0x7100d9db30,U,220,
0x7100d9dc0c,U,220,
0x7100d9e06c,U,388,
0x7100d9e1f0,U,220,
0x7100d9e650,U,388,
0x7100d9e7d4,U,220,
0x7100d9e8b0,U,500,
0x7100d9eaa4,U,220,
0x7100d9eb80,U,220,
0x7100d9ec74,U,20,
0x7100d9ec8c,U,456,
0x7100d9ee54,U,28,
0x7100d9ee70,U,164,
0x7100d9ef14,U,172,
0x7100d9efc0,U,368,
0x7100d9f130,U,104,
0x7100d9f1d0,U,20,
0x7100d9f230,U,368,
0x7100d9f3a0,U,104,
0x7100d9f440,U,20,
0x7100d9f4a0,U,364,
0x7100d9f60c,U,96,
0x7100d9f6a4,U,20,
0x7100d9f704,U,364,
0x7100d9f870,U,96,
0x7100d9f908,U,20,
0x7100d9f968,U,364,
0x7100d9fad4,U,60,
0x7100d9fb4c,U,20,
0x7100d9fba0,U,200,
0x7100d9fce8,U,416,
0x7100d9fe88,U,364,
0x7100d9fff4,U,60,
0x7100da006c,U,20,
0x7100da00c0,U,200,
0x7100da0208,U,416,
0x7100da03a8,U,364,
0x7100da0514,U,96,
0x7100da05ac,U,20,
0x7100da060c,U,364,
0x7100da0778,U,96,
0x7100da0810,U,20,
0x7100da0870,U,268,
0x7100da098c,U,28,
0x7100da09f8,U,240,
0x7100da0ae8,U,180,
0x7100da0ca0,U,200,
0x7100da0e58,U,80,
0x7100da0f54,U,200,
0x7100da102c,U,80,
0x7100da1138,U,172,
0x7100da11e4,U,200,
0x7100da13c4,U,116,
0x7100da1438,U,208,
0x7100da1508,U,352,
0x7100da1668,U,200,
0x7100da1730,U,436,
0x7100da18e4,U,424,
0x7100da1ab0,U,268,
0x7100da201c,U,68,
0x7100da2060,U,144,
0x7100da20f0,U,16,
0x7100da2100,U,1652,
0x7100da2774,U,128,
0x7100da27f4,U,176,
0x7100da28a4,U,92,
0x7100da2900,U,328,
0x7100da2a50,U,140,
0x7100da2ae0,U,244,
0x7100da2e50,U,352,
0x7100da3120,U,560,
0x7100da3630,U,220,
0x7100da370c,U,28,
0x7100da373c,U,28,
0x7100da3770,U,160,
0x7100da3a1c,U,384,
0x7100da3ba0,U,240,
0x7100da3c94,U,364,
0x7100da3ea0,U,28,
0x7100da3ed0,U,436,
0x7100da4088,U,240,
0x7100da417c,U,364,
0x7100da42fc,U,28,
0x7100da4330,U,160,
0x7100da43d4,U,240,
0x7100da44c8,U,364,
0x7100da4648,U,28,
0x7100da4680,U,160,
0x7100da4a08,U,364,
0x7100da4b74,U,380,
0x7100da4cf0,U,220,
0x7100da4dcc,U,340,
0x7100da4f20,U,364,
0x7100da508c,U,96,
0x7100da5124,U,20,
0x7100da5184,U,312,
0x7100da52e8,U,64,
0x7100da5328,U,64,
0x7100da5368,U,216,
0x7100da56a4,U,1484,
0x7100da5c70,U,384,
0x7100da5fb0,U,140,
0x7100da603c,U,352,
0x7100da619c,U,128,
0x7100da621c,U,136,
0x7100da62a4,U,184,
0x7100da635c,U,456,
0x7100da65f8,U,76,
0x7100da684c,U,236,
0x7100da6938,U,384,
0x7100da6cc4,U,384,
0x7100da6e50,U,248,
0x7100da6f50,U,248,
0x7100da7408,U,244,
0x7100da79f0,U,388,
0x7100da7b74,U,696,
0x7100da7e2c,U,624,
0x7100da809c,U,280,
0x7100da81b4,U,280,
0x7100da82cc,U,616,
0x7100da8534,U,332,
0x7100da8680,U,404,
0x7100da8814,U,508,
0x7100da8a10,U,1264,
0x7100da8f00,U,280,
0x7100da9018,U,380,
0x7100da9194,U,192,
0x7100da9254,U,12,
0x7100da9260,U,44,
0x7100da928c,U,16,
0x7100da929c,U,20,
0x7100da92b0,U,1760,
0x7100da9990,U,580,
0x7100da9bd4,U,692,
0x7100da9e88,U,216,
0x7100da9f60,U,312,
0x7100daa098,U,216,
0x7100daa170,U,8,
0x7100daa178,U,304,
0x7100daa2a8,U,4,
0x7100daa2ac,U,592,
0x7100daa4fc,U,100,
0x7100daa560,U,216,
0x7100daa638,U,756,
0x7100daa92c,U,436,
0x7100daaae0,U,192,
0x7100daaba0,U,424,
0x7100daad48,U,240,
0x7100daae38,U,44,
0x7100daae64,U,128,
0x7100daaee4,U,88,
0x7100daaf3c,U,260,
0x7100dab040,U,1164,
0x7100dab4cc,U,336,
0x7100dab61c,U,928,
0x7100dab9ec,U,28,
0x7100dabb4c,U,28,
0x7100dabcc0,U,188,
0x7100dabe40,U,144,
0x7100dabed0,U,304,
0x7100dac000,U,312,
0x7100dac138,U,328,
0x7100dac280,U,100,
0x7100dac2e4,U,708,
0x7100dac5cc,U,920,
0x7100dac964,U,492,
0x7100dacb50,U,432,
0x7100dacd00,U,36,
0x7100dacd24,U,2736,
0x7100dad7d4,U,364,
0x7100dad940,U,204,
0x7100dada0c,U,292,
0x7100dadb30,U,700,
0x7100daddec,U,308,
0x7100dadf20,U,224,
0x7100dae000,U,1756,
0x7100dae6dc,U,356,
0x7100dae840,U,100,
0x7100dae8a4,U,684,
0x7100daeb50,U,304,
0x7100daec80,U,1028,
0x7100daf558,U,384,
0x7100daf6d8,U,4,
0x7100daf6dc,U,8712,
0x7100db18e4,U,252,
0x7100db19e0,U,1624,
0x7100db20c4,U,260,
0x7100db2468,U,88,
0x7100db2514,U,88,
0x7100db27a8,U,600,
0x7100db2b20,U,256,
0x7100db2da0,U,136,
0x7100db2e28,U,388,
0x7100db3150,U,88,
0x7100db31a8,U,88,
0x7100db3200,U,264,
0x7100db3308,U,476,
0x7100db34e4,U,248,
0x7100db35dc,U,384,
0x7100db3760,U,140,
0x7100db37ec,U,300,
0x7100db3918,U,452,
0x7100db3adc,U,76,
0x7100db3b28,U,1020,
0x7100db3f24,U,376,
0x7100db409c,U,40,
0x7100db40c4,U,24,
0x7100db40dc,U,552,
0x7100db4304,U,56,
0x7100db4434,U,196,
0x7100db44f8,U,196,
0x7100db45c0,U,140,
0x7100db464c,U,204,
0x7100db4718,U,716,
0x7100db49e4,U,388,
0x7100db4b68,U,220,
0x7100db4c44,U,220,
0x7100db50a4,U,388,
0x7100db5228,U,220,
0x7100db5688,U,388,
0x7100db580c,U,220,
0x7100db58e8,U,500,
0x7100db5adc,U,220,
0x7100db5bb8,U,220,
0x7100db5c98,U,240,
0x7100db60e4,U,388,
0x7100db6268,U,220,
0x7100db6344,U,220,
0x7100db6424,U,240,
0x7100db672c,U,388,
0x7100db68b4,U,244,
0x7100db772c,U,388,
0x7100db78b4,U,696,
0x7100db7b6c,U,1512,
0x7100db8154,U,500,
0x7100db8374,U,244,
0x7100db8468,U,600,
0x7100db8700,U,1772,
0x7100db8dec,U,62664,
0x7100dc82b4,U,812,
0x7100dc85e0,U,584,
0x7100dc8828,U,288,
0x7100dc8948,U,288,
0x7100dc8a68,U,288,
0x7100dc8b88,U,212,
0x7100dc8c5c,U,212,
0x7100dc8d30,U,212,
0x7100dc8e04,U,600,
0x7100dc925c,U,176,
0x7100dc930c,U,3760,
0x7100dca1bc,U,92,
0x7100dca218,U,340,
0x7100dca36c,U,412,
0x7100dca508,U,296,
0x7100dca630,U,2444,
0x7100dcafbc,U,444,
0x7100dcb178,U,3088,
0x7100dcbd88,U,476,
0x7100dcbf64,U,356,
0x7100dcc0c8,U,72,
0x7100dcc110,U,444,
0x7100dcc2cc,U,312,
0x7100dcc404,U,1676,
0x7100dcca90,U,768,
0x7100dccd90,U,736,
0x7100dcd070,U,520,
0x7100dcd278,U,1300,
0x7100dcd78c,U,1164,
0x7100dcdc18,U,20,
0x7100dcdc2c,U,184,
0x7100dcdce4,U,40,
0x7100dcdd0c,U,112,
0x7100dcdd7c,U,276,
0x7100dcde90,U,276,
0x7100dcdfa4,U,396,
0x7100dce130,U,20,
0x7100dce144,U,212,
0x7100dce218,U,8,
0x7100dce220,U,8,
0x7100dce228,U,172,
0x7100dce2ec,U,356,
0x7100dce450,U,360,
0x7100dce5b8,U,88,
0x7100dce648,U,20,
0x7100dce6a8,U,360,
0x7100dce810,U,88,
0x7100dce8a0,U,20,
0x7100dce900,U,364,
0x7100dcea6c,U,60,
0x7100dceae0,U,20,
0x7100dceba4,U,364,
0x7100dced10,U,60,
0x7100dced84,U,20,
0x7100dcee48,U,368,
0x7100dcefb8,U,104,
0x7100dcf058,U,20,
0x7100dcf0b8,U,368,
0x7100dcf228,U,104,
0x7100dcf2c8,U,20,
0x7100dcf328,U,368,
0x7100dcf498,U,104,
0x7100dcf538,U,20,
0x7100dcf598,U,368,
0x7100dcf708,U,104,
0x7100dcf7a8,U,20,
0x7100dcf808,U,28,
0x7100dcf848,U,28,
0x7100dcf86c,U,28,
0x7100dcf890,U,240,
0x7100dcf980,U,492,
0x7100dcfb6c,U,348,
0x7100dcfce8,U,100,
0x7100dcfd4c,U,80,
0x7100dcfeac,U,96,
0x7100dd0030,U,312,
0x7100dd03d0,U,80,
0x7100dd0420,U,88,
0x7100dd05b8,U,80,
0x7100dd0608,U,88,
0x7100dd0674,U,292,
0x7100dd0b9c,U,312,
0x7100dd0d68,U,28,
0x7100dd0e38,U,28,
0x7100dd0f04,U,28,
0x7100dd1078,U,164,
0x7100dd1198,U,4,
0x7100dd119c,U,4,
0x7100dd11c0,U,144,
0x7100dd1250,U,264,
0x7100dd1e34,U,2156,
0x7100dd26a0,U,332,
0x7100dd27ec,U,1140,
0x7100dd2ca8,U,1260,
0x7100dd3394,U,396,
0x7100dd3520,U,260,
0x7100dd3624,U,10396,
0x7100dd5ec0,U,4,
0x7100dd5ec4,U,568,
0x7100dd60fc,U,556,
0x7100dd6990,U,536,
0x7100dd6ba8,U,2544,
0x7100dd7598,U,440,
0x7100dd7750,U,420,
0x7100dd78f4,U,948,
0x7100dd7ca8,U,1312,
0x7100dd81c8,U,224,
0x7100dd82a8,U,488,
0x7100dd8490,U,176,
0x7100dd8540,U,1052,
0x7100dd895c,U,400,
0x7100dd8aec,U,328,
0x7100dd8ccc,U,164,
0x7100dd8dec,U,4,
0x7100dd8df0,U,4,
0x7100dd8f54,U,264,
0x7100dd905c,U,244,
0x7100dd9370,U,892,
0x7100dd96f0,U,892,
0x7100dd9a70,U,892,
0x7100dda170,U,892,
0x7100dda4f0,U,932,
0x7100dda8a0,U,932,
0x7100ddac50,U,2208,
0x7100ddb4f0,U,384,
0x7100ddb670,U,56,
0x7100ddb6b0,U,44,
0x7100ddb6dc,U,4,
0x7100ddb6e0,U,4,
0x7100ddb6e4,U,16,
0x7100ddb6f4,U,4,
0x7100ddb6f8,U,112,
0x7100ddb768,U,84,
0x7100ddb7bc,U,164,
0x7100ddb860,U,108,
0x7100ddb8cc,U,108,
0x7100ddb938,U,108,
0x7100ddb9a4,U,112,
0x7100ddba14,U,168,
0x7100ddbabc,U,192,
0x7100ddbb7c,U,224,
0x7100ddbc60,U,140,
0x7100ddbcec,U,40,
0x7100ddbd14,U,4,
0x7100ddbd18,U,576,
0x7100ddbf58,U,108,
0x7100ddbfc4,U,6864,
0x7100dddaa0,U,392,
0x7100dddc28,U,632,
0x7100dddf50,U,172,
0x7100dde000,U,200,
0x7100dde0c8,U,28,
0x7100dde0e4,U,312,
0x7100dde21c,U,456,
0x7100dde3e4,U,492,
0x7100dde5d0,U,328,
0x7100dde718,U,132,
0x7100dde7a0,U,900,
0x7100ddeb30,U,140,
0x7100ddebbc,U,148,
0x7100ddec50,U,24,
0x7100ddec68,U,68,
0x7100ddecac,U,44,
0x7100ddecd8,U,24,
0x7100ddecf0,U,12,
0x7100ddecfc,U,16,
0x7100dded10,U,140,
0x7100dded9c,U,220,
0x7100ddee78,U,220,
0x7100ddf1c0,U,384,
0x7100ddf344,U,240,
0x7100de0260,U,388,
0x7100de03e4,U,992,
0x7100de07c4,U,264,
0x7100de08f0,U,960,
0x7100de0cb0,U,1752,
0x7100de1388,U,36,
0x7100de13ac,U,612,
0x7100de1610,U,28,
0x7100de162c,U,368,
0x7100de179c,U,104,
0x7100de183c,U,20,
0x7100de189c,U,368,
0x7100de1a0c,U,104,
0x7100de1aac,U,20,
0x7100de1bac,U,28,
0x7100de20d0,U,1224,
0x7100de2780,U,244,
0x7100de2c9c,U,388,
0x7100de2e20,U,696,
0x7100de30dc,U,244,
0x7100de31d0,U,124,
0x7100de324c,U,388,
0x7100de33d0,U,696,
0x7100de368c,U,244,
0x7100de38e4,U,388,
0x7100de3a68,U,696,
0x7100de3d24,U,244,
0x7100de3e18,U,124,
0x7100de3e94,U,388,
0x7100de4018,U,696,
0x7100de42d0,U,332,
0x7100de441c,U,384,
0x7100de47a8,U,384,
0x7100de4928,U,164,
0x7100de49cc,U,144,
0x7100de4a60,U,312,
0x7100de4b98,U,2736,
0x7100de5648,U,332,
0x7100de5794,U,336,
0x7100de58e4,U,1196,
0x7100de5d90,U,184,
0x7100de5e48,U,336,
0x7100de5f98,U,280,
0x7100de60b0,U,3640,
0x7100de6ee8,U,448,
0x7100de70a8,U,2028,
0x7100de7894,U,240,
0x7100de7984,U,748,
0x7100de7c70,U,280,
0x7100de7d88,U,3148,
0x7100de89d4,U,240,
0x7100de8ac4,U,508,
0x7100de8e18,U,352,
0x7100de8f78,U,516,
0x7100de917c,U,364,
0x7100de92e8,U,376,
0x7100de9460,U,108,
0x7100de94cc,U,116,
0x7100de9540,U,496,
0x7100de9730,U,676,
0x7100de99d4,U,272,
0x7100de9ae4,U,276,
0x7100de9bf8,U,28,
0x7100de9c14,U,28,
0x7100de9c30,U,68,
0x7100de9c74,U,736,
0x7100de9f78,U,908,
0x7100dea304,U,524,
0x7100dea510,U,612,
0x7100dea774,U,348,
0x7100dea8d0,U,672,
0x7100deab70,U,84,
0x7100deabc4,U,32,
0x7100deabe4,U,32,
0x7100deac04,U,32,
0x7100deac24,U,32,
0x7100deac44,U,32,
0x7100deac64,U,32,
0x7100deac84,U,24,
0x7100deac9c,U,52,
0x7100deacd0,U,2716,
0x7100deb7a8,U,136,
0x7100deb830,U,228,
0x7100deb914,U,376,
0x7100deba8c,U,316,
0x7100debbc8,U,96,
0x7100debc28,U,788,
0x7100debf3c,U,332,
0x7100dec088,U,336,
0x7100dec1d8,U,436,
0x7100dec38c,U,784,
0x7100dec69c,U,160,
0x7100dec73c,U,76,
0x7100dec788,U,24,
0x7100dec7a0,U,784,
0x7100decab0,U,428,
0x7100decc5c,U,24,
0x7100decc74,U,24,
0x7100decc8c,U,368,
0x7100decdfc,U,2868,
0x7100ded930,U,12,
0x7100ded93c,U,1732,
0x7100dee000,U,624,
0x7100dee270,U,268,
0x7100dee37c,U,240,
0x7100dee46c,U,2608,
0x7100deee9c,U,1996,
0x7100def668,U,8,
0x7100def670,U,8,
0x7100def678,U,528,
0x7100def888,U,168,
0x7100def930,U,932,
0x7100defcd4,U,24,
0x7100defcec,U,28,
0x7100defd08,U,264,
0x7100defe10,U,1116,
0x7100df026c,U,728,
0x7100df0544,U,5244,
0x7100df19c0,U,1588,
0x7100df1ff4,U,500,
0x7100df21e8,U,156,
0x7100df2284,U,384,
0x7100df2404,U,152,
0x7100df249c,U,192,
0x7100df255c,U,12,
0x7100df2568,U,56,
0x7100df25a0,U,816,
0x7100df28d0,U,412,
0x7100df2a6c,U,96,
0x7100df2acc,U,156,
0x7100df2b68,U,620,
0x7100df2dd4,U,420,
0x7100df2f78,U,576,
0x7100df31b8,U,328,
0x7100df3300,U,280,
0x7100df3418,U,176,
0x7100df34c8,U,1212,
0x7100df3984,U,3176,
0x7100df4610,U,796,
0x7100df492c,U,2524,
0x7100df5308,U,128,
0x7100df5388,U,184,
0x7100df5440,U,32,
0x7100df5460,U,236,
0x7100df554c,U,124,
0x7100df55c8,U,28,
0x7100df55e4,U,76,
0x7100df5630,U,144,
0x7100df56c0,U,128,
0x7100df5740,U,180,
0x7100df57f4,U,128,
0x7100df5874,U,180,
0x7100df5928,U,128,
0x7100df59a8,U,36,
0x7100df59cc,U,128,
0x7100df5a4c,U,180,
0x7100df5b00,U,288,
0x7100df5c20,U,24,
0x7100df5c38,U,92,
0x7100df5c94,U,88,
0x7100df5cec,U,356,
0x7100df5e50,U,624,
0x7100df60c0,U,740,
0x7100df63a4,U,740,
0x7100df6688,U,1376,
0x7100df6be8,U,96,
0x7100df6c6c,U,12,
0x7100df6c78,U,88,
0x7100df6cd0,U,108,
0x7100df6d3c,U,72,
0x7100df6d84,U,128,
0x7100df6e04,U,568,
0x7100df703c,U,408,
0x7100df71d4,U,660,
0x7100df7468,U,92,
0x7100df7528,U,932,
0x7100df78cc,U,924,
0x7100df7c68,U,856,
0x7100df8128,U,212,
0x7100df8288,U,3812,
0x7100df916c,U,492,
0x7100df9358,U,124,
0x7100df93d4,U,748,
0x7100df96c0,U,104,
0x7100df9728,U,140,
0x7100df97b4,U,560,
0x7100df99e4,U,20,
0x7100df99f8,U,1560,
0x7100dfaf88,U,200,
0x7100dfb050,U,352,
0x7100dfb1b0,U,384,
0x7100dfb330,U,1064,
0x7100dfb758,U,472,
0x7100dfb930,U,632,
0x7100dfbba8,U,508,
0x7100dfbda4,U,152,
0x7100dfbe3c,U,60,
0x7100dfbe78,U,592,
0x7100dfc0c8,U,636,
0x7100dfc344,U,228,
0x7100dfc428,U,528,
0x7100dfc638,U,2852,
0x7100dfd15c,U,8,
0x7100dfd164,U,8,
0x7100dfd174,U,3288,
0x7100dfde4c,U,760,
0x7100dfe144,U,272,
0x7100dfe254,U,272,
0x7100dfe364,U,8,
0x7100dfe36c,U,500,
0x7100dfe560,U,1388,
0x7100dfeacc,U,68,
0x7100dfeb10,U,476,
0x7100dfecec,U,228,
0x7100dfee18,U,244,
0x7100dfef0c,U,668,
0x7100dff1a8,U,1940,
0x7100dff93c,U,12,
0x7100dff948,U,756,
0x7100dffc3c,U,8,
0x7100dffc44,U,20,
0x7100dffc58,U,240,
0x7100dffd48,U,188,
0x7100dffe04,U,268,
0x7100e00a50,U,248,
0x7100e00b48,U,376,
0x7100e00cc0,U,692,
0x7100e00f74,U,300,
0x7100e010a0,U,196,
0x7100e01164,U,1108,
0x7100e015b8,U,200,
0x7100e01680,U,540,
0x7100e0189c,U,220,
0x7100e01978,U,1020,
0x7100e01d74,U,36,
0x7100e01d98,U,368,
0x7100e01f08,U,192,
0x7100e01fc8,U,116,
0x7100e0203c,U,940,
0x7100e023e8,U,176,
0x7100e02498,U,496,
0x7100e02688,U,136,
0x7100e02710,U,132,
0x7100e02794,U,132,
0x7100e02818,U,132,
0x7100e0289c,U,132,
0x7100e02920,U,100,
0x7100e02984,U,4,
0x7100e02988,U,324,
0x7100e02acc,U,324,
0x7100e02c10,U,324,
0x7100e02d54,U,324,
0x7100e02e98,U,324,
0x7100e02fdc,U,324,
0x7100e03120,U,324,
0x7100e03264,U,324,
0x7100e033a8,U,24,
0x7100e033c0,U,432,
0x7100e03570,U,648,
0x7100e037f8,U,184,
0x7100e038b0,U,220,
0x7100e0398c,U,88,
0x7100e039e4,U,148,
0x7100e03a78,U,144,
0x7100e03b08,U,624,
0x7100e03d78,U,472,
0x7100e03f50,U,2204,
0x7100e047ec,U,8,
0x7100e047f4,U,24,
0x7100e0480c,U,8,
0x7100e04814,U,24,
0x7100e0482c,U,8,
0x7100e04834,U,24,
0x7100e0484c,U,520,
0x7100e04a54,U,88,
0x7100e04aac,U,84,
0x7100e04b00,U,516,
0x7100e04d10,U,88,
0x7100e04d68,U,28,
0x7100e04da8,U,28,
0x7100e04de8,U,28,
0x7100e04e28,U,28,
0x7100e04e80,U,172,
0x7100e04f2c,U,388,
0x7100e050b0,U,260,
0x7100e051b4,U,636,
0x7100e05430,U,252,
0x7100e0552c,U,568,
0x7100e05764,U,516,
0x7100e05968,U,84,
0x7100e059cc,U,28,
0x7100e05a5c,U,28,
0x7100e05af8,U,28,
0x7100e05b88,U,28,
0x7100e05cf0,U,340,
0x7100e05e44,U,192,
0x7100e05f04,U,84,
0x7100e05f58,U,240,
0x7100e06048,U,432,
0x7100e06200,U,16,
0x7100e06220,U,536,
0x7100e06438,U,336,
0x7100e06ce0,U,428,
0x7100e06e8c,U,384,
0x7100e07250,U,388,
0x7100e07620,U,264,
0x7100e077d0,U,336,
0x7100e07920,U,576,
0x7100e07b60,U,88,
0x7100e07bb8,U,240,
0x7100e0815c,U,352,
0x7100e082bc,U,380,
0x7100e08438,U,376,
0x7100e085b0,U,220,
0x7100e0868c,U,220,
0x7100e08aec,U,388,
0x7100e08c70,U,220,
0x7100e090d0,U,388,
0x7100e09254,U,220,
0x7100e09330,U,464,
0x7100e09500,U,220,
0x7100e095dc,U,220,
0x7100e096b8,U,220,
0x7100e0a198,U,772,
0x7100e0a49c,U,336,
0x7100e0a5ec,U,336,
0x7100e0a73c,U,336,
0x7100e0a88c,U,336,
0x7100e0b170,U,384,
0x7100e0b52c,U,300,
0x7100e0b658,U,280,
0x7100e0b770,U,280,
0x7100e0b888,U,280,
0x7100e0b9a0,U,284,
0x7100e0babc,U,388,
0x7100e0bc40,U,388,
0x7100e0bdc4,U,388,
0x7100e0bf48,U,396,
0x7100e0c0d4,U,384,
0x7100e0c294,U,28,
0x7100e0c2b0,U,428,
0x7100e0c480,U,360,
0x7100e0c5e8,U,60,
0x7100e0c654,U,20,
0x7100e0c6b4,U,360,
0x7100e0c81c,U,60,
0x7100e0c888,U,20,
0x7100e0c8e8,U,364,
0x7100e0ca54,U,60,
0x7100e0cb3c,U,20,
0x7100e0ccf8,U,252,
0x7100e0cdf4,U,364,
0x7100e0cf60,U,60,
0x7100e0d048,U,20,
0x7100e0d204,U,252,
0x7100e0d300,U,368,
0x7100e0d470,U,104,
0x7100e0d510,U,20,
0x7100e0d570,U,364,
0x7100e0d6dc,U,96,
0x7100e0d774,U,20,
0x7100e0d7d4,U,364,
0x7100e0d940,U,96,
0x7100e0d9d8,U,20,
0x7100e0da38,U,252,
0x7100e0db48,U,28,
0x7100e0db74,U,128,
0x7100e0de54,U,232,
0x7100e0df3c,U,380,
0x7100e0e0b8,U,768,
0x7100e0e3b8,U,80,
0x7100e0e408,U,96,
0x7100e0e550,U,80,
0x7100e0e5a0,U,96,
0x7100e0e680,U,264,
0x7100e0e788,U,364,
0x7100e0f028,U,1196,
0x7100e0f4d4,U,384,
0x7100e0f89c,U,232,
0x7100e0f984,U,636,
0x7100e0fc00,U,1272,
0x7100e100f8,U,2748,
0x7100e10d78,U,8,
0x7100e10d80,U,9400,
0x7100e13238,U,616,
0x7100e134a0,U,4,
0x7100e134a4,U,660,
0x7100e13738,U,76,
0x7100e13784,U,232,
0x7100e1386c,U,48,
0x7100e13928,U,404,
0x7100e13abc,U,328,
0x7100e13c10,U,760,
0x7100e140c0,U,120,
0x7100e1413c,U,244,
0x7100e14390,U,388,
0x7100e14514,U,696,
0x7100e147cc,U,64,
0x7100e1480c,U,140,
0x7100e14898,U,8,
0x7100e148a0,U,104,
0x7100e14908,U,900,
0x7100e14c8c,U,564,
0x7100e14ec0,U,264,
0x7100e14fc8,U,2420,
0x7100e1593c,U,328,
0x7100e15a84,U,300,
0x7100e15bb0,U,316,
0x7100e15cec,U,1236,
0x7100e161c0,U,304,
0x7100e16370,U,8,
0x7100e16378,U,8,
0x7100e16380,U,172,
0x7100e16444,U,356,
0x7100e165a8,U,28,
0x7100e165e8,U,348,
0x7100e16754,U,28,
0x7100e167d4,U,464,
0x7100e169a4,U,328,
0x7100e1766c,U,384,
0x7100e177ec,U,336,
0x7100e1793c,U,524,
0x7100e17b48,U,384,
0x7100e17cc8,U,72,
0x7100e17d10,U,4,
0x7100e17d14,U,7232,
0x7100e19954,U,492,
0x7100e19b40,U,756,
0x7100e19e34,U,336,
0x7100e19f84,U,760,
0x7100e1a27c,U,4196,
0x7100e1b2e0,U,744,
0x7100e1b76c,U,320,
0x7100e1bc3c,U,104,
0x7100e1bca4,U,704,
0x7100e1bf68,U,172,
0x7100e1c014,U,2500,
0x7100e1c9d8,U,280,
0x7100e1caf0,U,96,
0x7100e1cb50,U,140,
0x7100e1cbdc,U,148,
0x7100e1cc70,U,196,
0x7100e1cd34,U,380,
0x7100e1ceb0,U,316,
0x7100e1cfec,U,188,
0x7100e1d0a8,U,396,
0x7100e1d264,U,196,
0x7100e1d328,U,236,
0x7100e1d414,U,292,
0x7100e1d538,U,232,
0x7100e1d620,U,368,
0x7100e1d790,U,328,
0x7100e1d8d8,U,596,
0x7100e1db30,U,140,
0x7100e1dbc0,U,532,
0x7100e1dde0,U,1404,
0x7100e1e360,U,244,
0x7100e20a1c,U,388,
0x7100e20ba0,U,124,
0x7100e20c1c,U,380,
0x7100e20d98,U,380,
0x7100e20f14,U,696,
0x7100e211cc,U,1012,
0x7100e215c0,U,1484,
0x7100e21b8c,U,1812,
0x7100e222a0,U,836,
0x7100e225e4,U,352,
0x7100e22744,U,816,
0x7100e22a74,U,1560,
0x7100e2308c,U,1896,
0x7100e237f4,U,1972,
0x7100e23fa8,U,2008,
0x7100e24780,U,14780,
0x7100e2813c,U,1112,
0x7100e28594,U,1112,
0x7100e289ec,U,1428,
0x7100e28f80,U,1428,
0x7100e29514,U,1424,
0x7100e29aa4,U,1424,
0x7100e2a034,U,1792,
0x7100e2a734,U,1784,
0x7100e2ae2c,U,444,
0x7100e2afe8,U,3764,
0x7100e2be9c,U,648,
0x7100e2c124,U,360,
0x7100e2c28c,U,360,
0x7100e2c3f4,U,240,
0x7100e2c4e4,U,204,
0x7100e2c5b0,U,3564,
0x7100e2d39c,U,336,
0x7100e2d4ec,U,284,
0x7100e2d608,U,48,
0x7100e2d638,U,68,
0x7100e2d67c,U,292,
0x7100e2d7a0,U,108,
0x7100e2d80c,U,304,
0x7100e2d93c,U,408,
0x7100e2dad4,U,2740,
0x7100e2e588,U,516,
0x7100e2e78c,U,280,
0x7100e2e8a4,U,268,
0x7100e2e9b0,U,580,
0x7100e2ebf4,U,436,
0x7100e2eda8,U,336,
0x7100e2eef8,U,312,
0x7100e2f030,U,220,
0x7100e2f10c,U,224,
0x7100e2f1ec,U,28,
0x7100e2f208,U,132,
0x7100e2f28c,U,268,
0x7100e2f398,U,292,
0x7100e2f4bc,U,504,
0x7100e2f6c4,U,28,
0x7100e2f6e0,U,152,
0x7100e2f9a4,U,92,
0x7100e2fa00,U,92,
0x7100e2fa5c,U,328,
0x7100e2fba4,U,504,
0x7100e2fd9c,U,572,
0x7100e2ffd8,U,388,
0x7100e3015c,U,604,
0x7100e303b8,U,388,
0x7100e3053c,U,996,
0x7100e30920,U,388,
0x7100e30aa4,U,268,
0x7100e30bb0,U,388,
0x7100e30d34,U,460,
0x7100e30f00,U,388,
0x7100e31084,U,1344,
0x7100e315c4,U,388,
0x7100e31748,U,844,
0x7100e31a94,U,388,
0x7100e31c18,U,88,
0x7100e31c70,U,244,
0x7100e32a8c,U,352,
0x7100e32bec,U,220,
0x7100e32cc8,U,220,
0x7100e33128,U,388,
0x7100e332ac,U,220,
0x7100e3370c,U,388,
0x7100e33890,U,220,
0x7100e3396c,U,500,
0x7100e33b60,U,220,
0x7100e33c3c,U,220,
0x7100e3409c,U,388,
0x7100e34220,U,220,
0x7100e34680,U,388,
0x7100e34804,U,220,
0x7100e348e0,U,504,
0x7100e34ad8,U,220,
0x7100e34bb4,U,220,
0x7100e35014,U,388,
0x7100e35198,U,220,
0x7100e355f8,U,388,
0x7100e3577c,U,220,
0x7100e35858,U,504,
0x7100e35a50,U,220,
0x7100e35b2c,U,220,
0x7100e35f8c,U,388,
0x7100e36110,U,220,
0x7100e36570,U,388,
0x7100e366f4,U,220,
0x7100e367d0,U,504,
0x7100e369c8,U,220,
0x7100e36aa4,U,220,
0x7100e36f04,U,388,
0x7100e37088,U,220,
0x7100e374e8,U,388,
0x7100e3766c,U,220,
0x7100e37748,U,504,
0x7100e37940,U,220,
0x7100e37a1c,U,220,
0x7100e37e7c,U,388,
0x7100e38000,U,220,
0x7100e38460,U,388,
0x7100e385e4,U,220,
0x7100e386c0,U,504,
0x7100e388b8,U,220,
0x7100e38994,U,220,
0x7100e38df4,U,388,
0x7100e38f78,U,220,
0x7100e393d8,U,388,
0x7100e3955c,U,220,
0x7100e39638,U,504,
0x7100e39830,U,220,
0x7100e3990c,U,220,
0x7100e39d6c,U,388,
0x7100e39ef0,U,220,
0x7100e3a350,U,388,
0x7100e3a4d4,U,220,
0x7100e3a5b0,U,504,
0x7100e3a7a8,U,220,
0x7100e3a884,U,220,
0x7100e3ace4,U,388,
0x7100e3ae68,U,220,
0x7100e3b2c8,U,388,
0x7100e3b44c,U,220,
0x7100e3b528,U,504,
0x7100e3b720,U,220,
0x7100e3b7fc,U,220,
0x7100e3bc5c,U,388,
0x7100e3bde0,U,220,
0x7100e3c240,U,388,
0x7100e3c3c4,U,220,
0x7100e3c4a0,U,500,
0x7100e3c6a0,U,812,
0x7100e3c9d0,U,1296,
0x7100e3cee0,U,408,
0x7100e3d080,U,2088,
0x7100e3d8a8,U,356,
0x7100e3da0c,U,560,
0x7100e3dc3c,U,1140,
0x7100e3e0b0,U,272,
0x7100e3e1c0,U,156,
0x7100e3e25c,U,876,
0x7100e3e7b8,U,856,
0x7100e3eb10,U,140,
0x7100e3eb9c,U,144,
0x7100e3ec2c,U,2560,
0x7100e3f62c,U,4384,
0x7100e4074c,U,744,
0x7100e40a34,U,520,
0x7100e40c3c,U,1004,
0x7100e41028,U,576,
0x7100e41268,U,576,
0x7100e414a8,U,2200,
0x7100e41d40,U,576,
0x7100e41f80,U,6988,
0x7100e43acc,U,2976,
0x7100e4466c,U,2052,
0x7100e44e70,U,232,
0x7100e44f58,U,232,
0x7100e45040,U,340,
0x7100e45194,U,220,
0x7100e45270,U,392,
0x7100e453f8,U,464,
0x7100e455c8,U,220,
0x7100e456a4,U,220,
0x7100e45780,U,220,
0x7100e4585c,U,220,
0x7100e45938,U,220,
0x7100e45a14,U,232,
0x7100e45afc,U,28,
0x7100e45b18,U,2088,
0x7100e46364,U,364,
0x7100e464d0,U,96,
0x7100e46568,U,20,
0x7100e465c8,U,364,
0x7100e46734,U,96,
0x7100e467cc,U,20,
0x7100e4682c,U,364,
0x7100e46998,U,60,
0x7100e46a10,U,20,
0x7100e46b58,U,236,
0x7100e46c44,U,364,
0x7100e46db0,U,60,
0x7100e46e28,U,20,
0x7100e46f70,U,236,
0x7100e4705c,U,364,
0x7100e471c8,U,96,
0x7100e47260,U,20,
0x7100e472c0,U,364,
0x7100e4742c,U,96,
0x7100e474c4,U,20,
0x7100e47524,U,364,
0x7100e47690,U,60,
0x7100e47704,U,20,
0x7100e4785c,U,148,
0x7100e478f0,U,364,
0x7100e47a5c,U,60,
0x7100e47ad0,U,20,
0x7100e47c28,U,148,
0x7100e47cbc,U,364,
0x7100e47e28,U,96,
0x7100e47ec0,U,20,
0x7100e47f20,U,364,
0x7100e4808c,U,96,
0x7100e48124,U,20,
0x7100e48184,U,364,
0x7100e482f0,U,60,
0x7100e48364,U,20,
0x7100e483a0,U,192,
0x7100e48460,U,228,
0x7100e48574,U,220,
0x7100e48650,U,364,
0x7100e487bc,U,60,
0x7100e48830,U,20,
0x7100e4886c,U,192,
0x7100e4892c,U,228,
0x7100e48a40,U,220,
0x7100e48b1c,U,364,
0x7100e48c88,U,96,
0x7100e48d20,U,20,
0x7100e48d80,U,364,
0x7100e48eec,U,96,
0x7100e48f84,U,20,
0x7100e48fe4,U,364,
0x7100e49150,U,60,
0x7100e491c4,U,20,
0x7100e49210,U,136,
0x7100e49298,U,172,
0x7100e493f4,U,244,
0x7100e494e8,U,364,
0x7100e49654,U,60,
0x7100e496c8,U,20,
0x7100e49714,U,136,
0x7100e4979c,U,172,
0x7100e498f8,U,364,
0x7100e49a64,U,96,
0x7100e49afc,U,20,
0x7100e49b5c,U,364,
0x7100e49cc8,U,96,
0x7100e49d60,U,20,
0x7100e49dc0,U,364,
0x7100e49f2c,U,60,
0x7100e49fa0,U,20,
0x7100e49fec,U,136,
0x7100e4a074,U,172,
0x7100e4a1d0,U,336,
0x7100e4a320,U,364,
0x7100e4a48c,U,60,
0x7100e4a500,U,20,
0x7100e4a54c,U,136,
0x7100e4a5d4,U,172,
0x7100e4a730,U,364,
0x7100e4a89c,U,96,
0x7100e4a934,U,20,
0x7100e4a994,U,364,
0x7100e4ab00,U,96,
0x7100e4ab98,U,20,
0x7100e4abf8,U,364,
0x7100e4ad64,U,60,
0x7100e4add8,U,20,
0x7100e4ae24,U,200,
0x7100e4aeec,U,236,
0x7100e4b0c8,U,364,
0x7100e4b234,U,60,
0x7100e4b2a8,U,20,
0x7100e4b2f4,U,200,
0x7100e4b3bc,U,236,
0x7100e4b598,U,364,
0x7100e4b704,U,96,
0x7100e4b79c,U,20,
0x7100e4b7fc,U,364,
0x7100e4b968,U,96,
0x7100e4ba00,U,20,
0x7100e4ba60,U,364,
0x7100e4bbcc,U,60,
0x7100e4bc40,U,20,
0x7100e4bd28,U,92,
0x7100e4bd84,U,364,
0x7100e4bef0,U,60,
0x7100e4bf64,U,20,
0x7100e4c04c,U,92,
0x7100e4c0a8,U,264,
0x7100e4c1b0,U,364,
0x7100e4c31c,U,96,
0x7100e4c3b4,U,20,
0x7100e4c414,U,364,
0x7100e4c580,U,96,
0x7100e4c618,U,20,
0x7100e4c678,U,364,
0x7100e4c7e4,U,60,
0x7100e4c858,U,20,
0x7100e4c940,U,92,
0x7100e4c99c,U,200,
0x7100e4ca64,U,364,
0x7100e4cbd0,U,60,
0x7100e4cc44,U,20,
0x7100e4cd2c,U,92,
0x7100e4cd88,U,200,
0x7100e4ce50,U,364,
0x7100e4cfbc,U,96,
0x7100e4d054,U,20,
0x7100e4d0b4,U,364,
0x7100e4d220,U,96,
0x7100e4d2b8,U,20,
0x7100e4d318,U,364,
0x7100e4d484,U,60,
0x7100e4d4f8,U,20,
0x7100e4d5e0,U,92,
0x7100e4d63c,U,240,
0x7100e4d72c,U,364,
0x7100e4d898,U,60,
0x7100e4d90c,U,20,
0x7100e4d9f4,U,92,
0x7100e4da50,U,364,
0x7100e4dbbc,U,96,
0x7100e4dc54,U,20,
0x7100e4dcb4,U,364,
0x7100e4de20,U,96,
0x7100e4deb8,U,20,
0x7100e4df18,U,364,
0x7100e4e084,U,60,
0x7100e4e0c4,U,96,
0x7100e4e140,U,20,
0x7100e4e1f0,U,144,
0x7100e4e280,U,144,
0x7100e4e310,U,376,
0x7100e4e488,U,364,
0x7100e4e5f4,U,60,
0x7100e4e634,U,96,
0x7100e4e6b0,U,20,
0x7100e4e760,U,144,
0x7100e4e7f0,U,144,
0x7100e4e898,U,368,
0x7100e4ea08,U,388,
0x7100e4eb8c,U,388,
0x7100e4ed10,U,336,
0x7100e4ee60,U,320,
0x7100e4efa0,U,312,
0x7100e4f0f8,U,128,
0x7100e4f444,U,432,
0x7100e4f5f4,U,176,
0x7100e4f6c4,U,200,
0x7100e4f84c,U,104,
0x7100e4fba4,U,376,
0x7100e4fd1c,U,412,
0x7100e4feb8,U,320,
0x7100e4fff8,U,484,
0x7100e503ac,U,196,
0x7100e504b4,U,268,
0x7100e505e0,U,208,
0x7100e50838,U,96,
0x7100e509a4,U,308,
0x7100e50c98,U,392,
0x7100e50e20,U,600,
0x7100e51078,U,480,
0x7100e51258,U,688,
0x7100e51664,U,168,
0x7100e51804,U,264,
0x7100e5190c,U,340,
0x7100e51a60,U,348,
0x7100e51c00,U,28,
0x7100e52034,U,480,
0x7100e52214,U,80,
0x7100e5258c,U,80,
0x7100e52a58,U,256,
0x7100e52b58,U,412,
0x7100e52cf4,U,368,
0x7100e52e64,U,252,
0x7100e52f60,U,648,
0x7100e531e8,U,824,
0x7100e53520,U,408,
0x7100e536b8,U,348,
0x7100e53838,U,196,
0x7100e53cac,U,480,
0x7100e53e8c,U,80,
0x7100e54204,U,80,
0x7100e54348,U,364,
0x7100e545b4,U,144,
0x7100e54838,U,260,
0x7100e5493c,U,412,
0x7100e54ad8,U,492,
0x7100e54cc4,U,556,
0x7100e54ef0,U,492,
0x7100e550dc,U,288,
0x7100e551fc,U,492,
0x7100e55568,U,192,
0x7100e55628,U,264,
0x7100e55760,U,408,
0x7100e558f8,U,736,
0x7100e55bd8,U,80,
0x7100e55cc8,U,192,
0x7100e55fc4,U,80,
0x7100e56058,U,400,
0x7100e562e8,U,144,
0x7100e565c0,U,116,
0x7100e56634,U,480,
0x7100e56814,U,608,
0x7100e56a74,U,496,
0x7100e56c64,U,624,
0x7100e56ed4,U,324,
0x7100e57018,U,668,
0x7100e572d8,U,216,
0x7100e573b0,U,232,
0x7100e575a8,U,136,
0x7100e57630,U,264,
0x7100e57768,U,800,
0x7100e57a88,U,80,
0x7100e57bac,U,136,
0x7100e57c44,U,80,
0x7100e57cd4,U,244,
0x7100e5803c,U,144,
0x7100e580cc,U,364,
0x7100e5828c,U,236,
0x7100e583bc,U,304,
0x7100e5854c,U,448,
0x7100e5870c,U,452,
0x7100e588d0,U,456,
0x7100e58a98,U,324,
0x7100e58bdc,U,416,
0x7100e58da0,U,160,
0x7100e58e40,U,176,
0x7100e58f24,U,136,
0x7100e58fac,U,264,
0x7100e590e4,U,396,
0x7100e59270,U,404,
0x7100e59404,U,80,
0x7100e59528,U,136,
0x7100e595c0,U,80,
0x7100e59650,U,244,
0x7100e598e4,U,144,
0x7100e59974,U,144,
0x7100e59a58,U,236,
0x7100e59b88,U,304,
0x7100e59d18,U,568,
0x7100e59f50,U,452,
0x7100e5a114,U,584,
0x7100e5a35c,U,324,
0x7100e5a4a0,U,344,
0x7100e5a5f8,U,520,
0x7100e5a824,U,276,
0x7100e5a938,U,292,
0x7100e5ab8c,U,200,
0x7100e5acb4,U,396,
0x7100e5ae40,U,676,
0x7100e5b0e4,U,80,
0x7100e5b1a0,U,200,
0x7100e5b278,U,288,
0x7100e5b398,U,80,
0x7100e5b8d0,U,116,
0x7100e5b944,U,324,
0x7100e5ba88,U,532,
0x7100e5bc9c,U,340,
0x7100e5bdf0,U,548,
0x7100e5c014,U,268,
0x7100e5c120,U,248,
0x7100e5c218,U,560,
0x7100e5c46c,U,224,
0x7100e5c54c,U,240,
0x7100e5c858,U,264,
0x7100e5c990,U,784,
0x7100e5cca0,U,80,
0x7100e5d0f0,U,80,
0x7100e5d184,U,392,
0x7100e5d4dc,U,144,
0x7100e5d8b0,U,116,
0x7100e5d924,U,492,
0x7100e5db10,U,508,
0x7100e5dd0c,U,440,
0x7100e5dec4,U,760,
0x7100e5e1e0,U,100,
0x7100e5e244,U,116,
0x7100e5e5ec,U,316,
0x7100e5e728,U,928,
0x7100e5eac8,U,80,
0x7100e5ec38,U,80,
0x7100e5ee6c,U,204,
0x7100e5f11c,U,236,
0x7100e5f2d4,U,116,
0x7100e5f348,U,772,
0x7100e5f64c,U,252,
0x7100e5f748,U,772,
0x7100e5fa4c,U,432,
0x7100e5fbfc,U,876,
0x7100e60320,U,392,
0x7100e604a8,U,404,
0x7100e6063c,U,80,
0x7100e607ac,U,80,
0x7100e60af4,U,128,
0x7100e60bc8,U,236,
0x7100e60d80,U,116,
0x7100e60df4,U,748,
0x7100e610e0,U,252,
0x7100e611dc,U,756,
0x7100e614d0,U,380,
0x7100e6164c,U,796,
0x7100e61988,U,100,
0x7100e619ec,U,112,
0x7100e61b0c,U,380,
0x7100e61d3c,U,80,
0x7100e61e84,U,80,
0x7100e62084,U,472,
0x7100e6225c,U,284,
0x7100e624d8,U,164,
0x7100e6257c,U,516,
0x7100e62780,U,564,
0x7100e629b4,U,568,
0x7100e62bec,U,568,
0x7100e62e24,U,268,
0x7100e62f54,U,224,
0x7100e63034,U,236,
0x7100e63120,U,340,
0x7100e65204,U,848,
0x7100e65554,U,388,
0x7100e656d8,U,1688,
0x7100e65d70,U,388,
0x7100e65ef4,U,384,
0x7100e66074,U,388,
0x7100e661f8,U,88,
0x7100e66250,U,244,
0x7100e667f4,U,352,
0x7100e66954,U,220,
0x7100e66a30,U,220,
0x7100e66e90,U,388,
0x7100e67014,U,220,
0x7100e67474,U,388,
0x7100e675f8,U,220,
0x7100e676d4,U,504,
0x7100e678cc,U,220,
0x7100e679a8,U,220,
0x7100e67e08,U,388,
0x7100e67f8c,U,220,
0x7100e683ec,U,388,
0x7100e68570,U,220,
0x7100e6864c,U,504,
0x7100e68844,U,1128,
0x7100e68cac,U,292,
0x7100e68dd0,U,104,
0x7100e68e38,U,232,
0x7100e68f20,U,36,
0x7100e68f44,U,10960,
0x7100e6ba6c,U,292,
0x7100e6bb90,U,396,
0x7100e6bf14,U,344,
0x7100e6c06c,U,28,
0x7100e6c088,U,364,
0x7100e6c1f4,U,96,
0x7100e6c28c,U,20,
0x7100e6c2ec,U,364,
0x7100e6c458,U,96,
0x7100e6c4f0,U,20,
0x7100e6c550,U,364,
0x7100e6c6bc,U,60,
0x7100e6c730,U,20,
0x7100e6c77c,U,136,
0x7100e6c804,U,172,
0x7100e6c960,U,268,
0x7100e6ca6c,U,364,
0x7100e6cbd8,U,60,
0x7100e6cc4c,U,20,
0x7100e6cc98,U,136,
0x7100e6cd20,U,172,
0x7100e6ce7c,U,364,
0x7100e6cfe8,U,96,
0x7100e6d080,U,20,
0x7100e6d0e0,U,364,
0x7100e6d24c,U,96,
0x7100e6d2e4,U,20,
0x7100e6d344,U,364,
0x7100e6d4b0,U,60,
0x7100e6d524,U,20,
0x7100e6d570,U,200,
0x7100e6d638,U,236,
0x7100e6d814,U,364,
0x7100e6d980,U,60,
0x7100e6d9f4,U,20,
0x7100e6da40,U,200,
0x7100e6db08,U,236,
0x7100e6dda8,U,236,
0x7100e6de94,U,196,
0x7100e6dfbc,U,500,
0x7100e6e1b0,U,368,
0x7100e6e320,U,352,
0x7100e6e4a0,U,184,
0x7100e6e5e8,U,104,
0x7100e6e7c8,U,28,
0x7100e6e850,U,228,
0x7100e6e968,U,136,
0x7100e6e9f0,U,264,
0x7100e6eb28,U,420,
0x7100e6eccc,U,404,
0x7100e6ee60,U,80,
0x7100e6ef18,U,508,
0x7100e6f114,U,136,
0x7100e6f1ac,U,80,
0x7100e6f23c,U,244,
0x7100e6f434,U,144,
0x7100e6f4c4,U,144,
0x7100e6f5f0,U,304,
0x7100e6f780,U,448,
0x7100e6f940,U,548,
0x7100e6fb64,U,656,
0x7100e6fdf4,U,564,
0x7100e70028,U,324,
0x7100e7016c,U,388,
0x7100e702f0,U,328,
0x7100e70438,U,504,
0x7100e70654,U,276,
0x7100e70768,U,292,
0x7100e7098c,U,200,
0x7100e70ab4,U,408,
0x7100e70c4c,U,636,
0x7100e70ec8,U,80,
0x7100e71070,U,200,
0x7100e71148,U,80,
0x7100e717e4,U,116,
0x7100e71858,U,300,
0x7100e71984,U,516,
0x7100e71b88,U,316,
0x7100e71cc4,U,320,
0x7100e71e04,U,532,
0x7100e72018,U,528,
0x7100e7224c,U,224,
0x7100e7232c,U,240,
0x7100e7241c,U,252,
0x7100e72518,U,352,
0x7100e768b0,U,428,
0x7100e76a98,U,220,
0x7100e76b74,U,220,
0x7100e76fd4,U,388,
0x7100e77158,U,220,
0x7100e775b8,U,388,
0x7100e7773c,U,220,
0x7100e77818,U,500,
0x7100e77a0c,U,860,
0x7100e77d68,U,388,
0x7100e77eec,U,372,
0x7100e78060,U,288,
0x7100e78180,U,336,
0x7100e78338,U,684,
0x7100e785e4,U,1032,
0x7100e789ec,U,1976,
0x7100e791a4,U,56,
0x7100e791dc,U,1144,
0x7100e79654,U,84,
0x7100e796a8,U,28,
0x7100e796c4,U,1440,
0x7100e79c64,U,440,
0x7100e79e1c,U,392,
0x7100e79fa4,U,364,
0x7100e7a110,U,552,
0x7100e7a338,U,196,
0x7100e7a400,U,360,
0x7100e7a568,U,88,
0x7100e7a5f8,U,20,
0x7100e7a658,U,360,
0x7100e7a7c0,U,88,
0x7100e7a850,U,20,
0x7100e7a8b0,U,364,
0x7100e7aa1c,U,60,
0x7100e7aa90,U,20,
0x7100e7aadc,U,72,
0x7100e7ab24,U,108,
0x7100e7ac00,U,364,
0x7100e7ad6c,U,60,
0x7100e7ade0,U,20,
0x7100e7ae2c,U,72,
0x7100e7ae74,U,108,
0x7100e7b124,U,72,
0x7100e7b2b8,U,80,
0x7100e7b308,U,84,
0x7100e7b4b0,U,72,
0x7100e7b508,U,80,
0x7100e7b558,U,84,
0x7100e7b5b4,U,136,
0x7100e7b980,U,236,
0x7100e7bc3c,U,328,
0x7100e7bd84,U,332,
0x7100e7bed0,U,328,
0x7100e7c018,U,216,
0x7100e7c0f0,U,256,
0x7100e7c334,U,256,
0x7100e7c4fc,U,120,
0x7100e7c6fc,U,464,
0x7100e7cdfc,U,160,
0x7100e7e58c,U,372,
0x7100e7e700,U,380,
0x7100e7e87c,U,380,
0x7100e7e9f8,U,380,
0x7100e7eb74,U,380,
0x7100e7ecf0,U,380,
0x7100e7ee6c,U,380,
0x7100e7efe8,U,380,
0x7100e7f164,U,380,
0x7100e7f2e0,U,380,
0x7100e7f45c,U,380,
0x7100e7f5dc,U,244,
0x7100e7f6d0,U,17388,
0x7100e83abc,U,388,
0x7100e83c40,U,380,
0x7100e83dbc,U,380,
0x7100e83f38,U,380,
0x7100e840b4,U,380,
0x7100e84230,U,380,
0x7100e843ac,U,380,
0x7100e84528,U,380,
0x7100e846a4,U,380,
0x7100e84820,U,380,
0x7100e8499c,U,380,
0x7100e84b18,U,380,
0x7100e84c94,U,380,
0x7100e84e10,U,380,
0x7100e84f8c,U,380,
0x7100e85108,U,380,
0x7100e85284,U,380,
0x7100e85400,U,380,
0x7100e8557c,U,380,
0x7100e856f8,U,696,
0x7100e859b0,U,2452,
0x7100e864c8,U,380,
0x7100e86644,U,372,
0x7100e867b8,U,380,
0x7100e86934,U,380,
0x7100e86ab0,U,380,
0x7100e86c2c,U,268,
0x7100e86ebc,U,428,
0x7100e87a80,U,220,
0x7100e87b5c,U,220,
0x7100e88140,U,220,
0x7100e88724,U,220,
0x7100e88800,U,504,
0x7100e889f8,U,220,
0x7100e88ad4,U,220,
0x7100e890b8,U,220,
0x7100e8969c,U,220,
0x7100e89778,U,500,
0x7100e8996c,U,220,
0x7100e89a48,U,220,
0x7100e8a02c,U,220,
0x7100e8a610,U,220,
0x7100e8a6ec,U,504,
0x7100e8a8e4,U,220,
0x7100e8a9c0,U,220,
0x7100e8afa4,U,220,
0x7100e8b588,U,220,
0x7100e8b664,U,500,
0x7100e8b980,U,264,
0x7100e8ba88,U,748,
0x7100e8bd74,U,824,
0x7100e8c0ac,U,104,
0x7100e8c114,U,2760,
0x7100e8cbdc,U,2984,
0x7100e8d784,U,264,
0x7100e8d8b0,U,20,
0x7100e8d8c4,U,4088,
0x7100e8e8bc,U,496,
0x7100e8eaac,U,1280,
0x7100e8efac,U,1620,
0x7100e8f600,U,188,
0x7100e8f9a0,U,32,
0x7100e8f6bc,U,1152,
0x7100e8fb5c,U,816,
0x7100e8fe8c,U,1376,
0x7100e903ec,U,340,
0x7100e90540,U,380,
0x7100e906bc,U,296,
0x7100e907e4,U,1092,
0x7100e90c28,U,580,
0x7100e90e6c,U,428,
0x7100e91018,U,228,
0x7100e910fc,U,204,
0x7100e911c8,U,196,
0x7100e9128c,U,392,
0x7100e91414,U,1556,
0x7100e91a28,U,832,
0x7100e91d68,U,432,
0x7100e91f18,U,4760,
0x7100e931b0,U,444,
0x7100e9336c,U,1244,
0x7100e93848,U,1468,
0x7100e93e04,U,592,
0x7100e94054,U,8,
0x7100e9405c,U,440,
0x7100e94214,U,64,
0x7100e94254,U,332,
0x7100e943a0,U,136,
0x7100e94428,U,148,
0x7100e944bc,U,332,
0x7100e94608,U,284,
0x7100e94724,U,400,
0x7100e948b4,U,440,
0x7100e94a6c,U,932,
0x7100e94e10,U,552,
0x7100e95038,U,124,
0x7100e950b4,U,124,
0x7100e95130,U,164,
0x7100e951d4,U,684,
0x7100e95480,U,476,
0x7100e9565c,U,332,
0x7100e957a8,U,348,
0x7100e95904,U,1628,
0x7100e95f60,U,1436,
0x7100e964fc,U,808,
0x7100e96824,U,1084,
0x7100e96c60,U,2092,
0x7100e9748c,U,2004,
0x7100e97c60,U,812,
0x7100e97f8c,U,260,
0x7100e98090,U,408,
0x7100e98228,U,288,
0x7100e98348,U,348,
0x7100e984a4,U,436,
0x7100e98658,U,36,
0x7100e9867c,U,236,
0x7100e98768,U,720,
0x7100e98a38,U,2408,
0x7100e993a0,U,788,
0x7100e996b4,U,668,
0x7100e99950,U,276,
0x7100e99a64,U,680,
0x7100e99d0c,U,268,
0x7100e99e18,U,480,
0x7100e99ff8,U,3292,
0x7100e9acd4,U,684,
0x7100e9af80,U,632,
0x7100e9b1f8,U,620,
0x7100e9b464,U,76,
0x7100e9b4b0,U,288,
0x7100e9b5d0,U,180,
0x7100e9b684,U,24,
0x7100e9b69c,U,16,
0x7100e9b6ac,U,296,
0x7100e9b7d4,U,320,
0x7100e9b914,U,76,
0x7100e9b960,U,1188,
0x7100e9be04,U,348,
0x7100e9bf60,U,268,
0x7100e9c06c,U,492,
0x7100e9c258,U,484,
0x7100e9c43c,U,1904,
0x7100e9cbac,U,352,
0x7100e9cd0c,U,940,
0x7100e9d0b8,U,320,
0x7100e9d1f8,U,560,
0x7100e9d428,U,168,
0x7100e9d4d0,U,168,
0x7100e9d578,U,220,
0x7100e9d654,U,80,
0x7100e9d6a4,U,84,
0x7100e9d6f8,U,260,
0x7100e9d7fc,U,1040,
0x7100e9dc0c,U,960,
0x7100e9dfcc,U,408,
0x7100e9e164,U,8812,
0x7100ea03d0,U,1488,
0x7100ea09a0,U,1872,
0x7100ea10f0,U,2724,
0x7100ea1b94,U,484,
0x7100ea1d78,U,7212,
0x7100ea39a4,U,1496,
0x7100ea3f7c,U,312,
0x7100ea40b4,U,1104,
0x7100ea4504,U,572,
0x7100ea4740,U,1952,
0x7100ea4ee0,U,664,
0x7100ea5178,U,632,
0x7100ea53f0,U,24,
0x7100ea5408,U,380,
0x7100ea5584,U,364,
0x7100ea56f0,U,364,
0x7100ea585c,U,260,
0x7100ea5960,U,192,
0x7100ea5a20,U,24,
0x7100ea5a38,U,16,
0x7100ea5a48,U,504,
0x7100ea5c40,U,316,
0x7100ea5d7c,U,436,
0x7100ea5f30,U,496,
0x7100ea6120,U,68,
0x7100ea6164,U,96,
0x7100ea61c4,U,112,
0x7100ea6234,U,208,
0x7100ea6304,U,16,
0x7100ea6314,U,372,
0x7100ea6488,U,44,
0x7100ea64b4,U,44,
0x7100ea64e0,U,168,
0x7100ea6598,U,172,
0x7100ea665c,U,356,
0x7100ea67c0,U,28,
0x7100ea6848,U,364,
0x7100ea69b4,U,96,
0x7100ea6a4c,U,20,
0x7100ea6aac,U,364,
0x7100ea6c18,U,96,
0x7100ea6cb0,U,20,
0x7100ea6d10,U,364,
0x7100ea6e7c,U,60,
0x7100ea6ef0,U,20,
0x7100ea6fd8,U,92,
0x7100ea7034,U,276,
0x7100ea7148,U,364,
0x7100ea72b4,U,60,
0x7100ea7328,U,20,
0x7100ea7410,U,92,
0x7100ea746c,U,364,
0x7100ea75d8,U,96,
0x7100ea7670,U,20,
0x7100ea76d0,U,364,
0x7100ea783c,U,96,
0x7100ea78d4,U,20,
0x7100ea7934,U,364,
0x7100ea7aa0,U,60,
0x7100ea7b18,U,20,
0x7100ea7b6c,U,128,
0x7100ea7c6c,U,272,
0x7100ea7d7c,U,364,
0x7100ea7ee8,U,60,
0x7100ea7f60,U,20,
0x7100ea7fb4,U,128,
0x7100ea80b4,U,272,
0x7100ea81c4,U,364,
0x7100ea8330,U,96,
0x7100ea83c8,U,20,
0x7100ea8428,U,364,
0x7100ea8594,U,96,
0x7100ea862c,U,20,
0x7100ea868c,U,364,
0x7100ea87f8,U,60,
0x7100ea886c,U,20,
0x7100ea8954,U,92,
0x7100ea89b0,U,364,
0x7100ea8b1c,U,60,
0x7100ea8b90,U,20,
0x7100ea8c78,U,92,
0x7100ea8cd4,U,280,
0x7100ea8dec,U,364,
0x7100ea8f58,U,96,
0x7100ea8ff0,U,20,
0x7100ea9050,U,364,
0x7100ea91bc,U,96,
0x7100ea9254,U,20,
0x7100ea92b4,U,364,
0x7100ea9420,U,60,
0x7100ea94b8,U,20,
0x7100ea95f4,U,364,
0x7100ea9760,U,60,
0x7100ea97f8,U,20,
0x7100ea9934,U,464,
0x7100ea9b04,U,280,
0x7100ea9c1c,U,432,
0x7100ea9dcc,U,236,
0x7100ea9eb8,U,304,
0x7100eaa6d0,U,28,
0x7100eaa764,U,68,
0x7100eaa7a8,U,236,
0x7100eaa8f8,U,68,
0x7100eaa93c,U,236,
0x7100eaaa8c,U,68,
0x7100eaaad0,U,236,
0x7100eaac20,U,68,
0x7100eaac64,U,236,
0x7100eaadb4,U,68,
0x7100eaadf8,U,236,
0x7100eaaf48,U,68,
0x7100eaaf8c,U,236,
0x7100eab0dc,U,68,
0x7100eab120,U,236,
0x7100eab270,U,68,
0x7100eab2b4,U,236,
0x7100eab404,U,68,
0x7100eab448,U,224,
0x7100eab58c,U,68,
0x7100eab5d0,U,224,
0x7100eab714,U,68,
0x7100eab758,U,224,
0x7100eab89c,U,68,
0x7100eab8e0,U,224,
0x7100eaba24,U,68,
0x7100eaba68,U,224,
0x7100eabbac,U,68,
0x7100eabbf0,U,224,
0x7100eabd34,U,68,
0x7100eabd78,U,224,
0x7100eabebc,U,68,
0x7100eabf00,U,224,
0x7100eac044,U,68,
0x7100eac088,U,224,
0x7100eac1cc,U,68,
0x7100eac210,U,224,
0x7100eac378,U,336,
0x7100eac4c8,U,288,
0x7100eac64c,U,480,
0x7100eac82c,U,452,
0x7100eaca98,U,72,
0x7100eacb24,U,68,
0x7100eacbec,U,68,
0x7100eace04,U,176,
0x7100eacf24,U,104,
0x7100ead260,U,592,
0x7100ead638,U,80,
0x7100ead774,U,352,
0x7100ead8d4,U,352,
0x7100eada34,U,80,
0x7100eaddf4,U,144,
0x7100eade84,U,144,
0x7100eae08c,U,192,
0x7100eae334,U,524,
0x7100eae540,U,572,
0x7100eae77c,U,524,
0x7100eae988,U,400,
0x7100eaeb3c,U,100,
0x7100eaeba0,U,116,
0x7100eaeddc,U,128,
0x7100eaee5c,U,304,
0x7100eaefbc,U,404,
0x7100eaf150,U,80,
0x7100eaf3c0,U,128,
0x7100eaf450,U,80,
0x7100eaf960,U,256,
0x7100eafa60,U,272,
0x7100eafb70,U,388,
0x7100eafcf4,U,452,
0x7100eafeb8,U,416,
0x7100eb0058,U,340,
0x7100eb01cc,U,216,
0x7100eb05f4,U,264,
0x7100eb072c,U,800,
0x7100eb0a4c,U,80,
0x7100eb0ce4,U,80,
0x7100eb0fe8,U,144,
0x7100eb1078,U,348,
0x7100eb1220,U,236,
0x7100eb13d8,U,116,
0x7100eb144c,U,292,
0x7100eb1570,U,252,
0x7100eb166c,U,440,
0x7100eb1824,U,436,
0x7100eb19d8,U,780,
0x7100eb1d08,U,100,
0x7100eb1d6c,U,116,
0x7100eb2048,U,80,
0x7100eb2214,U,80,
0x7100eb244c,U,196,
0x7100eb258c,U,192,
0x7100eb29f8,U,336,
0x7100eb2b68,U,168,
0x7100eb2c10,U,176,
0x7100eb2cc0,U,460,
0x7100eb2e8c,U,24,
0x7100eb2fd0,U,24,
0x7100eb30b0,U,24,
0x7100eb30c8,U,24,
0x7100eb30e8,U,24,
0x7100eb310c,U,24,
0x7100eb31c0,U,24,
0x7100eb31d8,U,24,
0x7100eb3278,U,164,
0x7100eb33c8,U,164,
0x7100eb346c,U,252,
0x7100eb3568,U,224,
0x7100eb3648,U,400,
0x7100eb37fc,U,24,
0x7100eb3814,U,476,
0x7100eb39f0,U,536,
0x7100eb3c08,U,404,
0x7100eb3d9c,U,244,
0x7100eb3e90,U,508,
0x7100eb408c,U,316,
0x7100eb41c8,U,436,
0x7100eb437c,U,400,
0x7100eb695c,U,492,
0x7100eb6b48,U,388,
0x7100eb6ccc,U,1292,
0x7100eb71d8,U,384,
0x7100eb7358,U,280,
0x7100eb7470,U,192,
0x7100eb7530,U,96,
0x7100eb7590,U,240,
0x7100eb7680,U,128,
0x7100eb7700,U,1464,
0x7100eb7cb8,U,548,
0x7100eb7edc,U,44,
0x7100eb7f08,U,100,
0x7100eb7f6c,U,132,
0x7100eb7ff0,U,1636,
0x7100eb8654,U,804,
0x7100eb8978,U,160,
0x7100eb8a20,U,712,
0x7100eb8cf0,U,3732,
0x7100eb9b90,U,3844,
0x7100ebaaa0,U,7496,
0x7100ebc7f0,U,1404,
0x7100ebcd70,U,3252,
0x7100ebda30,U,4796,
0x7100ebed24,U,120,
0x7100ebed9c,U,120,
0x7100ebee14,U,120,
0x7100ebeeb4,U,80,
0x7100ebef04,U,80,
0x7100ebf278,U,132,
0x7100ebf2fc,U,280,
0x7100ebf414,U,324,
0x7100ebf55c,U,284,
0x7100ebf678,U,4,
0x7100ebf67c,U,992,
0x7100ebfa5c,U,8,
0x7100ebfa64,U,4,
0x7100ebfa68,U,4,
0x7100ebfa6c,U,8,
0x7100ebfa74,U,8,
0x7100ebfa7c,U,720,
0x7100ebfd4c,U,580,
0x7100ebff90,U,2292,
0x7100ec0884,U,1180,
0x7100ec0d20,U,164,
0x7100ec0dc4,U,256,
0x7100ec0ec4,U,628,
0x7100ec1138,U,320,
0x7100ec1278,U,204,
0x7100ec1344,U,136,
0x7100ec13cc,U,136,
0x7100ec1454,U,144,
0x7100ec14e4,U,104,
0x7100ec154c,U,248,
0x7100ec1644,U,204,
0x7100ec1710,U,596,
0x7100ec1970,U,1224,
0x7100ec1e38,U,3324,
0x7100ec2b34,U,1024,
0x7100ec2f58,U,140,
0x7100ec3068,U,372,
0x7100ec31e0,U,224,
0x7100ec32c0,U,3968,
0x7100ec4240,U,532,
0x7100ec4454,U,1096,
0x7100ec489c,U,572,
0x7100ec4ad8,U,580,
0x7100ec4d1c,U,476,
0x7100ec4ef8,U,220,
0x7100ec4fd4,U,272,
0x7100ec50e4,U,260,
0x7100ec51e8,U,388,
0x7100ec536c,U,868,
0x7100ec56d0,U,860,
0x7100ec5a30,U,244,
0x7100ec5f70,U,388,
0x7100ec60f4,U,696,
0x7100ec63b0,U,248,
0x7100ec64b0,U,332,
0x7100ec65fc,U,12,
0x7100ec6608,U,4,
0x7100ec660c,U,84,
0x7100ec6660,U,56,
0x7100ec6698,U,908,
0x7100ec6a24,U,72,
0x7100ec6a6c,U,464,
0x7100ec6c3c,U,28,
0x7100ec6c58,U,1796,
0x7100ec7364,U,64,
0x7100ec73b4,U,16,
0x7100ec78a0,U,72,
0x7100ec78e8,U,304,
0x7100ec7a18,U,28,
0x7100ec7a68,U,28,
0x7100ec7aec,U,6996,
0x7100ec9640,U,320,
0x7100ec9780,U,676,
0x7100ec9a24,U,316,
0x7100ec9b60,U,2268,
0x7100eca4ec,U,240,
0x7100eca5dc,U,412,
0x7100eca778,U,412,
0x7100eca914,U,376,
0x7100ecaa8c,U,148,
0x7100ecab20,U,952,
0x7100ecaed8,U,208,
0x7100ecafa8,U,100,
0x7100ecb00c,U,920,
0x7100ecb3a4,U,264,
0x7100ecb4ac,U,300,
0x7100ecb5d8,U,476,
0x7100ecb7b4,U,248,
0x7100ecb8ac,U,384,
0x7100ecba2c,U,476,
0x7100ecbc08,U,324,
0x7100ecbd50,U,140,
0x7100ecbddc,U,876,
0x7100ecc148,U,696,
0x7100ecc424,U,1500,
0x7100ecca00,U,1652,
0x7100ecd074,U,304,
0x7100ecd1a4,U,2828,
0x7100ecdcb0,U,592,
0x7100ecdf00,U,548,
0x7100ece124,U,1328,
0x7100ece654,U,424,
0x7100ece7fc,U,1016,
0x7100ecebf4,U,604,
0x7100ecee50,U,924,
0x7100ecf1ec,U,488,
0x7100ecf3d4,U,124,
0x7100ecf450,U,120,
0x7100ecf4c8,U,312,
0x7100ecf6ac,U,32,
0x7100ecf784,U,28,
0x7100ecf8b0,U,140,
0x7100ecf93c,U,8,
0x7100ecf944,U,52,
0x7100ecf978,U,152,
0x7100ecfa10,U,116,
0x7100ecfa84,U,24,
0x7100ecfad0,U,140,
0x7100ed0188,U,384,
0x7100ed0694,U,384,
0x7100ed0814,U,220,
0x7100ed08f0,U,220,
0x7100ed0d50,U,388,
0x7100ed0ed4,U,220,
0x7100ed1334,U,388,
0x7100ed14b8,U,220,
0x7100ed1594,U,500,
0x7100ed1788,U,220,
0x7100ed1864,U,220,
0x7100ed1a48,U,388,
0x7100ed1bcc,U,220,
0x7100ed1ca8,U,220,
0x7100ed1d84,U,220,
0x7100ed21e4,U,388,
0x7100ed2368,U,220,
0x7100ed27c8,U,388,
0x7100ed294c,U,220,
0x7100ed2a28,U,504,
0x7100ed2c20,U,220,
0x7100ed2cfc,U,220,
0x7100ed2ee4,U,388,
0x7100ed3068,U,220,
0x7100ed3388,U,348,
0x7100ed34e4,U,372,
0x7100ed365c,U,244,
0x7100ed3ea0,U,388,
0x7100ed4024,U,184,
0x7100ed40dc,U,192,
0x7100ed419c,U,696,
0x7100ed4454,U,1672,
0x7100ed4adc,U,140,
0x7100ed4b68,U,336,
0x7100ed4cb8,U,2116,
0x7100ed54fc,U,216,
0x7100ed55d4,U,892,
0x7100ed5950,U,144,
0x7100ed5e8c,U,160,
0x7100ed5f2c,U,852,
0x7100ed6280,U,456,
0x7100ed6448,U,148,
0x7100ed64dc,U,192,
0x7100ed659c,U,884,
0x7100ed6910,U,256,
0x7100ed6a10,U,224,
0x7100ed6af0,U,212,
0x7100ed6bc4,U,68,
0x7100ed6c08,U,1340,
0x7100ed7144,U,292,
0x7100ed7268,U,8,
0x7100ed7270,U,964,
0x7100ed7634,U,360,
0x7100ed779c,U,4,
0x7100ed77a0,U,24,
0x7100ed77b8,U,264,
0x7100ed78c0,U,68,
0x7100ed7964,U,360,
0x7100ed7acc,U,88,
0x7100ed7b5c,U,20,
0x7100ed7bbc,U,360,
0x7100ed7d24,U,88,
0x7100ed7db4,U,20,
0x7100ed7e14,U,364,
0x7100ed7f80,U,60,
0x7100ed7ff4,U,20,
0x7100ed8044,U,128,
0x7100ed8144,U,272,
0x7100ed8254,U,364,
0x7100ed83c0,U,60,
0x7100ed8434,U,20,
0x7100ed8484,U,128,
0x7100ed8584,U,272,
0x7100ed8694,U,364,
0x7100ed8800,U,96,
0x7100ed8898,U,20,
0x7100ed88f8,U,364,
0x7100ed8a64,U,96,
0x7100ed8afc,U,20,
0x7100ed8b60,U,260,
0x7100ed8c64,U,364,
0x7100ed8dd0,U,96,
0x7100ed8e68,U,20,
0x7100ed8ec8,U,364,
0x7100ed9034,U,96,
0x7100ed90cc,U,20,
0x7100ed912c,U,364,
0x7100ed9298,U,96,
0x7100ed9330,U,20,
0x7100ed9390,U,364,
0x7100ed94fc,U,60,
0x7100ed953c,U,88,
0x7100ed95b0,U,20,
0x7100ed965c,U,144,
0x7100ed96ec,U,144,
0x7100ed977c,U,672,
0x7100ed9a1c,U,364,
0x7100ed9b88,U,60,
0x7100ed9bc8,U,88,
0x7100ed9c3c,U,20,
0x7100ed9ce8,U,144,
0x7100ed9d78,U,144,
0x7100ed9e08,U,364,
0x7100ed9f74,U,96,
0x7100eda00c,U,20,
0x7100eda06c,U,364,
0x7100eda1d8,U,96,
0x7100eda270,U,20,
0x7100eda2d0,U,364,
0x7100eda43c,U,96,
0x7100eda4d4,U,20,
0x7100eda534,U,28,
0x7100eda574,U,140,
0x7100eda600,U,1128,
0x7100edaa68,U,144,
0x7100edacec,U,128,
0x7100edaebc,U,272,
0x7100edafcc,U,80,
0x7100edb01c,U,84,
0x7100edb194,U,128,
0x7100edb224,U,80,
0x7100edb274,U,84,
0x7100edb3dc,U,140,
0x7100edb488,U,1128,
0x7100edb95c,U,1432,
0x7100edbef4,U,764,
0x7100edc1f0,U,320,
0x7100edc330,U,276,
0x7100edc458,U,204,
0x7100edc884,U,80,
0x7100edc9d4,U,80,
0x7100edcbac,U,420,
0x7100edcd50,U,220,
0x7100edce2c,U,696,
0x7100edd0f8,U,196,
0x7100edd1bc,U,176,
0x7100edd3a4,U,992,
0x7100edd784,U,588,
0x7100edd9d0,U,220,
0x7100eddaac,U,444,
0x7100eddc68,U,1416,
0x7100ede1f0,U,316,
0x7100ede32c,U,288,
0x7100ede44c,U,392,
0x7100ede5d4,U,136,
0x7100ede6fc,U,28,
0x7100ede778,U,532,
0x7100ede98c,U,88,
0x7100ede9e4,U,256,
0x7100edf654,U,524,
0x7100edf9e4,U,244,
0x7100edfde0,U,388,
0x7100edff64,U,696,
0x7100ee021c,U,3028,
0x7100ee0f38,U,220,
0x7100ee1014,U,220,
0x7100ee10f0,U,180,
0x7100ee11a4,U,376,
0x7100ee131c,U,180,
0x7100ee13d0,U,376,
0x7100ee1548,U,760,
0x7100ee1840,U,3876,
0x7100ee2768,U,252,
0x7100ee2864,U,196,
0x7100ee2928,U,120,
0x7100ee29a0,U,256,
0x7100ee2aa0,U,312,
0x7100ee2bd8,U,428,
0x7100ee2d84,U,312,
0x7100ee2ebc,U,544,
0x7100ee30dc,U,416,
0x7100ee327c,U,628,
0x7100ee34f0,U,2844,
0x7100ee400c,U,1012,
0x7100ee4400,U,140,
0x7100ee4550,U,436,
0x7100ee4704,U,488,
0x7100ee48ec,U,260,
0x7100ee49f0,U,836,
0x7100ee4d34,U,592,
0x7100ee4f84,U,1540,
0x7100ee5588,U,1596,
0x7100ee5bc4,U,520,
0x7100ee5dcc,U,1264,
0x7100ee62bc,U,1480,
0x7100ee6884,U,608,
0x7100ee6ae4,U,540,
0x7100ee6d00,U,1076,
0x7100ee7134,U,772,
0x7100ee7438,U,976,
0x7100ee7808,U,1644,
0x7100ee7e74,U,464,
0x7100ee8044,U,1068,
0x7100ee8470,U,968,
0x7100ee8838,U,1644,
0x7100ee8ea4,U,1508,
0x7100ee9488,U,616,
0x7100ee96f0,U,484,
0x7100ee98d4,U,808,
0x7100ee9bfc,U,800,
0x7100ee9f1c,U,832,
0x7100eea25c,U,216,
0x7100eea334,U,200,
0x7100eea3fc,U,204,
0x7100eea4c8,U,336,
0x7100eea618,U,408,
0x7100eea7b0,U,664,
0x7100eeaa48,U,464,
0x7100eeac18,U,320,
0x7100eead58,U,376,
0x7100eeaed0,U,588,
0x7100eeb11c,U,64,
0x7100eeb15c,U,232,
0x7100eeb244,U,8,
0x7100eeb24c,U,228,
0x7100eeb330,U,360,
0x7100eeb498,U,472,
0x7100eeb670,U,136,
0x7100eeb6f8,U,56,
0x7100eeb730,U,260,
0x7100eeb834,U,72,
0x7100eeb87c,U,820,
0x7100eebbb0,U,36,
0x7100eebbd4,U,3072,
0x7100eec7d4,U,820,
0x7100eecb08,U,408,
0x7100eecca0,U,104,
0x7100eecd08,U,264,
0x7100eece10,U,364,
0x7100eecf7c,U,236,
0x7100eed068,U,828,
0x7100eed3a4,U,268,
0x7100eed550,U,608,
0x7100eed7b0,U,172,
0x7100eed85c,U,168,
0x7100eed904,U,232,
0x7100eed9ec,U,2056,
0x7100eee1f4,U,4,
0x7100eee1f8,U,1060,
0x7100eee61c,U,864,
0x7100eee97c,U,564,
0x7100eeebb0,U,500,
0x7100eeeda4,U,1184,
0x7100eef244,U,580,
0x7100eef488,U,492,
0x7100eef674,U,16,
0x7100eef684,U,16,
0x7100eef694,U,272,
0x7100eef7a4,U,2200,
0x7100ef0078,U,28,
0x7100ef00b8,U,364,
0x7100ef0224,U,96,
0x7100ef02bc,U,20,
0x7100ef031c,U,364,
0x7100ef0488,U,96,
0x7100ef0520,U,20,
0x7100ef062c,U,28,
0x7100ef0764,U,220,
0x7100ef0840,U,412,
0x7100ef09dc,U,364,
0x7100ef0b48,U,96,
0x7100ef0be0,U,20,
0x7100ef0cdc,U,292,
0x7100ef0e00,U,220,
0x7100ef0edc,U,364,
0x7100ef1048,U,96,
0x7100ef10e0,U,20,
0x7100ef1580,U,136,
0x7100ef1608,U,536,
0x7100ef1820,U,336,
0x7100ef1970,U,332,
0x7100ef1abc,U,340,
0x7100ef1c10,U,276,
0x7100ef1d24,U,248,
0x7100ef1e1c,U,264,
0x7100ef1f24,U,624,
0x7100ef2194,U,508,
0x7100ef2390,U,996,
0x7100ef3494,U,440,
0x7100ef364c,U,160,
0x7100ef36ec,U,160,
0x7100ef378c,U,52316,
0x7100f003e8,U,244,
0x7100f004dc,U,292,
0x7100f00600,U,276,
0x7100f00714,U,100,
0x7100f00778,U,8,
0x7100f00780,U,676,
0x7100f00a24,U,208,
0x7100f00af4,U,1068,
0x7100f00f20,U,44,
0x7100f00f4c,U,632,
0x7100f011c4,U,804,
0x7100f014e8,U,848,
0x7100f01838,U,2204,
0x7100f020d4,U,156,
0x7100f02170,U,156,
0x7100f0220c,U,184,
0x7100f022c4,U,612,
0x7100f02660,U,224,
0x7100f02740,U,1348,
0x7100f02c84,U,340,
0x7100f02dd8,U,120,
0x7100f02e50,U,488,
0x7100f03300,U,140,
0x7100f03390,U,244,
0x7100f03488,U,340,
0x7100f035dc,U,572,
0x7100f038d0,U,28,
0x7100f038f8,U,324,
0x7100f03a50,U,160,
0x7100f03af0,U,108,
0x7100f03d40,U,140,
0x7100f03dd0,U,244,
0x7100f03ec8,U,380,
0x7100f04058,U,28,
0x7100f04260,U,160,
0x7100f04300,U,116,
0x7100f04380,U,140,
0x7100f0440c,U,36,
0x7100f04430,U,4,
0x7100f04434,U,100,
0x7100f04498,U,68,
0x7100f044dc,U,68,
0x7100f04520,U,432,
0x7100f046d0,U,140,
0x7100f0475c,U,108,
0x7100f04850,U,140,
0x7100f048e0,U,240,
0x7100f049d4,U,364,
0x7100f04b54,U,28,
0x7100f04bd0,U,160,
0x7100f04c70,U,140,
0x7100f04cfc,U,324,
0x7100f04e40,U,56,
0x7100f04e7c,U,72,
0x7100f04ed0,U,140,
0x7100f04f60,U,240,
0x7100f051cc,U,364,
0x7100f0534c,U,28,
0x7100f054b0,U,160,
0x7100f05550,U,40,
0x7100f05580,U,140,
0x7100f05610,U,244,
0x7100f05708,U,388,
0x7100f0588c,U,216,
0x7100f05964,U,212,
0x7100f05a5c,U,444,
0x7100f05c18,U,176,
0x7100f05cc8,U,24,
0x7100f05ce0,U,636,
0x7100f05f5c,U,52,
0x7100f05f90,U,36,
0x7100f05fb4,U,128,
0x7100f06034,U,188,
0x7100f060f0,U,56,
0x7100f06128,U,36,
0x7100f0614c,U,56,
0x7100f06184,U,36,
0x7100f061a8,U,148,
0x7100f0623c,U,48,
0x7100f0626c,U,8,
0x7100f06274,U,116,
0x7100f062e8,U,284,
0x7100f06404,U,28,
0x7100f06430,U,28,
0x7100f06560,U,200,
0x7100f0662c,U,244,
0x7100f07b90,U,352,
0x7100f07cf0,U,180,
0x7100f07da4,U,180,
0x7100f07e58,U,180,
0x7100f07f0c,U,180,
0x7100f07fc0,U,180,
0x7100f08074,U,180,
0x7100f08128,U,180,
0x7100f081dc,U,180,
0x7100f08290,U,180,
0x7100f08344,U,180,
0x7100f083f8,U,180,
0x7100f084ac,U,180,
0x7100f08560,U,180,
0x7100f08614,U,180,
0x7100f086c8,U,512,
0x7100f088c8,U,556,
0x7100f08b18,U,12596,
0x7100f0bc4c,U,4,
0x7100f0bc50,U,520,
0x7100f0be58,U,184,
0x7100f0bf10,U,572,
0x7100f0c14c,U,252,
0x7100f0c248,U,1856,
0x7100f0c988,U,260,
0x7100f0ca8c,U,8,
0x7100f0ca94,U,8,
0x7100f0ca9c,U,428,
0x7100f0cc48,U,100,
0x7100f0ccac,U,168,
0x7100f0cd54,U,128,
0x7100f0cdd4,U,2028,
0x7100f0d5c0,U,128,
0x7100f0d640,U,368,
0x7100f0d7b0,U,220,
0x7100f0d88c,U,564,
0x7100f0dac0,U,636,
0x7100f0dd3c,U,232,
0x7100f0dea4,U,604,
0x7100f0e100,U,264,
0x7100f0e208,U,12,
0x7100f0e214,U,8,
0x7100f0e21c,U,12,
0x7100f0e228,U,8,
0x7100f0e230,U,8,
0x7100f0e238,U,576,
0x7100f0e478,U,84,
0x7100f0e4cc,U,8,
0x7100f0e4d4,U,8,
0x7100f0e4e4,U,888,
0x7100f0e85c,U,304,
0x7100f0e98c,U,352,
0x7100f0eaec,U,364,
0x7100f0ec58,U,16,
0x7100f0ec68,U,132,
0x7100f0ecec,U,8,
0x7100f0ecf4,U,8,
0x7100f0ecfc,U,8,
0x7100f0ed04,U,8,
0x7100f0ed0c,U,28,
0x7100f0ed3c,U,28,
0x7100f0ed90,U,108,
0x7100f0f4d0,U,164,
0x7100f0f574,U,292,
0x7100f0f698,U,248,
0x7100f0f7b4,U,460,
0x7100f0f980,U,400,
0x7100f0fdbc,U,244,
0x7100f0feb4,U,388,
0x7100f1003c,U,244,
0x7100f10434,U,388,
0x7100f105b8,U,696,
0x7100f10870,U,204,
0x7100f10960,U,204,
0x7100f10a2c,U,204,
0x7100f10af8,U,8,
0x7100f10b00,U,244,
0x7100f10bf4,U,8,
0x7100f10c4c,U,260,
0x7100f10d50,U,200,
0x7100f10e18,U,264,
0x7100f10f20,U,260,
0x7100f11024,U,28,
0x7100f110b0,U,196,
0x7100f111a8,U,28,
0x7100f111e8,U,212,
0x7100f112bc,U,8,
0x7100f112c4,U,8,
0x7100f112cc,U,172,
0x7100f11390,U,356,
0x7100f11504,U,28,
0x7100f11520,U,80,
0x7100f115a4,U,28,
0x7100f11624,U,348,
0x7100f11ce8,U,216,
0x7100f11dc0,U,136,
0x7100f11e48,U,788,
0x7100f1215c,U,936,
0x7100f12504,U,1280,
0x7100f12a04,U,4,
0x7100f12a08,U,272,
0x7100f12b18,U,344,
0x7100f12f00,U,140,
0x7100f13198,U,384,
0x7100f13318,U,256,
0x7100f13418,U,184,
0x7100f13518,U,192,
0x7100f137ec,U,32,
0x7100f13e50,U,512,
0x7100f14050,U,200,
0x7100f14118,U,580,
0x7100f1435c,U,376,
0x7100f144d4,U,168,
0x7100f146a0,U,164,
0x7100f147c8,U,264,
0x7100f148d0,U,168,
0x7100f14b80,U,12,
0x7100f14e80,U,252,
0x7100f14f80,U,212,
0x7100f15054,U,1236,
0x7100f15530,U,908,
0x7100f15b10,U,456,
0x7100f15ce0,U,336,
0x7100f15e30,U,904,
0x7100f16260,U,444,
0x7100f1641c,U,208,
0x7100f164ec,U,724,
0x7100f167c0,U,624,
0x7100f16a30,U,992,
0x7100f16e10,U,596,
0x7100f17064,U,436,
0x7100f17218,U,440,
0x7100f173d0,U,836,
0x7100f17714,U,180,
0x7100f177c8,U,236,
0x7100f17adc,U,12,
0x7100f17b70,U,580,
0x7100f17db8,U,244,
0x7100f17f78,U,352,
0x7100f180d8,U,244,
0x7100f181cc,U,252,
0x7100f18358,U,28,
0x7100f18388,U,28,
0x7100f18430,U,160,
0x7100f184d4,U,240,
0x7100f185c8,U,388,
0x7100f18760,U,28,
0x7100f187cc,U,28,
0x7100f187f0,U,160,
0x7100f19cf8,U,388,
0x7100f19e7c,U,380,
0x7100f19ff8,U,380,
0x7100f1a174,U,380,
0x7100f1a2f0,U,380,
0x7100f1a46c,U,380,
0x7100f1a5e8,U,380,
0x7100f1a764,U,380,
0x7100f1a8e0,U,380,
0x7100f1aa5c,U,380,
0x7100f1abd8,U,220,
0x7100f1acb4,U,220,
0x7100f1ad94,U,244,
0x7100f1b570,U,388,
0x7100f1b6f4,U,380,
0x7100f1b870,U,380,
0x7100f1b9ec,U,380,
0x7100f1bb68,U,220,
0x7100f1bc44,U,220,
0x7100f1c0b0,U,388,
0x7100f1c234,U,220,
0x7100f1c6a0,U,388,
0x7100f1c824,U,220,
0x7100f1c900,U,504,
0x7100f1caf8,U,220,
0x7100f1cbd4,U,220,
0x7100f1d118,U,388,
0x7100f1d29c,U,380,
0x7100f1d418,U,380,
0x7100f1d594,U,220,
0x7100f1d670,U,220,
0x7100f1d750,U,244,
0x7100f1dabc,U,388,
0x7100f1dc40,U,380,
0x7100f1ddbc,U,220,
0x7100f1de98,U,220,
0x7100f1e304,U,388,
0x7100f1e488,U,220,
0x7100f1e8f4,U,388,
0x7100f1ea78,U,220,
0x7100f1eb54,U,504,
0x7100f1ed4c,U,220,
0x7100f1ee28,U,220,
0x7100f2000c,U,388,
0x7100f20190,U,380,
0x7100f2030c,U,380,
0x7100f20488,U,380,
0x7100f20604,U,380,
0x7100f20780,U,380,
0x7100f208fc,U,380,
0x7100f20a78,U,380,
0x7100f20bf4,U,380,
0x7100f20d70,U,380,
0x7100f20eec,U,220,
0x7100f20fc8,U,220,
0x7100f210a8,U,244,
0x7100f21414,U,388,
0x7100f21598,U,380,
0x7100f21714,U,220,
0x7100f217f0,U,220,
0x7100f21c5c,U,388,
0x7100f21de0,U,220,
0x7100f2224c,U,388,
0x7100f223d0,U,220,
0x7100f224ac,U,504,
0x7100f226a4,U,220,
0x7100f22780,U,220,
0x7100f230fc,U,388,
0x7100f23280,U,380,
0x7100f233fc,U,380,
0x7100f23578,U,380,
0x7100f236f4,U,380,
0x7100f23870,U,220,
0x7100f2394c,U,220,
0x7100f23a2c,U,244,
0x7100f23f6c,U,388,
0x7100f240f0,U,380,
0x7100f2426c,U,380,
0x7100f243e8,U,220,
0x7100f244c4,U,220,
0x7100f24930,U,388,
0x7100f24ab4,U,220,
0x7100f24f20,U,388,
0x7100f250a4,U,220,
0x7100f25180,U,504,
0x7100f25378,U,220,
0x7100f25454,U,220,
0x7100f261e0,U,388,
0x7100f26364,U,380,
0x7100f264e0,U,380,
0x7100f2665c,U,380,
0x7100f267d8,U,380,
0x7100f26954,U,380,
0x7100f26ad0,U,380,
0x7100f26c4c,U,220,
0x7100f26d28,U,220,
0x7100f26e08,U,244,
0x7100f27348,U,388,
0x7100f274cc,U,380,
0x7100f27648,U,380,
0x7100f277c4,U,220,
0x7100f278a0,U,220,
0x7100f27d0c,U,388,
0x7100f27e90,U,220,
0x7100f282fc,U,388,
0x7100f28480,U,220,
0x7100f2855c,U,504,
0x7100f28754,U,220,
0x7100f28830,U,220,
0x7100f291b0,U,388,
0x7100f29334,U,380,
0x7100f294b0,U,380,
0x7100f2962c,U,380,
0x7100f297a8,U,380,
0x7100f29924,U,220,
0x7100f29a00,U,220,
0x7100f29ae0,U,244,
0x7100f2a020,U,388,
0x7100f2a1a4,U,380,
0x7100f2a320,U,380,
0x7100f2a49c,U,220,
0x7100f2a578,U,220,
0x7100f2a9e4,U,388,
0x7100f2ab68,U,220,
0x7100f2afd4,U,388,
0x7100f2b158,U,220,
0x7100f2b234,U,504,
0x7100f2b42c,U,220,
0x7100f2b508,U,220,
0x7100f2ba64,U,388,
0x7100f2bbe8,U,380,
0x7100f2bd64,U,380,
0x7100f2bee0,U,220,
0x7100f2bfbc,U,220,
0x7100f2c09c,U,244,
0x7100f2c408,U,388,
0x7100f2c58c,U,380,
0x7100f2c708,U,220,
0x7100f2c7e4,U,220,
0x7100f2cc50,U,388,
0x7100f2cdd4,U,220,
0x7100f2d240,U,388,
0x7100f2d3c4,U,220,
0x7100f2d4a0,U,504,
0x7100f2d698,U,220,
0x7100f2d774,U,220,
0x7100f2f6c0,U,388,
0x7100f2f844,U,380,
0x7100f2f9c0,U,380,
0x7100f2fb3c,U,380,
0x7100f2fcb8,U,380,
0x7100f2fe34,U,380,
0x7100f2ffb0,U,380,
0x7100f3012c,U,380,
0x7100f302a8,U,380,
0x7100f30424,U,380,
0x7100f305a0,U,380,
0x7100f3071c,U,380,
0x7100f30898,U,380,
0x7100f30a14,U,380,
0x7100f30b90,U,380,
0x7100f30d0c,U,220,
0x7100f30de8,U,220,
0x7100f30ec8,U,244,
0x7100f31a4c,U,388,
0x7100f31bd0,U,380,
0x7100f31d4c,U,380,
0x7100f31ec8,U,380,
0x7100f32044,U,380,
0x7100f321c0,U,380,
0x7100f3233c,U,220,
0x7100f32418,U,220,
0x7100f32884,U,388,
0x7100f32a08,U,220,
0x7100f32e74,U,388,
0x7100f32ff8,U,220,
0x7100f330d4,U,504,
0x7100f332cc,U,220,
0x7100f333a8,U,220,
0x7100f33bd0,U,388,
0x7100f33d54,U,380,
0x7100f33ed0,U,380,
0x7100f3404c,U,380,
0x7100f341c8,U,220,
0x7100f342a4,U,220,
0x7100f34384,U,244,
0x7100f346f0,U,388,
0x7100f34874,U,380,
0x7100f349f0,U,220,
0x7100f34acc,U,220,
0x7100f34f38,U,388,
0x7100f350bc,U,220,
0x7100f35528,U,388,
0x7100f356ac,U,220,
0x7100f35788,U,504,
0x7100f35980,U,220,
0x7100f35a5c,U,220,
0x7100f3687c,U,388,
0x7100f36a00,U,380,
0x7100f36b7c,U,380,
0x7100f36cf8,U,380,
0x7100f36e74,U,220,
0x7100f36f50,U,220,
0x7100f37030,U,244,
0x7100f3739c,U,388,
0x7100f37520,U,380,
0x7100f3769c,U,220,
0x7100f37778,U,220,
0x7100f37be4,U,388,
0x7100f37d68,U,220,
0x7100f381d4,U,388,
0x7100f38358,U,220,
0x7100f38434,U,504,
0x7100f3862c,U,220,
0x7100f38708,U,220,
0x7100f39c60,U,388,
0x7100f39de4,U,380,
0x7100f39f60,U,380,
0x7100f3a0dc,U,380,
0x7100f3a258,U,380,
0x7100f3a3d4,U,380,
0x7100f3a550,U,380,
0x7100f3a6cc,U,380,
0x7100f3a848,U,380,
0x7100f3a9c4,U,380,
0x7100f3ab40,U,220,
0x7100f3ac1c,U,220,
0x7100f3acfc,U,244,
0x7100f3b068,U,388,
0x7100f3b1ec,U,380,
0x7100f3b368,U,220,
0x7100f3b444,U,220,
0x7100f3b8b0,U,388,
0x7100f3ba34,U,220,
0x7100f3bea0,U,388,
0x7100f3c024,U,220,
0x7100f3c100,U,504,
0x7100f3c2f8,U,220,
0x7100f3c3d4,U,220,
0x7100f3cde0,U,388,
0x7100f3cf64,U,380,
0x7100f3d0e0,U,380,
0x7100f3d25c,U,380,
0x7100f3d3d8,U,380,
0x7100f3d554,U,220,
0x7100f3d630,U,220,
0x7100f3d710,U,244,
0x7100f3da7c,U,388,
0x7100f3dc00,U,380,
0x7100f3dd7c,U,220,
0x7100f3de58,U,220,
0x7100f3e2c4,U,388,
0x7100f3e448,U,220,
0x7100f3e8b4,U,388,
0x7100f3ea38,U,220,
0x7100f3eb14,U,504,
0x7100f3ed0c,U,220,
0x7100f3ede8,U,220,
0x7100f412bc,U,388,
0x7100f41440,U,380,
0x7100f415bc,U,220,
0x7100f41698,U,220,
0x7100f41774,U,220,
0x7100f41850,U,220,
0x7100f41cb0,U,388,
0x7100f41e34,U,220,
0x7100f42294,U,388,
0x7100f42418,U,220,
0x7100f424f4,U,468,
0x7100f426c8,U,220,
0x7100f427a4,U,220,
0x7100f42880,U,964,
0x7100f42c44,U,5388,
0x7100f44150,U,372,
0x7100f442c4,U,372,
0x7100f44438,U,372,
0x7100f445ac,U,372,
0x7100f44720,U,372,
0x7100f44894,U,372,
0x7100f44a08,U,372,
0x7100f44b7c,U,372,
0x7100f44cf0,U,372,
0x7100f44e64,U,372,
0x7100f44fd8,U,5756,
0x7100f46654,U,4428,
0x7100f477a0,U,4756,
0x7100f48a34,U,364,
0x7100f48ba0,U,96,
0x7100f48c38,U,20,
0x7100f48c98,U,364,
0x7100f48e04,U,96,
0x7100f48e9c,U,20,
0x7100f48efc,U,368,
0x7100f4906c,U,104,
0x7100f4910c,U,20,
0x7100f4916c,U,368,
0x7100f492dc,U,104,
0x7100f4937c,U,20,
0x7100f493dc,U,364,
0x7100f49548,U,60,
0x7100f495c0,U,20,
0x7100f49614,U,144,
0x7100f49724,U,304,
0x7100f498d8,U,364,
0x7100f49a44,U,60,
0x7100f49abc,U,20,
0x7100f49b10,U,144,
0x7100f49c20,U,304,
0x7100f49d50,U,364,
0x7100f49ebc,U,96,
0x7100f49f54,U,20,
0x7100f49fb4,U,364,
0x7100f4a120,U,96,
0x7100f4a1b8,U,20,
0x7100f4a218,U,364,
0x7100f4a384,U,96,
0x7100f4a41c,U,20,
0x7100f4a47c,U,364,
0x7100f4a5e8,U,96,
0x7100f4a680,U,20,
0x7100f4a6e0,U,368,
0x7100f4a850,U,104,
0x7100f4a8f0,U,20,
0x7100f4a950,U,368,
0x7100f4aac0,U,104,
0x7100f4ab60,U,20,
0x7100f4abc0,U,364,
0x7100f4ad2c,U,60,
0x7100f4ada4,U,20,
0x7100f4adf8,U,144,
0x7100f4af08,U,304,
0x7100f4b038,U,364,
0x7100f4b1a4,U,60,
0x7100f4b21c,U,20,
0x7100f4b270,U,144,
0x7100f4b380,U,304,
0x7100f4b4b0,U,364,
0x7100f4b61c,U,96,
0x7100f4b6b4,U,20,
0x7100f4b714,U,364,
0x7100f4b880,U,96,
0x7100f4b918,U,20,
0x7100f4b978,U,364,
0x7100f4bae4,U,96,
0x7100f4bb7c,U,20,
0x7100f4bbdc,U,364,
0x7100f4bd48,U,96,
0x7100f4bde0,U,20,
0x7100f4be40,U,368,
0x7100f4bfb0,U,104,
0x7100f4c050,U,20,
0x7100f4c0b0,U,368,
0x7100f4c220,U,104,
0x7100f4c2c0,U,20,
0x7100f4c320,U,364,
0x7100f4c48c,U,60,
0x7100f4c504,U,20,
0x7100f4c558,U,144,
0x7100f4c668,U,304,
0x7100f4c798,U,364,
0x7100f4c904,U,60,
0x7100f4c97c,U,20,
0x7100f4c9d0,U,144,
0x7100f4cae0,U,304,
0x7100f4cc10,U,364,
0x7100f4cd7c,U,96,
0x7100f4ce14,U,20,
0x7100f4ce74,U,364,
0x7100f4cfe0,U,96,
0x7100f4d078,U,20,
0x7100f4d0d8,U,364,
0x7100f4d244,U,96,
0x7100f4d2dc,U,20,
0x7100f4d33c,U,364,
0x7100f4d4a8,U,96,
0x7100f4d540,U,20,
0x7100f4d5a0,U,368,
0x7100f4d710,U,104,
0x7100f4d7b0,U,20,
0x7100f4d810,U,368,
0x7100f4d980,U,104,
0x7100f4da20,U,20,
0x7100f4da80,U,364,
0x7100f4dbec,U,60,
0x7100f4dc64,U,20,
0x7100f4dcb8,U,144,
0x7100f4ddc8,U,304,
0x7100f4def8,U,364,
0x7100f4e064,U,60,
0x7100f4e0dc,U,20,
0x7100f4e130,U,144,
0x7100f4e240,U,304,
0x7100f4e370,U,364,
0x7100f4e4dc,U,96,
0x7100f4e574,U,20,
0x7100f4e5d4,U,364,
0x7100f4e740,U,96,
0x7100f4e7d8,U,20,
0x7100f4e838,U,364,
0x7100f4e9a4,U,96,
0x7100f4ea3c,U,20,
0x7100f4ea9c,U,364,
0x7100f4ec08,U,96,
0x7100f4eca0,U,20,
0x7100f4ed00,U,368,
0x7100f4ee70,U,104,
0x7100f4ef10,U,20,
0x7100f4ef70,U,368,
0x7100f4f0e0,U,104,
0x7100f4f180,U,20,
0x7100f4f1e0,U,364,
0x7100f4f34c,U,60,
0x7100f4f3c4,U,20,
0x7100f4f418,U,144,
0x7100f4f528,U,304,
0x7100f4f658,U,364,
0x7100f4f7c4,U,60,
0x7100f4f83c,U,20,
0x7100f4f890,U,144,
0x7100f4f9a0,U,304,
0x7100f4fad0,U,364,
0x7100f4fc3c,U,96,
0x7100f4fcd4,U,20,
0x7100f4fd34,U,364,
0x7100f4fea0,U,96,
0x7100f4ff38,U,20,
0x7100f4ff98,U,364,
0x7100f50104,U,96,
0x7100f5019c,U,20,
0x7100f501fc,U,364,
0x7100f50368,U,96,
0x7100f50400,U,20,
0x7100f50460,U,368,
0x7100f505d0,U,104,
0x7100f50670,U,20,
0x7100f506d0,U,368,
0x7100f50840,U,104,
0x7100f508e0,U,20,
0x7100f50940,U,364,
0x7100f50aac,U,60,
0x7100f50b24,U,20,
0x7100f50b78,U,144,
0x7100f50c88,U,304,
0x7100f50db8,U,120,
0x7100f50e30,U,364,
0x7100f50f9c,U,60,
0x7100f51014,U,20,
0x7100f51068,U,144,
0x7100f51178,U,304,
0x7100f512a8,U,364,
0x7100f51414,U,96,
0x7100f514ac,U,20,
0x7100f5150c,U,364,
0x7100f51678,U,96,
0x7100f51710,U,20,
0x7100f51770,U,364,
0x7100f518dc,U,96,
0x7100f51974,U,20,
0x7100f519d4,U,364,
0x7100f51b40,U,96,
0x7100f51bd8,U,20,
0x7100f51c38,U,368,
0x7100f51da8,U,104,
0x7100f51e48,U,20,
0x7100f51ea8,U,368,
0x7100f52018,U,104,
0x7100f520b8,U,20,
0x7100f52118,U,364,
0x7100f52284,U,60,
0x7100f522fc,U,20,
0x7100f52350,U,144,
0x7100f52460,U,304,
0x7100f52590,U,364,
0x7100f526fc,U,60,
0x7100f52774,U,20,
0x7100f527c8,U,144,
0x7100f528d8,U,304,
0x7100f52a08,U,364,
0x7100f52b74,U,96,
0x7100f52c0c,U,20,
0x7100f52c6c,U,364,
0x7100f52dd8,U,96,
0x7100f52e70,U,20,
0x7100f52ed0,U,364,
0x7100f5303c,U,88,
0x7100f530cc,U,20,
0x7100f5312c,U,364,
0x7100f53298,U,88,
0x7100f53328,U,20,
0x7100f53388,U,368,
0x7100f534f8,U,104,
0x7100f53598,U,20,
0x7100f535f8,U,368,
0x7100f53768,U,104,
0x7100f53808,U,20,
0x7100f53868,U,364,
0x7100f539d4,U,60,
0x7100f53a4c,U,20,
0x7100f53aa0,U,144,
0x7100f53bb0,U,304,
0x7100f53ce0,U,364,
0x7100f53e4c,U,60,
0x7100f53ec4,U,20,
0x7100f53f18,U,144,
0x7100f54028,U,304,
0x7100f54158,U,364,
0x7100f542c4,U,96,
0x7100f5435c,U,20,
0x7100f543bc,U,364,
0x7100f54528,U,96,
0x7100f545c0,U,20,
0x7100f54620,U,364,
0x7100f5478c,U,96,
0x7100f54824,U,20,
0x7100f54884,U,364,
0x7100f549f0,U,96,
0x7100f54a88,U,20,
0x7100f54ae8,U,368,
0x7100f54c58,U,104,
0x7100f54cf8,U,20,
0x7100f54d58,U,368,
0x7100f54ec8,U,104,
0x7100f54f68,U,20,
0x7100f54fc8,U,364,
0x7100f55134,U,60,
0x7100f551ac,U,20,
0x7100f55200,U,144,
0x7100f55310,U,304,
0x7100f55440,U,364,
0x7100f555ac,U,60,
0x7100f55624,U,20,
0x7100f55678,U,144,
0x7100f55788,U,304,
0x7100f558b8,U,364,
0x7100f55a24,U,96,
0x7100f55abc,U,20,
0x7100f55b1c,U,364,
0x7100f55c88,U,96,
0x7100f55d20,U,20,
0x7100f55d80,U,364,
0x7100f55eec,U,96,
0x7100f55f84,U,20,
0x7100f55fe4,U,364,
0x7100f56150,U,96,
0x7100f561e8,U,20,
0x7100f56248,U,368,
0x7100f563b8,U,104,
0x7100f56458,U,20,
0x7100f564b8,U,368,
0x7100f56628,U,104,
0x7100f566c8,U,20,
0x7100f56728,U,364,
0x7100f56894,U,60,
0x7100f5690c,U,20,
0x7100f56960,U,144,
0x7100f56a70,U,304,
0x7100f56ba0,U,364,
0x7100f56d0c,U,60,
0x7100f56d84,U,20,
0x7100f56dd8,U,144,
0x7100f56ee8,U,304,
0x7100f57018,U,364,
0x7100f57184,U,96,
0x7100f5721c,U,20,
0x7100f5727c,U,364,
0x7100f573e8,U,96,
0x7100f57480,U,20,
0x7100f574e0,U,364,
0x7100f5764c,U,96,
0x7100f576e4,U,20,
0x7100f57744,U,364,
0x7100f578b0,U,96,
0x7100f57948,U,20,
0x7100f579a8,U,368,
0x7100f57b18,U,104,
0x7100f57bb8,U,20,
0x7100f57c18,U,368,
0x7100f57d88,U,104,
0x7100f57e28,U,20,
0x7100f57e88,U,364,
0x7100f57ff4,U,60,
0x7100f5806c,U,20,
0x7100f580c0,U,144,
0x7100f581d0,U,304,
0x7100f58300,U,364,
0x7100f5846c,U,60,
0x7100f584e4,U,20,
0x7100f58538,U,144,
0x7100f58648,U,304,
0x7100f58778,U,364,
0x7100f588e4,U,96,
0x7100f5897c,U,20,
0x7100f589dc,U,364,
0x7100f58b48,U,96,
0x7100f58be0,U,20,
0x7100f58c40,U,364,
0x7100f58dac,U,96,
0x7100f58e44,U,20,
0x7100f58ea4,U,364,
0x7100f59010,U,96,
0x7100f590a8,U,20,
0x7100f59108,U,368,
0x7100f59278,U,104,
0x7100f59318,U,20,
0x7100f59378,U,368,
0x7100f594e8,U,104,
0x7100f59588,U,20,
0x7100f595e8,U,364,
0x7100f59754,U,60,
0x7100f597cc,U,20,
0x7100f59820,U,144,
0x7100f59930,U,304,
0x7100f59a60,U,364,
0x7100f59bcc,U,60,
0x7100f59c44,U,20,
0x7100f59c98,U,144,
0x7100f59da8,U,304,
0x7100f59ed8,U,364,
0x7100f5a044,U,96,
0x7100f5a0dc,U,20,
0x7100f5a13c,U,364,
0x7100f5a2a8,U,96,
0x7100f5a340,U,20,
0x7100f5a3a0,U,364,
0x7100f5a50c,U,96,
0x7100f5a5a4,U,20,
0x7100f5a604,U,364,
0x7100f5a770,U,96,
0x7100f5a808,U,20,
0x7100f5a868,U,364,
0x7100f5a9d4,U,64,
0x7100f5aa44,U,20,
0x7100f5aaa4,U,364,
0x7100f5ac10,U,64,
0x7100f5ac80,U,20,
0x7100f5ace0,U,364,
0x7100f5ae4c,U,60,
0x7100f5aeb8,U,20,
0x7100f5aef8,U,136,
0x7100f5aff0,U,292,
0x7100f5b114,U,364,
0x7100f5b280,U,60,
0x7100f5b2ec,U,20,
0x7100f5b32c,U,136,
0x7100f5b424,U,292,
0x7100f5b548,U,364,
0x7100f5b6b4,U,96,
0x7100f5b74c,U,20,
0x7100f5b7ac,U,364,
0x7100f5b918,U,96,
0x7100f5b9b0,U,20,
0x7100f5bb34,U,112,
0x7100f5bba4,U,112,
0x7100f5bc14,U,100,
0x7100f5c434,U,28,
0x7100f5c450,U,204,
0x7100f5c710,U,28,
0x7100f5cb64,U,144,
0x7100f5cbf4,U,296,
0x7100f5cd4c,U,388,
0x7100f5ced0,U,80,
0x7100f5cf20,U,96,
0x7100f5d098,U,144,
0x7100f5d138,U,80,
0x7100f5d188,U,96,
0x7100f5d270,U,256,
0x7100f5d3a4,U,492,
0x7100f5d590,U,492,
0x7100f5d8ec,U,172,
0x7100f5d998,U,360,
0x7100f5db00,U,452,
0x7100f5dcc4,U,412,
0x7100f5de60,U,636,
0x7100f5e0dc,U,980,
0x7100f5e4d0,U,232,
0x7100f5e7a0,U,100,
0x7100f5e998,U,28,
0x7100f5e9b4,U,204,
0x7100f5ec74,U,28,
0x7100f5ef08,U,144,
0x7100f5ef98,U,296,
0x7100f5f0f0,U,284,
0x7100f5f20c,U,80,
0x7100f5f25c,U,96,
0x7100f5f3d4,U,144,
0x7100f5f474,U,80,
0x7100f5f4c4,U,96,
0x7100f5f5ac,U,276,
0x7100f5f99c,U,172,
0x7100f5fa48,U,368,
0x7100f5fbb8,U,464,
0x7100f5fd88,U,420,
0x7100f5ff2c,U,652,
0x7100f601b8,U,1012,
0x7100f605d0,U,232,
0x7100f61074,U,28,
0x7100f61090,U,204,
0x7100f61350,U,28,
0x7100f615e4,U,144,
0x7100f61674,U,296,
0x7100f617cc,U,284,
0x7100f618e8,U,80,
0x7100f61938,U,96,
0x7100f61ab0,U,144,
0x7100f61b50,U,80,
0x7100f61ba0,U,96,
0x7100f61c88,U,276,
0x7100f62078,U,172,
0x7100f62124,U,368,
0x7100f62294,U,464,
0x7100f62464,U,420,
0x7100f62608,U,652,
0x7100f62894,U,1012,
0x7100f62cac,U,232,
0x7100f62f24,U,68,
0x7100f62f68,U,68,
0x7100f62fac,U,100,
0x7100f63364,U,28,
0x7100f63380,U,204,
0x7100f63640,U,28,
0x7100f639b4,U,144,
0x7100f63a44,U,296,
0x7100f63b9c,U,388,
0x7100f63d20,U,80,
0x7100f63d70,U,96,
0x7100f63ee8,U,144,
0x7100f63f88,U,80,
0x7100f63fd8,U,96,
0x7100f640c0,U,276,
0x7100f644b0,U,172,
0x7100f6455c,U,368,
0x7100f646cc,U,464,
0x7100f6489c,U,420,
0x7100f64a40,U,652,
0x7100f64ccc,U,1012,
0x7100f650e4,U,232,
0x7100f65400,U,108,
0x7100f6546c,U,108,
0x7100f654d8,U,100,
0x7100f655dc,U,100,
0x7100f656e0,U,100,
0x7100f65aa0,U,28,
0x7100f65abc,U,204,
0x7100f65d7c,U,28,
0x7100f660f0,U,144,
0x7100f66180,U,296,
0x7100f662d8,U,388,
0x7100f6645c,U,80,
0x7100f664ac,U,96,
0x7100f66624,U,144,
0x7100f666c4,U,80,
0x7100f66714,U,96,
0x7100f667fc,U,276,
0x7100f66bec,U,172,
0x7100f66c98,U,368,
0x7100f66e08,U,464,
0x7100f66fd8,U,420,
0x7100f6717c,U,652,
0x7100f67408,U,1012,
0x7100f67820,U,232,
0x7100f67b4c,U,92,
0x7100f67d2c,U,92,
0x7100f67f20,U,28,
0x7100f67f3c,U,204,
0x7100f681fc,U,28,
0x7100f68570,U,144,
0x7100f68600,U,296,
0x7100f68758,U,388,
0x7100f688dc,U,80,
0x7100f6892c,U,96,
0x7100f68aa4,U,144,
0x7100f68b44,U,80,
0x7100f68b94,U,96,
0x7100f68c7c,U,276,
0x7100f6906c,U,172,
0x7100f69118,U,368,
0x7100f69288,U,464,
0x7100f69458,U,420,
0x7100f695fc,U,652,
0x7100f69888,U,1012,
0x7100f69ca0,U,232,
0x7100f69f48,U,92,
0x7100f6a13c,U,28,
0x7100f6a158,U,204,
0x7100f6a418,U,28,
0x7100f6a6ac,U,144,
0x7100f6a73c,U,296,
0x7100f6a894,U,284,
0x7100f6a9b0,U,80,
0x7100f6aa00,U,96,
0x7100f6ab78,U,144,
0x7100f6ac18,U,80,
0x7100f6ac68,U,96,
0x7100f6ad50,U,276,
0x7100f6b140,U,172,
0x7100f6b1ec,U,368,
0x7100f6b35c,U,464,
0x7100f6b52c,U,420,
0x7100f6b6d0,U,652,
0x7100f6b95c,U,1012,
0x7100f6bd74,U,232,
0x7100f6c0b0,U,136,
0x7100f6c138,U,136,
0x7100f6c2a0,U,100,
0x7100f6ce40,U,28,
0x7100f6ce5c,U,208,
0x7100f6d140,U,28,
0x7100f6d764,U,144,
0x7100f6d7f4,U,304,
0x7100f6d954,U,396,
0x7100f6dae0,U,80,
0x7100f6db30,U,96,
0x7100f6dcb8,U,144,
0x7100f6dd58,U,80,
0x7100f6dda8,U,96,
0x7100f6de90,U,284,
0x7100f6dfe8,U,516,
0x7100f6e1ec,U,516,
0x7100f6e560,U,172,
0x7100f6e60c,U,376,
0x7100f6e784,U,480,
0x7100f6e964,U,428,
0x7100f6eb10,U,680,
0x7100f6edb8,U,1052,
0x7100f6f1f8,U,232,
0x7100f6f3f4,U,176,
0x7100f6f514,U,104,
0x7100f6f57c,U,152,
0x7100f6f874,U,180,
0x7100f6fa28,U,28,
0x7100f6fa44,U,204,
0x7100f6fd04,U,28,
0x7100f6ff98,U,144,
0x7100f70028,U,296,
0x7100f70180,U,284,
0x7100f7029c,U,80,
0x7100f702ec,U,96,
0x7100f70464,U,144,
0x7100f70504,U,80,
0x7100f70554,U,96,
0x7100f7063c,U,276,
0x7100f70a2c,U,172,
0x7100f70ad8,U,368,
0x7100f70c48,U,464,
0x7100f70e18,U,420,
0x7100f70fbc,U,652,
0x7100f71248,U,1012,
0x7100f71660,U,232,
0x7100f71b8c,U,28,
0x7100f71ba8,U,212,
0x7100f71e70,U,28,
0x7100f72104,U,144,
0x7100f72194,U,296,
0x7100f722ec,U,284,
0x7100f72408,U,80,
0x7100f72458,U,96,
0x7100f725d0,U,144,
0x7100f72670,U,80,
0x7100f726c0,U,96,
0x7100f727a8,U,276,
0x7100f72b98,U,172,
0x7100f72c44,U,368,
0x7100f72db4,U,464,
0x7100f72f84,U,420,
0x7100f73128,U,652,
0x7100f733b4,U,1012,
0x7100f737cc,U,232,
0x7100f73a84,U,88,
0x7100f73adc,U,88,
0x7100f74074,U,100,
0x7100f7434c,U,28,
0x7100f74368,U,212,
0x7100f74630,U,28,
0x7100f748c4,U,144,
0x7100f74954,U,296,
0x7100f74aac,U,284,
0x7100f74bc8,U,80,
0x7100f74c18,U,96,
0x7100f74d90,U,144,
0x7100f74e30,U,80,
0x7100f74e80,U,96,
0x7100f74f68,U,276,
0x7100f75358,U,172,
0x7100f75404,U,368,
0x7100f75574,U,464,
0x7100f75744,U,420,
0x7100f758e8,U,652,
0x7100f75b74,U,1012,
0x7100f75f8c,U,232,
0x7100f7656c,U,28,
0x7100f76588,U,212,
0x7100f76850,U,28,
0x7100f76ae4,U,144,
0x7100f76b74,U,296,
0x7100f76ccc,U,284,
0x7100f76de8,U,80,
0x7100f76e38,U,96,
0x7100f76fb0,U,144,
0x7100f77050,U,80,
0x7100f770a0,U,96,
0x7100f77188,U,276,
0x7100f77578,U,172,
0x7100f77624,U,368,
0x7100f77794,U,464,
0x7100f77964,U,420,
0x7100f77b08,U,652,
0x7100f77d94,U,1012,
0x7100f781ac,U,232,
0x7100f783c0,U,20,
0x7100f783dc,U,20,
0x7100f783f0,U,68,
0x7100f78ca8,U,136,
0x7100f78d30,U,264,
0x7100f78e68,U,404,
0x7100f78ffc,U,80,
0x7100f79120,U,136,
0x7100f791b8,U,80,
0x7100f79248,U,204,
0x7100f79314,U,268,
0x7100f79420,U,268,
0x7100f795b8,U,108,
0x7100f79624,U,108,
0x7100f796b8,U,376,
0x7100f79844,U,184,
0x7100f798fc,U,180,
0x7100f799b0,U,512,
0x7100f79bb0,U,516,
0x7100f79db4,U,516,
0x7100f79fb8,U,516,
0x7100f7a1bc,U,516,
0x7100f7a3c0,U,516,
0x7100f7a5c4,U,516,
0x7100f7a7c8,U,528,
0x7100f7a9d8,U,516,
0x7100f7abdc,U,520,
0x7100f7ade4,U,520,
0x7100f7afec,U,520,
0x7100f7de20,U,140,
0x7100f7e108,U,388,
0x7100f7e28c,U,220,
0x7100f7e368,U,220,
0x7100f7e444,U,220,
0x7100f7e520,U,220,
0x7100f7e980,U,388,
0x7100f7eb04,U,220,
0x7100f7ef64,U,388,
0x7100f7f0e8,U,220,
0x7100f7f1c4,U,500,
0x7100f7f3b8,U,220,
0x7100f7f494,U,220,
0x7100f7fbb4,U,388,
0x7100f7fd38,U,380,
0x7100f7feb4,U,220,
0x7100f7ff90,U,220,
0x7100f8006c,U,220,
0x7100f80148,U,220,
0x7100f805a8,U,388,
0x7100f8072c,U,220,
0x7100f80b8c,U,388,
0x7100f80d10,U,220,
0x7100f80dec,U,468,
0x7100f80fc0,U,364,
0x7100f8112c,U,96,
0x7100f811c4,U,20,
0x7100f81224,U,364,
0x7100f81390,U,96,
0x7100f81428,U,20,
0x7100f81488,U,364,
0x7100f815f4,U,96,
0x7100f8168c,U,20,
0x7100f816ec,U,364,
0x7100f81858,U,96,
0x7100f818f0,U,20,
0x7100f81950,U,364,
0x7100f81abc,U,60,
0x7100f81b34,U,20,
0x7100f81b88,U,144,
0x7100f81c98,U,304,
0x7100f81dc8,U,364,
0x7100f81f34,U,60,
0x7100f81fac,U,20,
0x7100f82000,U,144,
0x7100f82110,U,304,
0x7100f82240,U,364,
0x7100f823ac,U,96,
0x7100f82444,U,20,
0x7100f824a4,U,364,
0x7100f82610,U,96,
0x7100f826a8,U,20,
0x7100f82708,U,364,
0x7100f82874,U,96,
0x7100f8290c,U,20,
0x7100f8296c,U,364,
0x7100f82ad8,U,96,
0x7100f82b70,U,20,
0x7100f82bd0,U,364,
0x7100f82d3c,U,64,
0x7100f82dac,U,20,
0x7100f82e0c,U,364,
0x7100f82f78,U,64,
0x7100f82fe8,U,20,
0x7100f83048,U,364,
0x7100f831b4,U,60,
0x7100f83220,U,20,
0x7100f83260,U,136,
0x7100f83358,U,292,
0x7100f8347c,U,364,
0x7100f835e8,U,60,
0x7100f83654,U,20,
0x7100f83694,U,136,
0x7100f8378c,U,292,
0x7100f838d0,U,208,
0x7100f83d2c,U,144,
0x7100f83dbc,U,296,
0x7100f83f14,U,388,
0x7100f84098,U,80,
0x7100f84238,U,144,
0x7100f842d8,U,80,
0x7100f843e8,U,256,
0x7100f847bc,U,172,
0x7100f84868,U,360,
0x7100f849d0,U,452,
0x7100f84b94,U,412,
0x7100f84d30,U,636,
0x7100f84fac,U,980,
0x7100f85380,U,816,
0x7100f856d0,U,232,
0x7100f85a78,U,224,
0x7100f85b58,U,208,
0x7100f85c28,U,252,
0x7100f85d24,U,476,
0x7100f85f00,U,288,
0x7100f86020,U,304,
0x7100f86150,U,260,
0x7100f86254,U,244,
0x7100f86348,U,456,
0x7100f86510,U,64,
0x7100f86550,U,256,
0x7100f866fc,U,136,
0x7100f86784,U,264,
0x7100f868bc,U,380,
0x7100f86a38,U,404,
0x7100f86bcc,U,80,
0x7100f86c88,U,136,
0x7100f86d20,U,368,
0x7100f86e90,U,80,
0x7100f86f20,U,204,
0x7100f86fec,U,340,
0x7100f87268,U,108,
0x7100f872d4,U,108,
0x7100f87368,U,280,
0x7100f87480,U,376,
0x7100f8760c,U,184,
0x7100f876c4,U,180,
0x7100f87e50,U,3540,
0x7100f88c24,U,352,
0x7100f88d84,U,384,
0x7100f88f04,U,376,
0x7100f8907c,U,384,
0x7100f891fc,U,376,
0x7100f89374,U,220,
0x7100f89450,U,552,
0x7100f89678,U,416,
0x7100f89818,U,400,
0x7100f899a8,U,700,
0x7100f89c64,U,480,
0x7100f89e44,U,404,
0x7100f89fd8,U,376,
0x7100f8a150,U,364,
0x7100f8a2bc,U,96,
0x7100f8a354,U,20,
0x7100f8a5e0,U,412,
0x7100f8a77c,U,256,
0x7100f8aa3c,U,412,
0x7100f8abd8,U,244,
0x7100f8ae80,U,140,
0x7100f8b1d8,U,388,
0x7100f8b35c,U,220,
0x7100f8b438,U,220,
0x7100f8c0f0,U,388,
0x7100f8c274,U,380,
0x7100f8c3f0,U,380,
0x7100f8c56c,U,384,
0x7100f8c6ec,U,376,
0x7100f8c864,U,220,
0x7100f8c940,U,220,
0x7100f8ca1c,U,220,
0x7100f8ce7c,U,388,
0x7100f8d000,U,220,
0x7100f8d460,U,388,
0x7100f8d5e4,U,220,
0x7100f8d6c0,U,468,
0x7100f8d894,U,220,
0x7100f8d970,U,220,
0x7100f8da4c,U,312,
0x7100f8db84,U,284,
0x7100f8dca0,U,1292,
0x7100f8e1ac,U,1244,
0x7100f8e688,U,624,
0x7100f8e8f8,U,600,
0x7100f8eb50,U,660,
0x7100f8ede4,U,456,
0x7100f8efac,U,364,
0x7100f8f118,U,96,
0x7100f8f1b0,U,20,
0x7100f8f210,U,364,
0x7100f8f37c,U,96,
0x7100f8f414,U,20,
0x7100f8f474,U,364,
0x7100f8f5e0,U,96,
0x7100f8f678,U,20,
0x7100f8f6d8,U,364,
0x7100f8f844,U,64,
0x7100f8f8b4,U,20,
0x7100f8f914,U,364,
0x7100f8fa80,U,64,
0x7100f8faf0,U,20,
0x7100f8fb50,U,364,
0x7100f8fcbc,U,60,
0x7100f8fd28,U,20,
0x7100f8fd68,U,200,
0x7100f8fea0,U,420,
0x7100f90044,U,364,
0x7100f901b0,U,60,
0x7100f9021c,U,20,
0x7100f9025c,U,200,
0x7100f90394,U,420,
0x7100f90538,U,364,
0x7100f906a4,U,96,
0x7100f9073c,U,20,
0x7100f9079c,U,364,
0x7100f90908,U,96,
0x7100f909a0,U,20,
0x7100f90a20,U,180,
0x7100f90b44,U,104,
0x7100f90d2c,U,20,
0x7100f90d48,U,20,
0x7100f90d5c,U,696,
0x7100f91014,U,64,
0x7100f91054,U,256,
0x7100f91154,U,68,
0x7100f91198,U,256,
0x7100f91438,U,412,
0x7100f916cc,U,200,
0x7100f917f4,U,392,
0x7100f9197c,U,592,
0x7100f91bcc,U,80,
0x7100f91d54,U,200,
0x7100f91e2c,U,80,
0x7100f923d0,U,244,
0x7100f92a44,U,1836,
0x7100f93170,U,352,
0x7100f932d0,U,384,
0x7100f93450,U,376,
0x7100f935c8,U,220,
0x7100f936a4,U,220,
0x7100f93780,U,220,
0x7100f93be0,U,388,
0x7100f93d64,U,220,
0x7100f941c4,U,388,
0x7100f94348,U,220,
0x7100f94424,U,468,
0x7100f945f8,U,220,
0x7100f946d4,U,220,
0x7100f947b0,U,504,
0x7100f949a8,U,204,
0x7100f94a74,U,112,
0x7100f94ae4,U,552,
0x7100f94d0c,U,376,
0x7100f94e84,U,364,
0x7100f94ff0,U,96,
0x7100f95088,U,20,
0x7100f950e8,U,364,
0x7100f95254,U,64,
0x7100f952c4,U,20,
0x7100f95324,U,364,
0x7100f95490,U,64,
0x7100f95500,U,20,
0x7100f95560,U,364,
0x7100f956cc,U,60,
0x7100f95738,U,20,
0x7100f95778,U,136,
0x7100f95870,U,292,
0x7100f95994,U,364,
0x7100f95b00,U,60,
0x7100f95b6c,U,20,
0x7100f95bac,U,136,
0x7100f95ca4,U,292,
0x7100f95dc8,U,364,
0x7100f95f34,U,96,
0x7100f95fcc,U,20,
0x7100f9602c,U,364,
0x7100f96198,U,96,
0x7100f96230,U,20,
0x7100f962b0,U,276,
0x7100f963c4,U,4,
0x7100f963c8,U,208,
0x7100f96608,U,412,
0x7100f96854,U,136,
0x7100f968dc,U,264,
0x7100f96a14,U,404,
0x7100f96ba8,U,80,
0x7100f96ccc,U,136,
0x7100f96d64,U,80,
0x7100f96df4,U,204,
0x7100f96ec0,U,264,
0x7100f96fc8,U,264,
0x7100f9715c,U,108,
0x7100f971c8,U,108,
0x7100f97270,U,184,
0x7100f97328,U,180,
0x7100f977ec,U,240,
0x7100f978e0,U,388,
0x7100f97a78,U,28,
0x7100f97a94,U,188,
0x7100f97bdc,U,136,
0x7100f97c64,U,136,
0x7100f97cf0,U,160,
0x7100f97d90,U,468,
0x7100f97f64,U,168,
0x7100f9800c,U,136,
0x7100f98094,U,148,
0x7100f98128,U,116,
0x7100f9819c,U,168,
0x7100f98244,U,300,
0x7100f98370,U,160,
0x7100f98410,U,156,
0x7100f984ac,U,300,
0x7100f985d8,U,240,
0x7100f986c8,U,116,
0x7100f9873c,U,116,
0x7100f987b0,U,20,
0x7100f987c4,U,88,
0x7100f9881c,U,104,
0x7100f98884,U,116,
0x7100f988f8,U,80,
0x7100f98948,U,80,
0x7100f98998,U,88,
0x7100f989f0,U,820,
0x7100f98d24,U,160,
0x7100f98dc4,U,160,
0x7100f98e64,U,88,
0x7100f98ebc,U,88,
0x7100f98f14,U,20,
0x7100f98f28,U,88,
0x7100f98f80,U,88,
0x7100f98fd8,U,88,
0x7100f99030,U,88,
0x7100f99088,U,88,
0x7100f990e0,U,124,
0x7100f9915c,U,88,
0x7100f991b4,U,112,
0x7100f99224,U,3948,
0x7100f9a190,U,316,
0x7100f9a2cc,U,316,
0x7100f9a408,U,344,
0x7100f9a560,U,376,
0x7100f9a6d8,U,364,
0x7100f9a844,U,1052,
0x7100f9ac60,U,324,
0x7100f9ada4,U,328,
0x7100f9aeec,U,332,
0x7100f9b038,U,312,
0x7100f9b170,U,292,
0x7100f9b2a0,U,140,
0x7100f9ba58,U,352,
0x7100f9bbb8,U,384,
0x7100f9bd38,U,376,
0x7100f9beb0,U,220,
0x7100f9bf8c,U,504,
0x7100f9c184,U,204,
0x7100f9c250,U,112,
0x7100f9c2c0,U,496,
0x7100f9c4b0,U,364,
0x7100f9c61c,U,96,
0x7100f9c6b4,U,20,
0x7100f9c734,U,276,
0x7100f9c848,U,4,
0x7100f9c84c,U,208,
0x7100f9ca8c,U,412,
0x7100f9cde8,U,1244,
0x7100f9d2c4,U,380,
0x7100f9d440,U,380,
0x7100f9d5bc,U,516,
0x7100f9d7c0,U,220,
0x7100f9d89c,U,220,
0x7100f9dcfc,U,388,
0x7100f9de80,U,220,
0x7100f9e2e0,U,388,
0x7100f9e464,U,220,
0x7100f9e540,U,480,
0x7100f9e720,U,220,
0x7100f9e7fc,U,108,
0x7100f9e870,U,260,
0x7100f9e980,U,260,
0x7100f9ea90,U,260,
0x7100f9eba0,U,260,
0x7100f9eca4,U,96,
0x7100f9ed64,U,20,
0x7100f9edcc,U,76,
0x7100f9ee18,U,360,
0x7100f9ef80,U,88,
0x7100f9f010,U,20,
0x7100f9f070,U,360,
0x7100f9f1d8,U,88,
0x7100f9f268,U,20,
0x7100f9f2c8,U,364,
0x7100f9f434,U,60,
0x7100f9f4ac,U,20,
0x7100f9f500,U,80,
0x7100f9f5d0,U,176,
0x7100f9f680,U,364,
0x7100f9f7ec,U,60,
0x7100f9f864,U,20,
0x7100f9f8b8,U,80,
0x7100f9f988,U,176,
0x7100f9fa38,U,364,
0x7100f9fba4,U,96,
0x7100f9fc3c,U,20,
0x7100fa006c,U,64,
0x7100fa00ac,U,256,
0x7100fa02a4,U,80,
0x7100fa032c,U,224,
0x7100fa040c,U,80,
0x7100fa045c,U,84,
0x7100fa0564,U,80,
0x7100fa05c4,U,80,
0x7100fa0614,U,84,
0x7100fa06f4,U,200,
0x7100fa07f0,U,640,
0x7100fa0bec,U,188,
0x7100fa0cc8,U,168,
0x7100fa1254,U,5196,
0x7100fa26a0,U,388,
0x7100fa2824,U,380,
0x7100fa29a0,U,380,
0x7100fa2b1c,U,380,
0x7100fa2c98,U,380,
0x7100fa2e14,U,380,
0x7100fa2f90,U,380,
0x7100fa310c,U,380,
0x7100fa3288,U,220,
0x7100fa3364,U,516,
0x7100fa3568,U,220,
0x7100fa3644,U,220,
0x7100fa3aa4,U,388,
0x7100fa3c28,U,220,
0x7100fa4088,U,388,
0x7100fa420c,U,220,
0x7100fa42e8,U,480,
0x7100fa44c8,U,220,
0x7100fa45a4,U,1472,
0x7100fa4b64,U,852,
0x7100fa4eb8,U,2276,
0x7100fa579c,U,480,
0x7100fa597c,U,672,
0x7100fa5c40,U,2172,
0x7100fa64bc,U,1176,
0x7100fa6954,U,380,
0x7100fa6ad0,U,620,
0x7100fa6d3c,U,364,
0x7100fa6ea8,U,96,
0x7100fa6f40,U,20,
0x7100fa6fa0,U,96,
0x7100fa7044,U,20,
0x7100fa70d8,U,360,
0x7100fa7240,U,88,
0x7100fa72d0,U,20,
0x7100fa7330,U,360,
0x7100fa7498,U,88,
0x7100fa7528,U,20,
0x7100fa7588,U,364,
0x7100fa76f4,U,60,
0x7100fa7734,U,112,
0x7100fa77c0,U,20,
0x7100fa7880,U,176,
0x7100fa7930,U,176,
0x7100fa79e0,U,364,
0x7100fa7b4c,U,60,
0x7100fa7b8c,U,112,
0x7100fa7c18,U,20,
0x7100fa7cd8,U,176,
0x7100fa7d88,U,176,
0x7100fa7e38,U,364,
0x7100fa7fa4,U,96,
0x7100fa803c,U,20,
0x7100fa8114,U,68,
0x7100fa8214,U,68,
0x7100fa8314,U,68,
0x7100fa8508,U,68,
0x7100fa88c4,U,80,
0x7100fa8914,U,84,
0x7100fa8a78,U,80,
0x7100fa8ac8,U,84,
0x7100fa8b24,U,100,
0x7100fa8dc0,U,144,
0x7100fa8f08,U,612,
0x7100fa916c,U,564,
0x7100fa93c0,U,260,
0x7100fa94c4,U,268,
0x7100fa95d0,U,1004,
0x7100fa99bc,U,2588,
0x7100faa3d8,U,1556,
0x7100faa9ec,U,1776,
0x7100fab0dc,U,176,
0x7100fab18c,U,420,
0x7100fab330,U,368,
0x7100fab4a0,U,920,
0x7100fab838,U,72,
0x7100fab880,U,484,
0x7100faba64,U,764,
0x7100fabd60,U,960,
0x7100fac120,U,436,
0x7100fac2d4,U,1348,
0x7100fac818,U,12,
0x7100fac824,U,476,
0x7100faca00,U,132,
0x7100faca84,U,132,
0x7100facb08,U,100,
0x7100facb6c,U,124,
0x7100facbe8,U,388,
0x7100faced0,U,52,
0x7100facf04,U,440,
0x7100fad0bc,U,1456,
0x7100fad66c,U,68,
0x7100fad6b0,U,740,
0x7100fad994,U,56,
0x7100fad9d0,U,320,
0x7100fae6a4,U,220,
0x7100fae780,U,220,
0x7100faed64,U,220,
0x7100faf348,U,220,
0x7100faf424,U,500,
0x7100faf618,U,220,
0x7100faf6f4,U,220,
0x7100faf7d0,U,32,
0x7100faf820,U,360,
0x7100faf988,U,88,
0x7100fafa18,U,20,
0x7100fafa78,U,360,
0x7100fafbe0,U,88,
0x7100fafc70,U,20,
0x7100fafcd0,U,364,
0x7100fafe3c,U,60,
0x7100fafeb0,U,20,
0x7100faff00,U,128,
0x7100fb0000,U,272,
0x7100fb0110,U,364,
0x7100fb027c,U,60,
0x7100fb02f0,U,20,
0x7100fb0340,U,128,
0x7100fb0440,U,272,
0x7100fb0550,U,364,
0x7100fb06bc,U,96,
0x7100fb0754,U,20,
0x7100fb07b4,U,364,
0x7100fb0920,U,96,
0x7100fb09b8,U,20,
0x7100fb0b98,U,128,
0x7100fb0d68,U,272,
0x7100fb0e78,U,80,
0x7100fb0ec8,U,84,
0x7100fb1040,U,128,
0x7100fb10d0,U,80,
0x7100fb1120,U,84,
0x7100fb1288,U,140,
0x7100fb1334,U,1256,
0x7100fb1888,U,320,
0x7100fb19c8,U,276,
0x7100fb1af0,U,204,
0x7100fb3274,U,372,
0x7100fb33e8,U,380,
0x7100fb3564,U,180,
0x7100fb3618,U,376,
0x7100fb3790,U,380,
0x7100fb390c,U,516,
0x7100fb3b10,U,220,
0x7100fb3bec,U,220,
0x7100fb404c,U,388,
0x7100fb41d0,U,220,
0x7100fb4630,U,388,
0x7100fb47b4,U,220,
0x7100fb4890,U,480,
0x7100fb4a70,U,220,
0x7100fb4b4c,U,224,
0x7100fb4d74,U,284,
0x7100fb4e90,U,224,
0x7100fb4f70,U,232,
0x7100fb5058,U,424,
0x7100fb5200,U,332,
0x7100fb534c,U,128,
0x7100fb53cc,U,96,
0x7100fb5470,U,20,
0x7100fb5504,U,360,
0x7100fb566c,U,88,
0x7100fb56fc,U,20,
0x7100fb575c,U,360,
0x7100fb58c4,U,88,
0x7100fb5954,U,20,
0x7100fb59b4,U,364,
0x7100fb5b20,U,60,
0x7100fb5b60,U,112,
0x7100fb5bec,U,20,
0x7100fb5cac,U,176,
0x7100fb5d5c,U,176,
0x7100fb5e0c,U,364,
0x7100fb5f78,U,60,
0x7100fb5fb8,U,112,
0x7100fb6044,U,20,
0x7100fb6104,U,176,
0x7100fb61b4,U,176,
0x7100fb6264,U,364,
0x7100fb63d0,U,96,
0x7100fb6468,U,20,
0x7100fb6510,U,20,
0x7100fb6524,U,68,
0x7100fb69a8,U,80,
0x7100fb69f8,U,84,
0x7100fb6b5c,U,80,
0x7100fb6bac,U,84,
0x7100fb6c08,U,100,
0x7100fb6ea4,U,144,
0x7100fb6fec,U,612,
0x7100fb7270,U,260,
0x7100fb7374,U,268,
0x7100fb7480,U,1024,
0x7100fb7880,U,140,
0x7100fb790c,U,264,
0x7100fb7a1c,U,2992,
0x7100fb85cc,U,1000,
0x7100fb89b4,U,428,
0x7100fb8b60,U,1820,
0x7100fb927c,U,532,
0x7100fb9490,U,68,
0x7100fb94d4,U,68,
0x7100fb9518,U,36,
0x7100fb953c,U,40,
0x7100fb9564,U,136,
0x7100fb99a0,U,532,
0x7100fba3f0,U,1160,
0x7100fbb670,U,100,
0x7100fbb9e0,U,196,
0x7100fbbaa4,U,312,
0x7100fbbbdc,U,412,
0x7100fbbd78,U,624,
0x7100fbbfe8,U,308,
0x7100fbc120,U,140,
0x7100fbc1ac,U,480,
0x7100fbc390,U,220,
0x7100fbc470,U,104,
0x7100fbc4e0,U,340,
0x7100fbc7d0,U,92,
0x7100fbc82c,U,92,
0x7100fbc910,U,360,
0x7100fbca78,U,88,
0x7100fbcb08,U,20,
0x7100fbcb70,U,388,
0x7100fbcf00,U,856,
0x7100fbd260,U,184,
0x7100fbd320,U,276,
0x7100fbd434,U,572,
0x7100fbd670,U,1964,
0x7100fbde70,U,96,
0x7100fbded0,U,72,
0x7100fbdf20,U,176,
0x7100fbdfd0,U,1448,
0x7100fbe580,U,556,
0x7100fbe7b0,U,1080,
0x7100fbebf0,U,1664,
0x7100fbf270,U,80,
0x7100fbf55c,U,284,
0x7100fbf8a0,U,36,
0x7100fbfca8,U,120,
0x7100fbfdd4,U,36,
0x7100fbfdf8,U,36,
0x7100fbfe1c,U,296,
0x7100fc01d0,U,412,
0x7100fc036c,U,220,
0x7100fc0448,U,360,
0x7100fc05b0,U,88,
0x7100fc0640,U,20,
0x7100fc0710,U,252,
0x7100fc0a80,U,1440,
0x7100fc1020,U,220,
0x7100fc10fc,U,360,
0x7100fc1264,U,88,
0x7100fc12bc,U,288,
0x7100fc140c,U,20,
0x7100fc1428,U,92,
0x7100fc1484,U,92,
0x7100fc1568,U,308,
0x7100fc16a0,U,304,
0x7100fc17d0,U,236,
0x7100fc18bc,U,272,
0x7100fc19cc,U,780,
0x7100fc1cd8,U,628,
0x7100fc1f4c,U,392,
0x7100fc20d4,U,260,
0x7100fc21e0,U,184,
0x7100fc22a0,U,548,
0x7100fc24d0,U,296,
0x7100fc2600,U,252,
0x7100fc2700,U,744,
0x7100fc29e8,U,848,
0x7100fc2d40,U,624,
0x7100fc2fb0,U,880,
0x7100fc3320,U,284,
0x7100fc3440,U,204,
0x7100fc3510,U,208,
0x7100fc35e0,U,100,
0x7100fc3644,U,72,
0x7100fc368c,U,72,
0x7100fc38e0,U,544,
0x7100fc3b00,U,448,
0x7100fc3cc0,U,1316,
0x7100fc41e4,U,720,
0x7100fc44b4,U,396,
0x7100fc4640,U,1268,
0x7100fc4b34,U,8408,
0x7100fc6c14,U,292,
0x7100fc6d38,U,212,
0x7100fc6e20,U,416,
0x7100fc6fc0,U,268,
0x7100fc70d0,U,220,
0x7100fc71ac,U,100,
0x7100fc7210,U,88,
0x7100fc7268,U,396,
0x7100fc73f4,U,268,
0x7100fc7500,U,688,
0x7100fc77b0,U,368,
0x7100fc7920,U,540,
0x7100fc7b3c,U,52,
0x7100fc7b70,U,8,
0x7100fc7b78,U,228,
0x7100fc7c5c,U,32,
0x7100fc7c7c,U,128,
0x7100fc7cfc,U,92,
0x7100fc7d58,U,48,
0x7100fc7d88,U,12,
0x7100fc7d94,U,332,
0x7100fc7ee0,U,140,
0x7100fc7f70,U,180,
0x7100fc8260,U,24,
0x7100fc87f0,U,244,
0x7100fc8aec,U,388,
0x7100fc8c70,U,380,
0x7100fc8dec,U,664,
0x7100fc9084,U,292,
0x7100fc91a8,U,104,
0x7100fc9210,U,340,
0x7100fc9364,U,1188,
0x7100fc9d78,U,224,
0x7100fc9e58,U,664,
0x7100fca0f0,U,848,
0x7100fca47c,U,212,
0x7100fca550,U,892,
0x7100fca8cc,U,784,
0x7100fcaed0,U,28,
0x7100fcb270,U,68,
0x7100fcb2d0,U,28,
0x7100fcb36c,U,136,
0x7100fcb3f4,U,188,
0x7100fcb4bc,U,68,
0x7100fcb618,U,604,
0x7100fcb874,U,712,
0x7100fcbb3c,U,316,
0x7100fcbce8,U,252,
0x7100fcbde4,U,352,
0x7100fcd380,U,912,
0x7100fcd710,U,224,
0x7100fcd7f0,U,836,
0x7100fcdb34,U,132,
0x7100fcdbb8,U,840,
0x7100fcdf00,U,652,
0x7100fce18c,U,512,
0x7100fce750,U,140,
0x7100fce7dc,U,144,
0x7100fce86c,U,172,
0x7100fce918,U,200,
0x7100fce9e0,U,84,
0x7100fcea5c,U,164,
0x7100fcebec,U,152,
0x7100fcec84,U,88,
0x7100fcecdc,U,84,
0x7100fcee0c,U,56,
0x7100fcee44,U,4,
0x7100fcee7c,U,164,
0x7100fcef60,U,140,
0x7100fcefec,U,144,
0x7100fcf07c,U,172,
0x7100fcf128,U,88,
0x7100fcf180,U,84,
0x7100fcf200,U,140,
0x7100fcf28c,U,144,
0x7100fcf31c,U,172,
0x7100fcf3c8,U,200,
0x7100fcf490,U,84,
0x7100fcf510,U,140,
0x7100fcf630,U,140,
0x7100fcf6bc,U,144,
0x7100fcf74c,U,172,
0x7100fcf7f8,U,200,
0x7100fcf8c0,U,84,
0x7100fcf940,U,140,
0x7100fcf9cc,U,144,
0x7100fcfa5c,U,172,
0x7100fcfb08,U,200,
0x7100fcfbd0,U,84,
0x7100fcfc50,U,140,
0x7100fcfcdc,U,312,
0x7100fcfe14,U,812,
0x7100fd0140,U,144,
0x7100fd01d0,U,148,
0x7100fd02fc,U,156,
0x7100fd0998,U,636,
0x7100fd0d40,U,308,
0x7100fd0e74,U,136,
0x7100fd0f34,U,264,
0x7100fd1040,U,140,
0x7100fd10cc,U,284,
0x7100fd11e8,U,624,
0x7100fd147c,U,624,
0x7100fd16ec,U,1004,
0x7100fd1ad8,U,196,
0x7100fd1bf0,U,140,
0x7100fd2a50,U,328,
0x7100fd2b98,U,384,
0x7100fd2d18,U,376,
0x7100fd2e90,U,384,
0x7100fd3010,U,376,
0x7100fd318c,U,244,
0x7100fd33a8,U,388,
0x7100fd352c,U,696,
0x7100fd3804,U,1900,
0x7100fd3f70,U,700,
0x7100fd422c,U,240,
0x7100fd431c,U,240,
0x7100fd4430,U,276,
0x7100fd4544,U,2164,
0x7100fd4db8,U,1000,
0x7100fd51a0,U,424,
0x7100fd5348,U,380,
0x7100fd54c4,U,1484,
0x7100fd5a90,U,384,
0x7100fd5c10,U,364,
0x7100fd5d7c,U,336,
0x7100fd5ecc,U,624,
0x7100fd613c,U,460,
0x7100fd6308,U,168,
0x7100fd63b0,U,136,
0x7100fd6438,U,2856,
0x7100fd6f60,U,20,
0x7100fd6f74,U,1072,
0x7100fd73a4,U,816,
0x7100fd76d4,U,1060,
0x7100fd7af8,U,68,
0x7100fd7b3c,U,8,
0x7100fd7b44,U,248,
0x7100fd7c3c,U,1696,
0x7100fd8404,U,796,
0x7100fd8720,U,832,
0x7100fd8a60,U,1336,
0x7100fd8f98,U,320,
0x7100fd90d8,U,1260,
0x7100fd95c4,U,1244,
0x7100fd9aa0,U,344,
0x7100fd9bf8,U,8,
0x7100fd9c00,U,384,
0x7100fd9d80,U,276,
0x7100fd9e94,U,8,
0x7100fd9e9c,U,384,
0x7100fda020,U,1284,
0x7100fda750,U,3820,
0x7100fdb640,U,340,
0x7100fdb794,U,292,
0x7100fdb8b8,U,296,
0x7100fdb9e0,U,80,
0x7100fdba30,U,416,
0x7100fdbbd0,U,436,
0x7100fdbd84,U,12,
0x7100fdbd90,U,8,
0x7100fdbd98,U,1580,
0x7100fdc3c4,U,164,
0x7100fdc468,U,152,
0x7100fdc500,U,152,
0x7100fdc598,U,584,
0x7100fdc7e0,U,584,
0x7100fdca28,U,96,
0x7100fdca88,U,704,
0x7100fdcd48,U,484,
0x7100fdcf2c,U,804,
0x7100fdd250,U,100,
0x7100fdd2b4,U,500,
0x7100fdd4bc,U,28,
0x7100fdd4fc,U,404,
0x7100fdd870,U,256,
0x7100fddb30,U,244,
0x7100fddc34,U,28,
0x7100fddcb4,U,612,
0x7100fddf18,U,296,
0x7100fde040,U,564,
0x7100fde274,U,152,
0x7100fde39c,U,112,
0x7100fde4d8,U,228,
0x7100fde5bc,U,264,
0x7100fde6c4,U,288,
0x7100fdeaa4,U,1004,
0x7100fdee90,U,384,
0x7100fdf21c,U,384,
0x7100fdf788,U,384,
0x7100fdfc94,U,384,
0x7100fdffc0,U,384,
0x7100fe04cc,U,384,
0x7100fe1028,U,40,
0x7100fe1050,U,20,
0x7100fe119c,U,492,
0x7100fe1388,U,388,
0x7100fe150c,U,220,
0x7100fe15e8,U,220,
0x7100fe16c4,U,220,
0x7100fe17a0,U,220,
0x7100fe1c00,U,388,
0x7100fe1d84,U,220,
0x7100fe21e4,U,388,
0x7100fe2368,U,220,
0x7100fe2444,U,500,
0x7100fe2638,U,220,
0x7100fe2714,U,220,
0x7100fe2c7c,U,388,
0x7100fe2e00,U,220,
0x7100fe2edc,U,220,
0x7100fe2fb8,U,220,
0x7100fe3094,U,220,
0x7100fe34f4,U,388,
0x7100fe3678,U,220,
0x7100fe3ad8,U,388,
0x7100fe3c5c,U,220,
0x7100fe3d38,U,500,
0x7100fe3f2c,U,220,
0x7100fe4008,U,220,
0x7100fe41f0,U,388,
0x7100fe4374,U,220,
0x7100fe4450,U,220,
0x7100fe452c,U,220,
0x7100fe4608,U,220,
0x7100fe4a68,U,388,
0x7100fe4bec,U,220,
0x7100fe504c,U,388,
0x7100fe51d0,U,220,
0x7100fe52ac,U,500,
0x7100fe54a0,U,220,
0x7100fe557c,U,220,
0x7100fe58d4,U,388,
0x7100fe5a58,U,380,
0x7100fe5bd4,U,220,
0x7100fe5cb0,U,220,
0x7100fe5d8c,U,220,
0x7100fe5e68,U,220,
0x7100fe62c8,U,388,
0x7100fe644c,U,220,
0x7100fe68ac,U,388,
0x7100fe6a30,U,220,
0x7100fe6b0c,U,468,
0x7100fe6ce0,U,220,
0x7100fe6dbc,U,220,
0x7100fe6fa4,U,388,
0x7100fe7128,U,220,
0x7100fe7204,U,220,
0x7100fe72e0,U,220,
0x7100fe73bc,U,220,
0x7100fe781c,U,388,
0x7100fe79a0,U,220,
0x7100fe7e00,U,388,
0x7100fe7f84,U,220,
0x7100fe8060,U,500,
0x7100fe8254,U,220,
0x7100fe8330,U,220,
0x7100fe8518,U,388,
0x7100fe869c,U,220,
0x7100fe8778,U,220,
0x7100fe8854,U,220,
0x7100fe8930,U,220,
0x7100fe8d90,U,388,
0x7100fe8f14,U,220,
0x7100fe9374,U,388,
0x7100fe94f8,U,220,
0x7100fe95d4,U,468,
0x7100fe97a8,U,220,
0x7100fe9884,U,220,
0x7100fea094,U,388,
0x7100fea218,U,384,
0x7100fea398,U,376,
0x7100fea510,U,220,
0x7100fea5ec,U,220,
0x7100fea6c8,U,220,
0x7100fea7a4,U,220,
0x7100feac04,U,388,
0x7100fead88,U,220,
0x7100feb1e8,U,388,
0x7100feb36c,U,220,
0x7100feb448,U,468,
0x7100feb61c,U,220,
0x7100feb6f8,U,220,
0x7100febf08,U,388,
0x7100fec08c,U,384,
0x7100fec20c,U,376,
0x7100fec384,U,220,
0x7100fec460,U,220,
0x7100fec53c,U,220,
0x7100fec618,U,220,
0x7100feca78,U,388,
0x7100fecbfc,U,220,
0x7100fed05c,U,388,
0x7100fed1e0,U,220,
0x7100fed2bc,U,468,
0x7100fed490,U,220,
0x7100fed56c,U,220,
0x7100fed648,U,8,
0x7100fed650,U,124,
0x7100fed6cc,U,228,
0x7100fed7b0,U,556,
0x7100fed9dc,U,556,
0x7100fedc08,U,768,
0x7100fedf08,U,300,
0x7100fee034,U,292,
0x7100fee158,U,236,
0x7100fee244,U,788,
0x7100fee558,U,772,
0x7100fee85c,U,404,
0x7100fee9f0,U,404,
0x7100feeb84,U,648,
0x7100feee0c,U,404,
0x7100feefa0,U,376,
0x7100fef118,U,364,
0x7100fef284,U,96,
0x7100fef31c,U,20,
0x7100fef37c,U,364,
0x7100fef4e8,U,96,
0x7100fef580,U,20,
0x7100fef5e0,U,364,
0x7100fef74c,U,96,
0x7100fef7e4,U,20,
0x7100fef844,U,364,
0x7100fef9b0,U,96,
0x7100fefa48,U,20,
0x7100fefaa8,U,364,
0x7100fefc14,U,60,
0x7100fefc8c,U,20,
0x7100fefce0,U,128,
0x7100fefde0,U,272,
0x7100fefef0,U,364,
0x7100ff005c,U,60,
0x7100ff00d4,U,20,
0x7100ff0128,U,128,
0x7100ff0228,U,272,
0x7100ff0338,U,364,
0x7100ff04a4,U,96,
0x7100ff053c,U,20,
0x7100ff059c,U,364,
0x7100ff0708,U,96,
0x7100ff07a0,U,20,
0x7100ff0800,U,364,
0x7100ff096c,U,96,
0x7100ff0a04,U,20,
0x7100ff0a64,U,364,
0x7100ff0bd0,U,96,
0x7100ff0c68,U,20,
0x7100ff0cc8,U,364,
0x7100ff0e34,U,96,
0x7100ff0ecc,U,20,
0x7100ff0f2c,U,364,
0x7100ff1098,U,96,
0x7100ff1130,U,20,
0x7100ff1190,U,364,
0x7100ff12fc,U,60,
0x7100ff1374,U,20,
0x7100ff1534,U,452,
0x7100ff16f8,U,364,
0x7100ff1864,U,60,
0x7100ff18dc,U,20,
0x7100ff1a9c,U,452,
0x7100ff1c60,U,364,
0x7100ff1dcc,U,96,
0x7100ff1e64,U,20,
0x7100ff1ec4,U,364,
0x7100ff2030,U,96,
0x7100ff20c8,U,20,
0x7100ff2128,U,364,
0x7100ff2294,U,96,
0x7100ff232c,U,20,
0x7100ff238c,U,364,
0x7100ff24f8,U,96,
0x7100ff2590,U,20,
0x7100ff25f0,U,364,
0x7100ff275c,U,96,
0x7100ff27f4,U,20,
0x7100ff2854,U,364,
0x7100ff29c0,U,96,
0x7100ff2a58,U,20,
0x7100ff2ab8,U,364,
0x7100ff2c24,U,60,
0x7100ff2cbc,U,20,
0x7100ff2df8,U,364,
0x7100ff2f64,U,60,
0x7100ff2ffc,U,20,
0x7100ff3138,U,364,
0x7100ff32a4,U,96,
0x7100ff333c,U,20,
0x7100ff339c,U,364,
0x7100ff3508,U,96,
0x7100ff35a0,U,20,
0x7100ff3600,U,364,
0x7100ff376c,U,96,
0x7100ff3804,U,20,
0x7100ff3864,U,364,
0x7100ff39d0,U,96,
0x7100ff3a68,U,20,
0x7100ff3ac8,U,364,
0x7100ff3c34,U,64,
0x7100ff3ca4,U,20,
0x7100ff3d04,U,364,
0x7100ff3e70,U,64,
0x7100ff3ee0,U,20,
0x7100ff3f40,U,364,
0x7100ff40ac,U,60,
0x7100ff4194,U,20,
0x7100ff4350,U,228,
0x7100ff4434,U,364,
0x7100ff45a0,U,60,
0x7100ff4688,U,20,
0x7100ff4844,U,228,
0x7100ff4928,U,364,
0x7100ff4a94,U,96,
0x7100ff4b2c,U,20,
0x7100ff4b8c,U,364,
0x7100ff4cf8,U,96,
0x7100ff4d90,U,20,
0x7100ff4df0,U,364,
0x7100ff4f5c,U,96,
0x7100ff4ff4,U,20,
0x7100ff5054,U,364,
0x7100ff51c0,U,96,
0x7100ff5258,U,20,
0x7100ff52b8,U,364,
0x7100ff5424,U,96,
0x7100ff54bc,U,20,
0x7100ff551c,U,364,
0x7100ff5688,U,96,
0x7100ff5720,U,20,
0x7100ff5780,U,364,
0x7100ff58ec,U,60,
0x7100ff592c,U,96,
0x7100ff59a8,U,20,
0x7100ff5a58,U,140,
0x7100ff5ae4,U,140,
0x7100ff5b70,U,244,
0x7100ff5c64,U,364,
0x7100ff5dd0,U,60,
0x7100ff5e10,U,96,
0x7100ff5e8c,U,20,
0x7100ff5f3c,U,140,
0x7100ff5fc8,U,140,
0x7100ff6054,U,244,
0x7100ff6148,U,364,
0x7100ff62b4,U,96,
0x7100ff634c,U,20,
0x7100ff63ac,U,364,
0x7100ff6518,U,96,
0x7100ff65b0,U,20,
0x7100ff6610,U,364,
0x7100ff677c,U,96,
0x7100ff6814,U,20,
0x7100ff6874,U,364,
0x7100ff69e0,U,96,
0x7100ff6a78,U,20,
0x7100ff6ad8,U,364,
0x7100ff6c44,U,64,
0x7100ff6cb4,U,20,
0x7100ff6d14,U,364,
0x7100ff6e80,U,64,
0x7100ff6ef0,U,20,
0x7100ff6f50,U,364,
0x7100ff70bc,U,60,
0x7100ff71a4,U,20,
0x7100ff7360,U,184,
0x7100ff7418,U,364,
0x7100ff7584,U,60,
0x7100ff766c,U,20,
0x7100ff7828,U,184,
0x7100ff78e0,U,364,
0x7100ff7a4c,U,96,
0x7100ff7ae4,U,20,
0x7100ff7b44,U,364,
0x7100ff7cb0,U,96,
0x7100ff7d48,U,20,
0x7100ff7da8,U,364,
0x7100ff7f14,U,96,
0x7100ff7fac,U,20,
0x7100ff800c,U,364,
0x7100ff8178,U,96,
0x7100ff8210,U,20,
0x7100ff8270,U,364,
0x7100ff83dc,U,64,
0x7100ff844c,U,20,
0x7100ff84ac,U,364,
0x7100ff8618,U,64,
0x7100ff8688,U,20,
0x7100ff86e8,U,364,
0x7100ff8854,U,60,
0x7100ff88c0,U,20,
0x7100ff8900,U,136,
0x7100ff89f8,U,292,
0x7100ff8b1c,U,364,
0x7100ff8c88,U,60,
0x7100ff8cf4,U,20,
0x7100ff8d34,U,136,
0x7100ff8e2c,U,292,
0x7100ff8f50,U,364,
0x7100ff90bc,U,96,
0x7100ff9154,U,20,
0x7100ff91b4,U,364,
0x7100ff9320,U,96,
0x7100ff93b8,U,20,
0x7100ff9418,U,364,
0x7100ff9584,U,96,
0x7100ff961c,U,20,
0x7100ff967c,U,364,
0x7100ff97e8,U,96,
0x7100ff9880,U,20,
0x7100ff98e0,U,364,
0x7100ff9a4c,U,64,
0x7100ff9abc,U,20,
0x7100ff9b1c,U,364,
0x7100ff9c88,U,64,
0x7100ff9cf8,U,20,
0x7100ff9d58,U,364,
0x7100ff9ec4,U,60,
0x7100ff9f30,U,20,
0x7100ff9f70,U,136,
0x7100ffa068,U,292,
0x7100ffa18c,U,364,
0x7100ffa2f8,U,60,
0x7100ffa364,U,20,
0x7100ffa3a4,U,136,
0x7100ffa49c,U,292,
0x7100ffa5c0,U,364,
0x7100ffa72c,U,96,
0x7100ffa7c4,U,20,
0x7100ffa824,U,364,
0x7100ffa990,U,96,
0x7100ffaa28,U,20,
0x7100ffaa88,U,372,
0x7100ffac1c,U,192,
0x7100ffad4c,U,104,
0x7100ffafc4,U,128,
0x7100ffb044,U,304,
0x7100ffb1a4,U,404,
0x7100ffb338,U,80,
0x7100ffb4a8,U,128,
0x7100ffb538,U,80,
0x7100ffb9d8,U,256,
0x7100ffbad8,U,396,
0x7100ffbc64,U,476,
0x7100ffbe40,U,432,
0x7100ffbff0,U,328,
0x7100ffc138,U,356,
0x7100ffc2c0,U,216,
0x7100ffc4f4,U,68,
0x7100ffc66c,U,84,
0x7100ffcaf8,U,584,
0x7100ffcd40,U,80,
0x7100ffcdf8,U,168,
0x7100ffcf9c,U,80,
0x7100ffd0a8,U,360,
0x7100ffd210,U,580,
0x7100ffd56c,U,116,
0x7100ffd5e0,U,616,
0x7100ffd848,U,640,
0x7100ffdac8,U,584,
0x7100ffdd34,U,296,
0x7100ffde5c,U,308,
0x7100ffe1f0,U,80,
0x7100ffe324,U,80,
0x7100ffe524,U,196,
0x7100ffe664,U,192,
0x7100ffead0,U,336,
0x7100ffec40,U,168,
0x7100ffece8,U,176,
0x7100ffedbc,U,80,
0x7100ffee68,U,148,
0x7100ffeefc,U,148,
0x7100fff068,U,68,
0x7100fff328,U,352,
0x7100fff488,U,720,
0x7100fff758,U,80,
0x7100fff928,U,80,
0x7100fffac4,U,212,
0x7100fffd7c,U,228,
0x7100fffe60,U,304,
0x7100ffff90,U,320,
0x71010000d0,U,300,
0x7101000300,U,132,
0x710100060c,U,232,
0x7101000724,U,404,
0x7101000c7c,U,80,
0x7101000f78,U,80,
0x710100140c,U,112,
0x710100147c,U,536,
0x7101001694,U,352,
0x71010017f4,U,340,
0x7101001948,U,832,
0x7101001c88,U,1028,
0x710100208c,U,716,
0x7101002358,U,212,
0x7101002450,U,408,
0x71010025e8,U,420,
0x71010027ac,U,220,
0x7101002998,U,112,
0x7101002a08,U,216,
0x7101002f24,U,736,
0x7101003204,U,80,
0x71010034a0,U,80,
0x710100363c,U,288,
0x710100375c,U,288,
0x7101003cd0,U,412,
0x7101003f1c,U,136,
0x7101004004,U,412,
0x71010041a0,U,488,
0x7101004388,U,80,
0x71010044ac,U,136,
0x7101004544,U,80,
0x71010045d4,U,204,
0x71010046a0,U,264,
0x71010047a8,U,264,
0x710100493c,U,256,
0x7101004a3c,U,148,
0x7101004b0c,U,360,
0x7101004e10,U,20,
0x7101004e2c,U,20,
0x7101004fb8,U,412,
0x7101005204,U,136,
0x710100528c,U,264,
0x71010053c4,U,404,
0x7101005558,U,80,
0x710100567c,U,136,
0x7101005714,U,80,
0x71010057a4,U,204,
0x7101005870,U,264,
0x7101005978,U,264,
0x7101005b0c,U,108,
0x7101005b78,U,108,
0x7101005c20,U,184,
0x7101005cd8,U,180,
0x7101005d8c,U,184,
0x7101005e44,U,392,
0x7101005fcc,U,320,
0x7101007bbc,U,52,
0x7101007bf0,U,4,
0x7101007c30,U,140,
0x7101007cbc,U,48,
0x7101007cec,U,4,
0x7101007d20,U,140,
0x7101007db0,U,244,
0x7101007ea4,U,37824,
0x7101011264,U,388,
0x71010113e8,U,380,
0x7101011564,U,380,
0x71010116e0,U,380,
0x710101185c,U,380,
0x71010119d8,U,380,
0x7101011b54,U,380,
0x7101011cd0,U,380,
0x7101011e4c,U,380,
0x7101011fc8,U,380,
0x7101012144,U,380,
0x71010122c0,U,380,
0x710101243c,U,380,
0x71010125b8,U,380,
0x7101012734,U,380,
0x71010128b0,U,380,
0x7101012a2c,U,380,
0x7101012ba8,U,380,
0x7101012d24,U,380,
0x7101012ea0,U,380,
0x710101301c,U,380,
0x7101013198,U,380,
0x7101013314,U,380,
0x7101013490,U,380,
0x710101360c,U,380,
0x7101013788,U,380,
0x7101013904,U,380,
0x7101013a80,U,380,
0x7101013bfc,U,380,
0x7101013d78,U,380,
0x7101013ef4,U,380,
0x7101014070,U,380,
0x71010141ec,U,380,
0x7101014368,U,380,
0x71010144e4,U,380,
0x7101014660,U,380,
0x71010147dc,U,380,
0x7101014958,U,380,
0x7101014ad4,U,380,
0x7101014c50,U,380,
0x7101014dcc,U,380,
0x7101014f48,U,380,
0x71010150c4,U,380,
0x7101015240,U,380,
0x71010153bc,U,380,
0x7101015538,U,380,
0x71010156b4,U,380,
0x7101015830,U,380,
0x71010159ac,U,380,
0x7101015b28,U,380,
0x7101015ca4,U,380,
0x7101015e20,U,380,
0x7101015f9c,U,380,
0x7101016118,U,380,
0x7101016294,U,380,
0x7101016410,U,380,
0x710101658c,U,380,
0x7101016708,U,380,
0x7101016884,U,380,
0x7101016a00,U,380,
0x7101016b7c,U,380,
0x7101016cf8,U,380,
0x7101016e74,U,380,
0x7101016ff0,U,380,
0x710101716c,U,380,
0x71010172e8,U,380,
0x7101017464,U,380,
0x71010175e0,U,380,
0x710101775c,U,380,
0x71010178d8,U,380,
0x7101017a54,U,380,
0x7101017bd0,U,380,
0x7101017d4c,U,380,
0x7101017ec8,U,380,
0x7101018044,U,696,
0x71010182fc,U,3676,
0x7101019158,U,4548,
0x710101a31c,U,28,
0x710101a36c,U,28,
0x710101e5c0,U,404,
0x710101e7d8,U,836,
0x710101eb1c,U,132,
0x710101eba0,U,840,
0x710101eee8,U,620,
0x710101f154,U,640,
0x710101f3d4,U,684,
0x710101fa40,U,140,
0x710101fb24,U,244,
0x710101fee0,U,372,
0x7101020058,U,240,
0x71010201dc,U,388,
0x7101020360,U,268,
0x710102046c,U,372,
0x71010205e0,U,220,
0x71010206c0,U,240,
0x7101020978,U,328,
0x7101020ac0,U,220,
0x7101020b9c,U,220,
0x7101020c78,U,220,
0x71010210d8,U,388,
0x710102125c,U,220,
0x71010216bc,U,388,
0x7101021840,U,220,
0x710102191c,U,504,
0x7101021b14,U,220,
0x7101021bf0,U,220,
0x7101022050,U,388,
0x71010221d4,U,516,
0x71010223d8,U,220,
0x7101022838,U,388,
0x71010229bc,U,220,
0x7101022a98,U,480,
0x7101022c78,U,220,
0x7101022f9c,U,816,
0x71010232cc,U,172,
0x71010233ec,U,164,
0x7101023544,U,164,
0x7101023e94,U,4,
0x7101023f04,U,824,
0x710102423c,U,620,
0x71010244a8,U,828,
0x71010247e4,U,836,
0x7101024b28,U,768,
0x7101024e28,U,740,
0x710102510c,U,768,
0x710102540c,U,340,
0x7101025560,U,524,
0x710102576c,U,448,
0x710102592c,U,16,
0x710102593c,U,16,
0x710102594c,U,16,
0x710102595c,U,24,
0x7101025974,U,16,
0x7101025984,U,16,
0x7101025994,U,28,
0x7101025a9c,U,244,
0x7101025b90,U,28,
0x7101025ccc,U,256,
0x7101025fd8,U,388,
0x710102615c,U,352,
0x71010262bc,U,104,
0x7101026368,U,20,
0x71010263fc,U,364,
0x7101026568,U,96,
0x7101026600,U,20,
0x7101026660,U,364,
0x71010267cc,U,96,
0x7101026864,U,20,
0x71010268c4,U,364,
0x7101026a30,U,96,
0x7101026ac8,U,20,
0x7101026b28,U,364,
0x7101026c94,U,60,
0x7101026d08,U,20,
0x7101026d54,U,136,
0x7101026ddc,U,172,
0x7101026f38,U,364,
0x71010270a4,U,60,
0x7101027118,U,20,
0x7101027164,U,136,
0x71010271ec,U,172,
0x7101027348,U,360,
0x71010274b0,U,88,
0x7101027540,U,20,
0x71010275a0,U,360,
0x7101027708,U,88,
0x7101027798,U,20,
0x71010277f8,U,96,
0x71010278b8,U,20,
0x7101027920,U,76,
0x710102796c,U,328,
0x7101027ab4,U,364,
0x7101027c20,U,60,
0x7101027c98,U,20,
0x7101027cec,U,80,
0x7101027dbc,U,176,
0x7101027e6c,U,364,
0x7101027fd8,U,60,
0x7101028050,U,20,
0x71010280a4,U,80,
0x7101028174,U,176,
0x7101028224,U,368,
0x7101028394,U,104,
0x7101028434,U,20,
0x7101028638,U,88,
0x7101028690,U,88,
0x71010286e8,U,236,
0x71010287d4,U,268,
0x71010288f0,U,28,
0x7101028988,U,244,
0x7101028aec,U,28,
0x7101028b08,U,136,
0x7101028d80,U,88,
0x7101028dd8,U,324,
0x7101028f30,U,28,
0x7101028fcc,U,136,
0x7101029054,U,264,
0x710102918c,U,380,
0x7101029308,U,404,
0x710102949c,U,80,
0x7101029558,U,136,
0x71010295f0,U,380,
0x710102976c,U,80,
0x71010297fc,U,244,
0x71010299f4,U,144,
0x7101029a84,U,144,
0x7101029bb0,U,304,
0x7101029d40,U,392,
0x7101029ec8,U,548,
0x710102a0ec,U,600,
0x710102a344,U,564,
0x710102a578,U,324,
0x710102a6bc,U,324,
0x710102a800,U,520,
0x710102aa2c,U,276,
0x710102ab40,U,292,
0x710102ad5c,U,80,
0x710102ade4,U,224,
0x710102aec4,U,80,
0x710102af14,U,84,
0x710102b01c,U,80,
0x710102b07c,U,80,
0x710102b0cc,U,84,
0x710102b1ac,U,200,
0x710102b2a8,U,640,
0x710102b6a4,U,188,
0x710102b780,U,168,
0x710102b8d8,U,624,
0x710102bb48,U,432,
0x710102bcf8,U,268,
0x710102be04,U,264,
0x710102bf0c,U,476,
0x710102c0e8,U,432,
0x710102c298,U,248,
0x710102c390,U,384,
0x710102cba4,U,936,
0x710102cf4c,U,388,
0x710102d0d0,U,372,
0x710102d244,U,220,
0x710102d320,U,220,
0x710102d8e0,U,388,
0x710102da64,U,380,
0x710102dbe0,U,380,
0x710102dd5c,U,220,
0x710102de38,U,220,
0x710102df18,U,244,
0x71010322e0,U,388,
0x7101032464,U,380,
0x71010325e0,U,380,
0x710103275c,U,372,
0x71010328d0,U,372,
0x7101032a44,U,372,
0x7101032bb8,U,372,
0x7101032d2c,U,372,
0x7101032ea0,U,380,
0x710103301c,U,380,
0x7101033198,U,380,
0x7101033314,U,380,
0x7101033490,U,380,
0x710103360c,U,380,
0x7101033788,U,380,
0x7101033904,U,380,
0x7101033a80,U,380,
0x7101033bfc,U,380,
0x7101033d78,U,380,
0x7101033ef4,U,380,
0x7101034070,U,380,
0x71010341ec,U,380,
0x7101034368,U,380,
0x71010344e4,U,380,
0x7101034660,U,380,
0x71010347dc,U,380,
0x7101034958,U,380,
0x7101034ad4,U,380,
0x7101034c50,U,380,
0x7101034dcc,U,380,
0x7101034f48,U,380,
0x71010350c4,U,380,
0x7101035240,U,380,
0x71010353bc,U,220,
0x7101035498,U,220,
0x7101035574,U,220,
0x7101035650,U,220,
0x7101035ab0,U,388,
0x7101035c34,U,220,
0x7101036094,U,388,
0x7101036218,U,220,
0x71010362f4,U,504,
0x71010364ec,U,220,
0x71010365c8,U,220,
0x71010366a4,U,664,
0x710103693c,U,352,
0x7101036a9c,U,920,
0x7101036e34,U,200,
0x7101036efc,U,152,
0x7101036fb8,U,804,
0x71010372dc,U,424,
0x7101037484,U,480,
0x7101037664,U,220,
0x7101037740,U,884,
0x7101037ab4,U,224,
0x7101037b98,U,20,
0x7101037bac,U,20,
0x7101037bc0,U,936,
0x7101037f68,U,28,
0x7101037f84,U,364,
0x71010380f0,U,96,
0x7101038188,U,20,
0x71010381e8,U,364,
0x7101038354,U,96,
0x71010383ec,U,20,
0x710103844c,U,364,
0x71010385b8,U,96,
0x7101038650,U,20,
0x71010386b0,U,364,
0x710103881c,U,96,
0x71010388b4,U,20,
0x7101038914,U,368,
0x7101038a84,U,104,
0x7101038b24,U,20,
0x7101038b84,U,368,
0x7101038cf4,U,104,
0x7101038d94,U,20,
0x7101038df4,U,364,
0x7101038f60,U,96,
0x7101038ff8,U,20,
0x7101039058,U,364,
0x71010391c4,U,96,
0x710103925c,U,20,
0x71010392bc,U,364,
0x7101039428,U,60,
0x7101039468,U,88,
0x71010394dc,U,20,
0x7101039588,U,144,
0x7101039618,U,144,
0x71010396a8,U,356,
0x710103980c,U,364,
0x7101039978,U,60,
0x71010399b8,U,88,
0x7101039a2c,U,20,
0x7101039ad8,U,144,
0x7101039b68,U,144,
0x7101039bf8,U,364,
0x7101039d64,U,96,
0x7101039dfc,U,20,
0x7101039e5c,U,364,
0x7101039fc8,U,96,
0x710103a060,U,20,
0x710103a0e0,U,108,
0x710103a1d0,U,64,
0x710103a240,U,468,
0x710103a414,U,448,
0x710103a65c,U,412,
0x710103a9d8,U,28,
0x710103aa44,U,68,
0x710103ab44,U,68,
0x710103acd4,U,72,
0x710103ad60,U,72,
0x710103adec,U,72,
0x710103ae78,U,72,
0x710103c01c,U,80,
0x710103c164,U,80,
0x710103c1f4,U,168,
0x710103c338,U,168,
0x710103c408,U,60,
0x710103c4e8,U,1260,
0x710103c9e8,U,200,
0x710103cab0,U,180,
0x710103d05c,U,1836,
0x710103d788,U,352,
0x710103d8e8,U,380,
0x710103da64,U,376,
0x710103dbdc,U,220,
0x710103dcb8,U,220,
0x710103dd94,U,220,
0x710103e1f4,U,388,
0x710103e378,U,220,
0x710103e7d8,U,388,
0x710103e95c,U,220,
0x710103ea38,U,464,
0x710103ec08,U,220,
0x710103ece4,U,220,
0x710103edc0,U,896,
0x710103f140,U,860,
0x710103f49c,U,872,
0x710103f804,U,376,
0x710103f97c,U,276,
0x710103fa90,U,236,
0x710103fb7c,U,268,
0x710103fc88,U,852,
0x710103ffdc,U,516,
0x71010401e0,U,272,
0x71010402f0,U,364,
0x710104045c,U,96,
0x71010404f4,U,20,
0x7101040554,U,360,
0x71010406bc,U,60,
0x7101040728,U,20,
0x7101040788,U,360,
0x71010408f0,U,60,
0x710104095c,U,20,
0x71010409bc,U,364,
0x7101040b28,U,60,
0x7101040b94,U,20,
0x7101040bd4,U,136,
0x7101040ccc,U,292,
0x7101040df0,U,364,
0x7101040f5c,U,60,
0x7101040fc8,U,20,
0x7101041008,U,136,
0x7101041100,U,292,
0x7101041224,U,364,
0x7101041390,U,96,
0x7101041428,U,20,
0x7101041488,U,364,
0x71010415f4,U,96,
0x710104168c,U,20,
0x710104170c,U,276,
0x7101041868,U,128,
0x7101041968,U,412,
0x7101041bb4,U,136,
0x7101041d34,U,352,
0x7101041e94,U,404,
0x7101042028,U,80,
0x7101042078,U,96,
0x7101042174,U,136,
0x710104220c,U,80,
0x710104225c,U,96,
0x71010422c4,U,204,
0x7101042390,U,268,
0x710104249c,U,268,
0x7101042680,U,108,
0x7101042728,U,184,
0x71010427e0,U,180,
0x7101042e70,U,260,
0x7101042f80,U,260,
0x7101043090,U,260,
0x71010431a0,U,260,
0x71010432b0,U,260,
0x71010433c0,U,260,
0x71010434d0,U,264,
0x71010435e0,U,164,
0x7101043688,U,244,
0x7101043780,U,388,
0x7101043904,U,48,
0x7101043934,U,100,
0x7101043a04,U,1392,
0x7101043f74,U,536,
0x710104418c,U,1624,
0x71010447f4,U,28,
0x7101044890,U,256,
0x7101044990,U,140,
0x7101044a20,U,140,
0x7101044c7c,U,360,
0x7101044de4,U,88,
0x7101044e3c,U,240,
0x71010453e4,U,352,
0x7101045544,U,376,
0x71010456bc,U,220,
0x7101045798,U,220,
0x7101045bf8,U,388,
0x7101045d7c,U,220,
0x7101045e58,U,220,
0x71010462b8,U,388,
0x710104643c,U,220,
0x7101046518,U,500,
0x710104670c,U,220,
0x7101046974,U,332,
0x7101046ac0,U,424,
0x7101046c68,U,240,
0x7101046d58,U,252,
0x7101046e78,U,496,
0x7101047068,U,272,
0x7101047178,U,144,
0x7101047208,U,104,
0x7101047270,U,112,
0x71010472e0,U,308,
0x7101047414,U,112,
0x7101047484,U,112,
0x71010474f4,U,220,
0x71010475d0,U,208,
0x71010476a0,U,336,
0x71010477f0,U,408,
0x7101047988,U,420,
0x7101047b2c,U,380,
0x7101047ca8,U,512,
0x7101047ea8,U,396,
0x7101048034,U,588,
0x71010482d4,U,332,
0x7101048420,U,360,
0x7101048588,U,308,
0x71010486bc,U,356,
0x7101048820,U,288,
0x7101048940,U,132,
0x71010467e8,U,704,
0x7101048af8,U,156,
0x7101048b94,U,316,
0x7101048cd0,U,28,
0x7101048cf4,U,360,
0x7101048e5c,U,88,
0x7101048eec,U,20,
0x7101048f4c,U,360,
0x71010490b4,U,88,
0x7101049144,U,20,
0x71010491a4,U,364,
0x7101049310,U,96,
0x71010493a8,U,20,
0x7101049408,U,364,
0x7101049574,U,60,
0x71010495e8,U,20,
0x7101049634,U,128,
0x71010496b4,U,164,
0x7101049800,U,364,
0x710104996c,U,60,
0x71010499e0,U,20,
0x7101049a2c,U,128,
0x7101049aac,U,164,
0x7101049bf8,U,364,
0x7101049d64,U,96,
0x7101049dfc,U,20,
0x7101049e7c,U,104,
0x7101049ee4,U,88,
0x7101049f7c,U,28,
0x710104a288,U,128,
0x710104a308,U,268,
0x710104a444,U,404,
0x710104a5d8,U,80,
0x710104a628,U,84,
0x710104a7c0,U,128,
0x710104a850,U,80,
0x710104a8a0,U,84,
0x710104a8fc,U,172,
0x710104ad74,U,196,
0x710104afb4,U,352,
0x710104b114,U,360,
0x710104b27c,U,356,
0x710104b400,U,152,
0x710104b498,U,168,
0x710104b540,U,252,
0x710104b640,U,2044,
0x710104be40,U,1016,
0x710104c238,U,88,
0x710104c290,U,240,
0x710104c414,U,388,
0x710104c598,U,220,
0x710104c674,U,220,
0x710104cae0,U,388,
0x710104cc64,U,220,
0x710104d0d0,U,388,
0x710104d254,U,220,
0x710104d330,U,504,
0x710104d52c,U,240,
0x710104d8a0,U,388,
0x710104da24,U,92,
0x710104da80,U,192,
0x710104db40,U,192,
0x710104dc00,U,140,
0x710104dc8c,U,320,
0x710104ddcc,U,176,
0x710104de7c,U,32,
0x710104de9c,U,108,
0x710104df08,U,368,
0x710104e078,U,104,
0x710104e118,U,20,
0x710104e178,U,368,
0x710104e2e8,U,104,
0x710104e388,U,20,
0x710104e3e8,U,364,
0x710104e554,U,60,
0x710104e5cc,U,20,
0x710104e620,U,128,
0x710104e720,U,272,
0x710104e830,U,364,
0x710104e99c,U,60,
0x710104ea14,U,20,
0x710104ea68,U,128,
0x710104eb68,U,272,
0x710104ec8c,U,28,
0x710104ee34,U,256,
0x710104efe8,U,128,
0x710104f068,U,296,
0x710104f1c0,U,384,
0x710104f340,U,80,
0x710104f390,U,88,
0x710104f4c0,U,128,
0x710104f550,U,80,
0x710104f5a0,U,88,
0x710104f9e4,U,256,
0x710104fae4,U,440,
0x710104fc9c,U,404,
0x710104fe30,U,308,
0x710104ff64,U,340,
0x71010500d8,U,216,
0x71010502a4,U,28,
0x71010502c0,U,176,
0x71010503d0,U,104,
0x7101050570,U,772,
0x7101050878,U,244,
0x7101050f30,U,388,
0x71010510b4,U,220,
0x7101051230,U,388,
0x71010513b4,U,380,
0x7101051530,U,152,
0x71010515c8,U,444,
0x7101051784,U,1804,
0x7101051e90,U,368,
0x7101052000,U,104,
0x7101052068,U,288,
0x71010521b8,U,20,
0x71010521d4,U,92,
0x7101052230,U,92,
0x7101052314,U,308,
0x71010524c0,U,336,
0x7101052620,U,28,
0x7101052704,U,252,
0x710105287c,U,200,
0x7101052954,U,76,
0x71010529a0,U,144,
0x7101052a30,U,572,
0x7101052c6c,U,224,
0x7101052d4c,U,224,
0x7101052e7c,U,236,
0x7101052fd4,U,252,
0x710105312c,U,412,
0x7101053650,U,464,
0x7101053820,U,28,
0x710105383c,U,20,
0x7101053850,U,280,
0x7101053968,U,164,
0x7101053a0c,U,16,
0x7101053a1c,U,88,
0x7101053a74,U,8,
0x7101053a7c,U,28,
0x7101053a98,U,12,
0x7101053aa4,U,368,
0x7101053c14,U,348,
0x7101053d70,U,180,
0x710105402c,U,388,
0x71010541b0,U,380,
0x7101054330,U,244,
0x710105498c,U,388,
0x7101054b10,U,380,
0x7101054c90,U,244,
0x71010559b0,U,388,
0x7101055b34,U,192,
0x7101055bf4,U,380,
0x7101055d70,U,380,
0x7101055ef0,U,244,
0x7101056078,U,388,
0x71010561fc,U,220,
0x71010562d8,U,220,
0x7101056744,U,388,
0x71010568c8,U,220,
0x7101056d34,U,388,
0x7101056eb8,U,220,
0x7101056f94,U,504,
0x710105718c,U,220,
0x7101057268,U,220,
0x71010576d4,U,388,
0x7101057858,U,220,
0x7101057cc4,U,388,
0x7101057e48,U,220,
0x7101057f24,U,504,
0x710105811c,U,220,
0x71010581f8,U,220,
0x7101058658,U,388,
0x71010587dc,U,220,
0x7101058c3c,U,388,
0x7101058dc0,U,220,
0x7101058e9c,U,500,
0x7101059090,U,8,
0x71010590c0,U,28,
0x71010590dc,U,412,
0x7101059278,U,56,
0x71010592b0,U,104,
0x7101059318,U,44,
0x7101059344,U,464,
0x7101059514,U,408,
0x71010596ac,U,232,
0x7101059794,U,332,
0x71010598e0,U,236,
0x71010599cc,U,56,
0x7101059a04,U,84,
0x7101059a58,U,196,
0x7101059b1c,U,224,
0x7101059bfc,U,324,
0x7101059d40,U,248,
0x7101059e5c,U,304,
0x7101059f8c,U,96,
0x7101059fec,U,248,
0x710105a0e4,U,88,
0x710105a13c,U,28,
0x710105a15c,U,28,
0x710105a178,U,172,
0x710105a348,U,220,
0x710105a424,U,28,
0x710105a548,U,368,
0x710105a6b8,U,104,
0x710105a758,U,20,
0x710105a7b8,U,368,
0x710105a928,U,104,
0x710105a9c8,U,20,
0x710105aa28,U,364,
0x710105ab94,U,60,
0x710105ac2c,U,20,
0x710105ad68,U,364,
0x710105aed4,U,60,
0x710105af6c,U,20,
0x710105b0a8,U,368,
0x710105b218,U,104,
0x710105b2b8,U,20,
0x710105b318,U,368,
0x710105b488,U,104,
0x710105b528,U,20,
0x710105b588,U,364,
0x710105b6f4,U,60,
0x710105b76c,U,20,
0x710105b904,U,392,
0x710105ba8c,U,364,
0x710105bbf8,U,60,
0x710105bc70,U,20,
0x710105be08,U,392,
0x710105bf90,U,364,
0x710105c0fc,U,96,
0x710105c194,U,20,
0x710105c1f4,U,364,
0x710105c360,U,96,
0x710105c3f8,U,20,
0x710105c458,U,364,
0x710105c5c4,U,60,
0x710105c65c,U,20,
0x710105c798,U,364,
0x710105c904,U,60,
0x710105c99c,U,20,
0x710105cad8,U,4,
0x710105cbb8,U,88,
0x710105cc10,U,120,
0x710105cc9c,U,28,
0x710105cdb4,U,80,
0x710105ce6c,U,28,
0x710105ce88,U,96,
0x710105cee8,U,80,
0x710105cfa8,U,64,
0x710105d0d0,U,184,
0x710105d188,U,416,
0x710105d328,U,168,
0x710105d5e4,U,28,
0x710105d604,U,160,
0x710105d6a4,U,160,
0x710105db6c,U,80,
0x710105dbbc,U,96,
0x710105dd24,U,80,
0x710105dd74,U,96,
0x710105de5c,U,200,
0x710105e3a8,U,172,
0x710105e474,U,168,
0x710105e890,U,400,
0x710105ea20,U,80,
0x710105ea70,U,96,
0x710105eb00,U,172,
0x710105ec80,U,80,
0x710105ecd0,U,96,
0x710105edb8,U,260,
0x710105eef8,U,60,
0x710105f168,U,172,
0x710105f214,U,596,
0x710105f468,U,936,
0x710105f810,U,732,
0x710105fb10,U,276,
0x710106002c,U,80,
0x7101060244,U,80,
0x71010605cc,U,488,
0x71010607b4,U,488,
0x710106099c,U,536,
0x7101060bb4,U,536,
0x7101060dcc,U,472,
0x7101060fc4,U,168,
0x710106106c,U,176,
0x710106111c,U,332,
0x7101061268,U,516,
0x710106146c,U,768,
0x7101061fa0,U,16,
0x7101061fb0,U,4,
0x7101061fb4,U,80,
0x7101062004,U,156,
0x71010620a0,U,140,
0x7101062130,U,140,
0x7101062210,U,384,
0x7101062390,U,4,
0x7101062394,U,4,
0x7101062398,U,404,
0x71010626f0,U,220,
0x71010627cc,U,220,
0x7101062c2c,U,388,
0x7101062db0,U,220,
0x7101063210,U,388,
0x7101063394,U,220,
0x7101063470,U,500,
0x7101063664,U,220,
0x7101063740,U,220,
0x7101063ba0,U,388,
0x7101063d24,U,220,
0x7101064184,U,388,
0x7101064308,U,220,
0x71010643e4,U,496,
0x71010645d8,U,244,
0x710106482c,U,388,
0x71010649b0,U,696,
0x7101064c6c,U,388,
0x7101064df0,U,880,
0x7101065160,U,372,
0x71010652d4,U,380,
0x7101065450,U,1464,
0x7101065a10,U,572,
0x7101065c4c,U,1236,
0x7101066120,U,52,
0x71010661a0,U,336,
0x71010662f0,U,328,
0x7101066438,U,432,
0x71010665e8,U,656,
0x7101066878,U,276,
0x710106698c,U,228,
0x7101066a70,U,2444,
0x71010673fc,U,668,
0x7101067698,U,2296,
0x7101067f90,U,1020,
0x710106838c,U,1488,
0x7101068980,U,412,
0x7101068b1c,U,356,
0x7101068c80,U,132,
0x7101068d04,U,108,
0x7101068d70,U,524,
0x7101068f7c,U,444,
0x7101069138,U,360,
0x71010692a0,U,588,
0x71010694ec,U,8,
0x71010694f4,U,1400,
0x7101069a6c,U,2832,
0x710106a57c,U,668,
0x710106a818,U,120,
0x710106a890,U,316,
0x710106a9cc,U,2232,
0x710106b284,U,56,
0x710106b2bc,U,468,
0x710106b490,U,1828,
0x710106bbb4,U,108,
0x710106bc20,U,220,
0x710106bcfc,U,296,
0x710106be24,U,3128,
0x710106ca5c,U,72,
0x710106caa4,U,260,
0x710106cba8,U,424,
0x710106cd50,U,96,
0x710106cdb0,U,352,
0x710106cf10,U,100,
0x710106cf74,U,124,
0x710106cff0,U,20,
0x710106d008,U,364,
0x710106d174,U,96,
0x710106d20c,U,20,
0x710106d26c,U,364,
0x710106d3d8,U,96,
0x710106d470,U,20,
0x710106d4d0,U,364,
0x710106d63c,U,60,
0x710106d67c,U,136,
0x710106d720,U,20,
0x710106d7f8,U,224,
0x710106d8d8,U,224,
0x710106d9b8,U,364,
0x710106db24,U,60,
0x710106db64,U,136,
0x710106dc08,U,20,
0x710106dce0,U,224,
0x710106ddc0,U,224,
0x710106dea0,U,360,
0x710106e008,U,88,
0x710106e098,U,20,
0x710106e0f8,U,360,
0x710106e260,U,88,
0x710106e2f0,U,20,
0x710106e350,U,364,
0x710106e4bc,U,60,
0x710106e554,U,20,
0x710106e690,U,364,
0x710106e7fc,U,60,
0x710106e894,U,20,
0x710106e9d0,U,28,
0x710106ecb0,U,80,
0x710106ee7c,U,80,
0x710106ef8c,U,216,
0x710106f298,U,172,
0x710106f344,U,648,
0x710106f5cc,U,704,
0x710106f88c,U,744,
0x710106fb74,U,744,
0x710106fe80,U,332,
0x710106ffcc,U,344,
0x7101070374,U,80,
0x71010703c4,U,84,
0x710107055c,U,80,
0x71010705ac,U,84,
0x71010707ac,U,196,
0x71010708ec,U,192,
0x7101070d58,U,336,
0x7101070ec8,U,168,
0x7101070f70,U,176,
0x7101071030,U,28,
0x7101071240,U,1108,
0x7101071694,U,616,
0x71010718fc,U,520,
0x7101071bc0,U,792,
0x7101071ee0,U,780,
0x71010721f0,U,2180,
0x7101072a80,U,1192,
0x7101072f30,U,300,
0x7101073060,U,240,
0x7101073150,U,300,
0x7101073280,U,436,
0x7101073b80,U,76,
0x7101073bcc,U,84,
0x7101073c20,U,16,
0x7101073c30,U,1112,
0x7101074090,U,140,
0x7101074120,U,140,
0x71010744c0,U,40,
0x7101074540,U,32,
0x7101074560,U,732,
0x7101074910,U,356,
0x7101074d80,U,860,
0x7101075200,U,48,
0x7101075230,U,608,
0x71010754a0,U,140,
0x710107552c,U,480,
0x7101075710,U,220,
0x71010757f0,U,236,
0x71010758e0,U,104,
0x7101075950,U,380,
0x7101075ad0,U,340,
0x7101075eb0,U,92,
0x7101075f0c,U,92,
0x7101075ff0,U,360,
0x7101076158,U,88,
0x71010761e8,U,20,
0x7101076250,U,388,
0x7101076a90,U,716,
0x7101076d60,U,184,
0x7101076e20,U,176,
0x7101077240,U,128,
0x71010772c0,U,148,
0x7101077410,U,76,
0x7101077460,U,76,
0x7101077d00,U,80,
0x7101077d50,U,316,
0x7101077e90,U,52,
0x71010785b0,U,36,
0x7101078670,U,128,
0x71010786f0,U,520,
0x7101078b20,U,196,
0x7101078c30,U,36,
0x7101078cd0,U,76,
0x7101078f80,U,164,
0x71010790e0,U,36,
0x7101079710,U,48,
0x7101079740,U,36,
0x7101079e20,U,528,
0x710107a0f0,U,36,
0x710107a3a0,U,620,
0x710107b500,U,1392,
0x710107c8f0,U,56,
0x710107cf40,U,216,
0x710107d2d0,U,164,
0x710107d680,U,408,
0x710107dbc0,U,320,
0x710107dd00,U,320,
0x710107de40,U,368,
0x710107dfb0,U,676,
0x710107ece0,U,200,
0x710107f0a0,U,488,
0x710107fd00,U,36,
0x710107fe10,U,68,
0x710107fe60,U,260,
0x7101080380,U,360,
0x71010804f0,U,348,
0x7101080830,U,224,
0x7101080910,U,232,
0x7101080a00,U,68,
0x7101080ef0,U,3288,
0x7101081bd0,U,76,
0x7101082270,U,380,
0x7101082690,U,408,
0x7101082830,U,44,
0x7101082b70,U,296,
0x7101082d90,U,44,
0x7101082dc0,U,44,
0x7101082e80,U,116,
0x7101084070,U,248,
0x7101084320,U,68,
0x7101084870,U,240,
0x7101084960,U,504,
0x7101084dd0,U,160,
0x7101084e70,U,168,
0x7101085230,U,196,
0x7101085c30,U,76,
0x7101086800,U,332,
0x7101086960,U,36,
0x7101087620,U,44,
0x7101087a10,U,48,
0x7101087a40,U,72,
0x7101087bd0,U,1020,
0x71010880b0,U,188,
0x7101088250,U,188,
0x7101088fd0,U,76,
0x7101089070,U,36,
0x710108b1f0,U,108,
0x710108c4d0,U,692,
0x710108d0f0,U,268,
0x710108d310,U,292,
0x710108d620,U,908,
0x710108e100,U,48,
0x710108e130,U,136,
0x710108e450,U,80,
0x710108ed30,U,112,
0x710108ee60,U,76,
0x710108eeb0,U,76,
0x710108f1e0,U,492,
0x710108f570,U,404,
0x710108f820,U,76,
0x710108fba0,U,44,
0x710108fc70,U,212,
0x7101090f50,U,232,
0x7101092150,U,832,
0x7101092490,U,108,
0x71010932c0,U,76,
0x71010933d0,U,24,
0x7101093520,U,60,
0x7101093b00,U,192,
0x7101093d10,U,24,
0x7101093d30,U,40,
0x7101093d60,U,36,
0x7101093d90,U,36,
0x7101093dc0,U,36,
0x7101093e30,U,36,
0x7101093e70,U,40,
0x7101093eb0,U,68,
0x7101093f00,U,72,
0x7101093f90,U,56,
0x7101093fd0,U,44,
0x7101094920,U,80,
0x7101094970,U,76,
0x7101094ce0,U,88,
0x7101095310,U,52,
0x71010954a0,U,176,
0x7101095550,U,184,
0x7101095610,U,40,
0x7101095c40,U,164,
0x7101095fb0,U,552,
0x71010962e0,U,252,
0x7101096af0,U,80,
0x7101096b40,U,80,
0x7101096b90,U,36,
0x7101096bc0,U,36,
0x7101096bf0,U,36,
0x7101096c20,U,36,
0x7101096d68,U,356,
0x710109703c,U,448,
0x71010971fc,U,452,
0x71010973c0,U,440,
0x71010976c0,U,292,
0x71010977e4,U,724,
0x7101097ab8,U,376,
0x7101097ea0,U,52,
0x7101098070,U,348,
0x7101099410,U,140,
0x71010995f0,U,40,
0x7101099a10,U,36,
0x7101099e10,U,52,
0x7101099e50,U,40,
0x7101099e80,U,56,
0x710109a0c0,U,548,
0x710109a370,U,104,
0x710109a530,U,36,
0x710109a6e0,U,36,
0x710109a8b0,U,92,
0x710109aea0,U,60,
0x710109af90,U,456,
0x710109b160,U,56,
0x710109b870,U,188,
0x710109b990,U,84,
0x710109b9f0,U,1184,
0x710109be90,U,276,
0x710109bfb0,U,440,
0x710109c170,U,536,
0x710109c444,U,336,
0x710109c5c0,U,140,
0x710109c6d0,U,424,
0x710109c9e0,U,436,
0x710109cef0,U,188,
0x710109cfb0,U,232,
0x710109d0a0,U,24,
0x710109d0c0,U,24,
0x710109d0e0,U,684,
0x710109d390,U,184,
0x710109d4f0,U,160,
0x710109d590,U,224,
0x710109d6c8,U,328,
0x710109d810,U,128,
0x710109d890,U,464,
0x710109da60,U,312,
0x710109db98,U,228,
0x710109dc7c,U,20,
0x710109dc90,U,220,
0x710109dd6c,U,820,
0x710109e0a0,U,268,
0x710109e1ac,U,188,
0x710109e26c,U,4,
0x710109e290,U,340,
0x710109e534,U,24,
0x710109e5bc,U,88,
0x710109e620,U,180,
0x710109e6e0,U,140,
0x710109e770,U,216,
0x710109e850,U,140,
0x710109e8dc,U,24,
0x710109e954,U,36,
0x710109e978,U,188,
0x710109ea40,U,140,
0x710109ead0,U,2088,
0x710109f300,U,140,
0x710109f3b0,U,40,
0x710109f4b0,U,340,
0x710109f910,U,796,
0x710109fc30,U,48,
0x710109fc60,U,576,
0x710109feb0,U,140,
0x71010a0030,U,352,
0x71010a0190,U,768,
0x71010a0490,U,796,
0x71010a07b0,U,48,
0x71010a07f0,U,140,
0x71010a0880,U,168,
0x71010a0930,U,140,
0x71010a09c0,U,12,
0x71010a09e0,U,88,
0x71010a0a40,U,16,
0x71010a0a50,U,80,
0x71010a0aa0,U,348,
0x71010a0c00,U,336,
0x71010a0d50,U,436,
0x71010a0f10,U,244,
0x71010a1010,U,292,
0x71010a1140,U,36,
0x71010a1170,U,300,
0x71010a12a0,U,328,
0x71010a13f0,U,304,
0x71010a1520,U,512,
0x71010a1720,U,508,
0x71010a1920,U,328,
0x71010a1a70,U,328,
0x71010a1bc0,U,296,
0x71010a1cf0,U,644,
0x71010a1f80,U,372,
0x71010a2100,U,308,
0x71010a2240,U,288,
0x71010a2360,U,580,
0x71010a25b0,U,24,
0x71010a25d0,U,32,
0x71010a25f0,U,36,
0x71010a2620,U,112,
0x71010a2690,U,152,
0x71010a2730,U,108,
0x71010a27a0,U,160,
0x71010a2840,U,212,
0x71010a2920,U,40,
0x71010a2950,U,48,
0x71010a2980,U,284,
0x71010a2aa0,U,324,
0x71010a2bf0,U,272,
0x71010a2d00,U,280,
0x71010a2e20,U,112,
0x71010a2e90,U,372,
0x71010a3010,U,368,
0x71010a3180,U,268,
0x71010a3290,U,328,
0x71010a33e0,U,344,
0x71010a3540,U,340,
0x71010a36a0,U,472,
0x71010a3880,U,428,
0x71010a3a30,U,80,
0x71010a3a80,U,348,
0x71010a3bf0,U,88,
0x71010a3c50,U,56,
0x71010a3c90,U,8,
0x71010a3ca0,U,312,
0x71010a3de0,U,24,
0x71010a3e00,U,280,
0x71010a3f20,U,196,
0x71010a3ff0,U,140,
0x71010a4080,U,216,
0x71010a4160,U,264,
0x71010a4270,U,96,
0x71010a42d0,U,140,
0x71010a4360,U,284,
0x71010a4480,U,208,
0x71010a4550,U,136,
0x71010a45e0,U,136,
0x71010a4670,U,196,
0x71010a4740,U,128,
0x71010a47c0,U,68,
0x71010a4810,U,148,
0x71010a48b0,U,72,
0x71010a4900,U,156,
0x71010a49a0,U,164,
0x71010a4ab0,U,152,
0x71010a4b50,U,84,
0x71010a4bb0,U,124,
0x71010a4c30,U,204,
0x71010a4d00,U,8,
0x71010a4d10,U,416,
0x71010a4eb0,U,304,
0x71010a4fe0,U,20,
0x71010a5000,U,120,
0x71010a5080,U,96,
0x71010a50e0,U,220,
0x71010a51c0,U,320,
0x71010a5300,U,224,
0x71010a53e0,U,144,
0x71010a5470,U,656,
0x71010a57a0,U,44,
0x71010a5840,U,68,
0x71010a58e0,U,180,
0x71010a59a0,U,56,
0x71010a59e0,U,136,
0x71010a5a70,U,136,
0x71010a5ce0,U,112,
0x71010a5da0,U,104,
0x71010a5e10,U,248,
0x71010a60d0,U,120,
0x71010a6260,U,92,
0x71010a6830,U,156,
0x71010a69d0,U,340,
0x71010a6b80,U,252,
0x71010a6cf0,U,256,
0x71010a6df0,U,184,
0x71010a6eb0,U,124,
0x71010a7020,U,256,
0x71010a7120,U,144,
0x71010a71e0,U,412,
0x71010a7380,U,152,
0x71010a7420,U,148,
0x71010a74c0,U,24,
0x71010a74e0,U,216,
0x71010a75c0,U,20,
0x71010a75e0,U,180,
0x71010a76a0,U,28,
0x71010a76c0,U,16,
0x71010a76d0,U,468,
0x71010a78b0,U,188,
0x71010a7970,U,84,
0x71010a79d0,U,108,
0x71010a7a40,U,48,
0x71010a7a70,U,320,
0x71010a7bb0,U,48,
0x71010a7be0,U,232,
0x71010a7cd0,U,100,
0x71010a7d40,U,320,
0x71010a7e80,U,168,
0x71010a7f30,U,2008,
0x71010a8710,U,256,
0x71010a8810,U,20,
0x71010a8830,U,288,
0x71010a8950,U,316,
0x71010a8a90,U,272,
0x71010a8ba0,U,696,
0x71010a8e60,U,292,
0x71010a8f90,U,48,
0x71010a8fc0,U,948,
0x71010a9380,U,572,
0x71010a95c0,U,904,
0x71010a9950,U,1584,
0x71010a9f80,U,24,
0x71010a9fa0,U,528,
0x71010aa1b0,U,164,
0x71010aa260,U,384,
0x71010aa3e0,U,244,
0x71010aa4e0,U,144,
0x71010aa570,U,640,
0x71010aaa00,U,36,
0x71010aaa30,U,1288,
0x71010aaf40,U,204,
0x71010ab010,U,488,
0x71010ab200,U,292,
0x71010ab330,U,220,
0x71010ab410,U,228,
0x71010ab500,U,100,
0x71010ab570,U,176,
0x71010ab620,U,376,
0x71010ab7a0,U,108,
0x71010ab810,U,288,
0x71010ab930,U,140,
0x71010ab9c0,U,24,
0x71010ab9e0,U,248,
0x71010abae0,U,1920,
0x71010ac260,U,736,
0x71010ac540,U,200,
0x71010ac610,U,408,
0x71010ac850,U,88,
0x71010ac8b0,U,376,
0x71010aca30,U,104,
0x71010acbb0,U,120,
0x71010acc30,U,1636,
0x71010ad2a0,U,108,
0x71010ad310,U,144,
0x71010ad3a0,U,80,
0x71010ad3f0,U,208,
0x71010ad4c0,U,44,
0x71010ad4f0,U,224,
0x71010ad5d0,U,96,
0x71010ad630,U,188,
0x71010ad6f0,U,36,
0x71010ad720,U,108,
0x71010ad790,U,248,
0x71010ad910,U,428,
0x71010adac0,U,200,
0x71010adb90,U,1364,
0x71010ae0f0,U,164,
0x71010ae1a0,U,160,
0x71010ae240,U,48,
0x71010ae270,U,280,
0x71010ae390,U,32,
0x71010ae3b0,U,36,
0x71010ae3e0,U,144,
0x71010ae470,U,1976,
0x71010aec30,U,288,
0x71010aee40,U,872,
0x71010af1b0,U,128,
0x71010af230,U,424,
0x71010af3e0,U,8,
0x71010af3f0,U,96,
0x71010af450,U,168,
0x71010af500,U,96,
0x71010af560,U,864,
0x71010b0780,U,40,
0x71010b1130,U,1840,
0x71010b1e80,U,100,
0x71010b20e0,U,32,
0x71010b2250,U,260,
0x71010b2360,U,108,
0x71010b23d0,U,32,
0x71010b23f0,U,48,
0x71010b2420,U,32,
0x71010b2440,U,56,
0x71010b2480,U,120,
0x71010b2500,U,184,
0x71010b25c0,U,976,
0x71010b2990,U,104,
0x71010b2a00,U,308,
0x71010b2b40,U,576,
0x71010b2d80,U,252,
0x71010b2e80,U,564,
0x71010b30c0,U,4536,
0x71010b4280,U,392,
0x71010b4410,U,188,
0x71010b44d0,U,180,
0x71010b4590,U,840,
0x71010b48e0,U,796,
0x71010b4c00,U,1180,
0x71010b50a0,U,552,
0x71010b52d0,U,456,
0x71010b54a0,U,128,
0x71010b5520,U,356,
0x71010b5690,U,184,
0x71010b5750,U,412,
0x71010b58f0,U,648,
0x71010b5b80,U,728,
0x71010b5e60,U,804,
0x71010b6190,U,312,
0x71010b62d0,U,112,
0x71010b64f0,U,300,
0x71010b6620,U,300,
0x71010b6750,U,412,
0x71010b68f0,U,140,
0x71010b6a50,U,280,
0x71010b6b70,U,220,
0x71010b6c50,U,124,
0x71010b72c0,U,1096,
0x71010b7820,U,136,
0x71010b78b0,U,184,
0x71010b7af0,U,28,
0x71010b7dd0,U,1616,
0x71010b8950,U,244,
0x71010b8a50,U,208,
0x71010b8b20,U,296,
0x71010b8c50,U,612,
0x71010b8ec0,U,44,
0x71010b8ef0,U,848,
0x71010b9240,U,312,
0x71010b9380,U,272,
0x71010b9490,U,116,
0x71010b9510,U,152,
0x71010b95b0,U,96,
0x71010b9610,U,532,
0x71010b9830,U,160,
0x71010b98d0,U,1372,
0x71010b9e30,U,248,
0x71010b9f30,U,160,
0x71010b9fd0,U,672,
0x71010ba270,U,40,
0x71010ba700,U,228,
0x71010ba7f0,U,208,
0x71010ba910,U,144,
0x71010ba9a0,U,932,
0x71010bad50,U,168,
0x71010bae00,U,124,
0x71010bae80,U,84,
0x71010baee0,U,92,
0x71010bbf70,U,36,
0x71010bc0d0,U,128,
0x71010bc150,U,136,
0x71010bc1e0,U,444,
0x71010bc3a0,U,528,
0x71010bc5b0,U,532,
0x71010bc7d0,U,572,
0x71010bca10,U,856,
0x71010bcd70,U,7852,
0x71010bec20,U,92,
0x71010bec80,U,108,
0x71010becf0,U,16,
0x71010bed00,U,164,
0x71010bedb0,U,112,
0x71010bee20,U,108,
0x71010bee90,U,68,
0x71010beee0,U,60,
0x71010bef20,U,60,
0x71010bef60,U,60,
0x71010befa0,U,28,
0x71010befc0,U,28,
0x71010befe0,U,620,
0x71010bf400,U,768,
0x71010bf700,U,1748,
0x71010bfde0,U,1164,
0x71010c0270,U,120,
0x71010c02f0,U,2016,
0x71010c0ad0,U,104,
0x71010c0b40,U,104,
0x71010c0bb0,U,284,
0x71010c0cd0,U,172,
0x71010c0d80,U,228,
0x71010c0e70,U,236,
0x71010c0f60,U,140,
0x71010c0ff0,U,84,
0x71010c1050,U,100,
0x71010c1290,U,256,
0x71010c1390,U,256,
0x71010c1c80,U,280,
0x71010c1fc0,U,140,
0x71010c2080,U,4,
0x71010c2160,U,140,
0x71010c21f0,U,140,
0x71010c227c,U,12,
0x71010c2288,U,32,
0x71010c22b0,U,140,
0x71010c2340,U,140,
0x71010c23d0,U,244,
0x71010c2ba0,U,388,
0x71010c2d24,U,380,
0x71010c2ea0,U,380,
0x71010c301c,U,220,
0x71010c30f8,U,220,
0x71010c31d4,U,220,
0x71010c3634,U,388,
0x71010c37b8,U,220,
0x71010c3c18,U,388,
0x71010c3d9c,U,220,
0x71010c3e78,U,500,
0x71010c406c,U,220,
0x71010c4148,U,76,
0x71010c4194,U,4,
0x71010c41bc,U,4,
0x71010c41c0,U,104,
0x71010c4228,U,4,
0x71010c422c,U,4,
0x71010c4230,U,4,
0x71010c4234,U,24,
0x71010c424c,U,4,
0x71010c4250,U,828,
0x71010c458c,U,28,
0x71010c45a8,U,368,
0x71010c4718,U,104,
0x71010c47b8,U,20,
0x71010c4818,U,360,
0x71010c4980,U,88,
0x71010c4a10,U,20,
0x71010c4a70,U,360,
0x71010c4bd8,U,88,
0x71010c4c68,U,20,
0x71010c4cc8,U,364,
0x71010c4e34,U,60,
0x71010c4ea8,U,20,
0x71010c4ef4,U,128,
0x71010c4f74,U,164,
0x71010c50c0,U,364,
0x71010c522c,U,60,
0x71010c52a0,U,20,
0x71010c52ec,U,128,
0x71010c536c,U,164,
0x71010c54b8,U,364,
0x71010c5624,U,96,
0x71010c56bc,U,20,
0x71010c572c,U,28,
0x71010c5a88,U,128,
0x71010c5b08,U,268,
0x71010c5c44,U,404,
0x71010c5dd8,U,80,
0x71010c5e28,U,84,
0x71010c5fc0,U,128,
0x71010c6050,U,80,
0x71010c60a0,U,84,
0x71010c60fc,U,172,
0x71010c6574,U,196,
0x71010c67b4,U,352,
0x71010c6914,U,252,
0x71010c6a10,U,360,
0x71010c6b78,U,356,
0x71010c6cdc,U,308,
0x71010c6e30,U,152,
0x71010c6ec8,U,168,
0x71010c6f70,U,788,
0x71010c7284,U,164,
0x71010c7328,U,296,
0x71010c7450,U,140,
0x71010c74e0,U,244,
0x71010c770c,U,352,
0x71010c786c,U,180,
0x71010c7920,U,592,
0x71010c7b70,U,424,
0x71010c7e6c,U,516,
0x71010c8070,U,112,
0x71010c8694,U,2232,
0x71010c8f4c,U,76,
0x71010c8f98,U,164,
0x71010c903c,U,4,
0x71010c9068,U,88,
0x71010c9338,U,564,
0x71010c956c,U,8,
0x71010c9574,U,888,
0x71010c98ec,U,60,
0x71010c9928,U,244,
0x71010c9a1c,U,52,
0x71010c9a50,U,128,
0x71010c9ad0,U,56,
0x71010c9b08,U,60,
0x71010c9c34,U,596,
0x71010c9f28,U,1652,
0x71010ca5d8,U,1164,
0x71010caa64,U,168,
0x71010cab0c,U,64,
0x71010cab4c,U,1436,
0x71010cb150,U,92,
0x71010cb1c4,U,304,
0x71010cb2f4,U,8,
0x71010cb2fc,U,8,
0x71010cb518,U,40,
0x71010cb540,U,760,
0x71010cb838,U,392,
0x71010cc114,U,256,
0x71010cc214,U,376,
0x71010cc38c,U,24,
0x71010cc3a4,U,24,
0x71010cc3bc,U,8,
0x71010cc3c4,U,20,
0x71010cc3d8,U,740,
0x71010cc6bc,U,644,
0x71010cc940,U,100,
0x71010cc9a4,U,88,
0x71010cc9fc,U,88,
0x71010cca54,U,12,
0x71010cd278,U,184,
0x71010cd49c,U,148,
0x71010cd530,U,164,
0x71010cd6f4,U,236,
0x71010cd7ec,U,1116,
0x71010cdd2c,U,72,
0x71010cdd74,U,28,
0x71010ce5f8,U,28,
0x71010ce780,U,24,
0x71010ce798,U,404,
0x71010ce92c,U,452,
0x71010ceaf0,U,336,
0x71010cec40,U,608,
0x71010ceea0,U,200,
0x71010cef6c,U,244,
0x71010cf064,U,388,
0x71010cf3f4,U,344,
0x71010d0004,U,28,
0x71010d00b4,U,28,
0x71010d0250,U,160,
0x71010d02f4,U,244,
0x71010d05d0,U,388,
0x71010d0754,U,384,
0x71010d08d4,U,88,
0x71010d092c,U,236,
0x71010d0b00,U,120,
0x71010d0b78,U,48,
0x71010d0ba8,U,88,
0x71010d0c00,U,4,
0x71010d0c04,U,84,
0x71010d0c58,U,12,
0x71010d0c64,U,184,
0x71010d0d1c,U,140,
0x71010d0da8,U,144,
0x71010d0e38,U,80,
0x71010d0e88,U,320,
0x71010d0fc8,U,572,
0x71010d1204,U,528,
0x71010d1414,U,208,
0x71010d1598,U,8,
0x71010d15a0,U,12,
0x71010d15ac,U,8,
0x71010d15b4,U,8,
0x71010d15d0,U,496,
0x71010d17c0,U,128,
0x71010d1850,U,148,
0x71010d18e4,U,428,
0x71010d1a90,U,208,
0x71010d1b60,U,316,
0x71010d1c9c,U,4,
0x71010d1ca0,U,4,
0x71010d1ca4,U,188,
0x71010d1d60,U,296,
0x71010d1e88,U,656,
0x71010d23c4,U,360,
0x71010d252c,U,116,
0x71010d25a0,U,1384,
0x71010d2b08,U,148,
0x71010d2b9c,U,192,
0x71010d2c5c,U,152,
0x71010d2cf4,U,548,
0x71010d2f18,U,108,
0x71010d2f84,U,368,
0x71010d313c,U,380,
0x71010d32b8,U,52,
0x71010d32ec,U,256,
0x71010d33ec,U,284,
0x71010d3508,U,3620,
0x71010d432c,U,204,
0x71010d43f8,U,388,
0x71010d457c,U,60,
0x71010d45b8,U,292,
0x71010d46dc,U,132,
0x71010d4760,U,28,
0x71010d4810,U,28,
0x71010d499c,U,128,
0x71010d4a20,U,160,
0x71010d4ac4,U,244,
0x71010d62a0,U,388,
0x71010d6424,U,380,
0x71010d65a0,U,696,
0x71010d6858,U,16,
0x71010d6878,U,64,
0x71010d68bc,U,244,
0x71010d7364,U,344,
0x71010d74bc,U,180,
0x71010d7570,U,180,
0x71010d7624,U,180,
0x71010d76d8,U,412,
0x71010d7874,U,112,
0x71010d78e4,U,208,
0x71010d79b8,U,112,
0x71010d7a28,U,60,
0x71010d7a64,U,4,
0x71010d7a68,U,4,
0x71010d7a6c,U,64,
0x71010d7aac,U,64,
0x71010d7b28,U,96,
0x71010d7b88,U,260,
0x71010d7c8c,U,36,
0x71010d7cb0,U,16,
0x71010d7cc0,U,76,
0x71010d7d0c,U,988,
0x71010d80e8,U,1192,
0x71010d8590,U,520,
0x71010d8798,U,8,
0x71010d87a0,U,180,
0x71010d8854,U,1820,
0x71010d8f70,U,92,
0x71010d8fcc,U,140,
0x71010d9058,U,1180,
0x71010d94f4,U,120,
0x71010d956c,U,204,
0x71010d9638,U,316,
0x71010d9774,U,328,
0x71010d98bc,U,164,
0x71010d9960,U,56,
0x71010d9998,U,56,
0x71010d9a1c,U,1388,
0x71010d9f88,U,664,
0x71010da220,U,584,
0x71010da468,U,600,
0x71010da6c0,U,8,
0x71010da6c8,U,64,
0x71010da750,U,88,
0x71010da7e8,U,400,
0x71010da978,U,1160,
0x71010dae00,U,100,
0x71010dae64,U,16,
0x71010dae74,U,12,
0x71010daf1c,U,360,
0x71010db084,U,180,
0x71010db138,U,1264,
0x71010db628,U,316,
0x71010db764,U,148,
0x71010db848,U,8,
0x71010db850,U,8,
0x71010dbc18,U,164,
0x71010dbcbc,U,4,
0x71010dbcc0,U,148,
0x71010dbd54,U,2040,
0x71010dc54c,U,1052,
0x71010dc968,U,160,
0x71010dca08,U,120,
0x71010dca80,U,48,
0x71010dcab0,U,204,
0x71010dcb7c,U,220,
0x71010dcc58,U,20,
0x71010dcc6c,U,12,
0x71010dcc78,U,28,
0x71010dcd20,U,28,
0x71010dcd70,U,28,
0x71010dcea8,U,28,
0x71010dcf24,U,172,
0x71010dcfd0,U,260,
0x71010dd0d4,U,240,
0x71010dd1d0,U,3248,
0x71010dde80,U,996,
0x71010de270,U,756,
0x71010de570,U,984,
0x71010de950,U,960,
0x71010def4c,U,244,
0x71010df044,U,388,
0x71010df1fc,U,436,
0x71010df408,U,212,
0x71010df4dc,U,28,
0x71010df58c,U,28,
0x71010df620,U,160,
0x71010df6c0,U,220,
0x71010df7a0,U,244,
0x71010e0b80,U,352,
0x71010e0ce0,U,380,
0x71010e0e5c,U,380,
0x71010e0fd8,U,380,
0x71010e1154,U,380,
0x71010e12d0,U,380,
0x71010e144c,U,380,
0x71010e15c8,U,180,
0x71010e167c,U,376,
0x71010e17f4,U,220,
0x71010e18d0,U,220,
0x71010e19ac,U,404,
0x71010e1b40,U,56,
0x71010e1b78,U,60,
0x71010e1bb4,U,344,
0x71010e1d70,U,252,
0x71010e1ef4,U,396,
0x71010e2080,U,24,
0x71010e217c,U,116,
0x71010e21f0,U,136,
0x71010e2278,U,5260,
0x71010e3704,U,240,
0x71010e37f4,U,24,
0x71010e380c,U,48,
0x71010e383c,U,96,
0x71010e389c,U,112,
0x71010e390c,U,52,
0x71010e3940,U,428,
0x71010e3af0,U,1656,
0x71010e4168,U,120,
0x71010e41e0,U,1260,
0x71010e46cc,U,204,
0x71010e4798,U,108,
0x71010e4804,U,204,
0x71010e48d0,U,200,
0x71010e4998,U,48,
0x71010e49c8,U,176,
0x71010e4a78,U,8,
0x71010e4a80,U,8,
0x71010e4a98,U,8,
0x71010e4aa0,U,8,
0x7100031468,U,12,
0x71010e4ab0,U,8,
0x71010e51e4,U,296,
0x71010e530c,U,56,
0x71010e5344,U,56,
0x71010e537c,U,48,
0x71010e53dc,U,280,
0x71010e54f4,U,280,
0x71010e560c,U,1776,
0x71010e5cfc,U,168,
0x71010e5da4,U,660,
0x71010e6038,U,288,
0x71010e6158,U,288,
0x71010e6278,U,372,
0x71010e63ec,U,132,
0x71010e6470,U,52,
0x71010e64a4,U,184,
0x71010e655c,U,292,
0x71010e6680,U,532,
0x71010e6894,U,28,
0x71010e6934,U,360,
0x71010e6a9c,U,88,
0x71010e6b2c,U,20,
0x71010e6b8c,U,368,
0x71010e6cfc,U,104,
0x71010e6d9c,U,20,
0x71010e6dfc,U,368,
0x71010e6f6c,U,104,
0x71010e700c,U,20,
0x71010e707c,U,28,
0x71010e711c,U,96,
0x71010e7218,U,96,
0x71010e7554,U,412,
0x71010e76f0,U,312,
0x71010e7a04,U,352,
0x71010e7b64,U,84,
0x71010e7bb8,U,84,
0x71010e7c0c,U,280,
0x71010e7f90,U,244,
0x71010e8088,U,352,
0x71010e81e8,U,980,
0x71010e85bc,U,472,
0x71010e8998,U,716,
0x71010e8ff8,U,388,
0x71010e9c24,U,1984,
0x71010ea3e4,U,264,
0x71010ea4fc,U,28,
0x71010ea53c,U,656,
0x71010ea7cc,U,8348,
0x71010ec868,U,216,
0x71010ec950,U,28,
0x71010ec994,U,28,
0x71010ec9f0,U,240,
0x71010ecae4,U,244,
0x71010ecee4,U,352,
0x71010ed044,U,540,
0x71010ed260,U,340,
0x71010ed3b4,U,508,
0x71010ed5d4,U,532,
0x71010ed7e8,U,316,
0x71010ed948,U,68,
0x71010ed98c,U,984,
0x71010edd64,U,304,
0x71010ede94,U,32,
0x71010edeb4,U,316,
0x71010edff0,U,88,
0x71010ee048,U,176,
0x71010ee17c,U,4,
0x71010ee180,U,992,
0x71010ee560,U,120,
0x71010ee8bc,U,328,
0x71010eea04,U,28,
0x71010eea30,U,28,
0x71010eea84,U,536,
0x71010eec9c,U,336,
0x71010eedf0,U,160,
0x71010eee94,U,244,
0x71010eef8c,U,352,
0x71010ef0ec,U,280,
0x71010ef204,U,248,
0x71010ef5a4,U,532,
0x71010ef7b8,U,672,
0x71010f01d4,U,28,
0x71010f0218,U,28,
0x71010f0234,U,292,
0x71010f0370,U,240,
0x71010f0464,U,244,
0x71010f055c,U,352,
0x71010f06bc,U,60,
0x71010f0944,U,28,
0x71010f0970,U,28,
0x71010f09e0,U,160,
0x71010f0a84,U,244,
0x71010f0c80,U,388,
0x71010f0e04,U,80,
0x71010f0e54,U,124,
0x71010f0ed0,U,132,
0x71010f0f54,U,28,
0x71010f0f8c,U,28,
0x71010f1030,U,160,
0x71010f10d4,U,244,
0x71010f1398,U,388,
0x71010f1784,U,28,
0x71010f17b0,U,28,
0x71010f1830,U,160,
0x71010f18d4,U,244,
0x71010f1ba0,U,388,
0x71010f1d24,U,124,
0x71010f1da0,U,132,
0x71010f2034,U,28,
0x71010f2060,U,28,
0x71010f2100,U,160,
0x71010f21a4,U,244,
0x71010f253c,U,388,
0x71010f26c0,U,124,
0x71010f273c,U,132,
0x71010f2b20,U,28,
0x71010f2b4c,U,28,
0x71010f2bf0,U,160,
0x71010f2c94,U,244,
0x71010f3048,U,388,
0x71010f34a4,U,28,
0x71010f34d0,U,28,
0x71010f3570,U,160,
0x71010f3614,U,244,
0x71010f3b9c,U,388,
0x71010f3d20,U,116,
0x71010f3d94,U,124,
0x71010f3e10,U,132,
0x71010f3eb0,U,104,
0x71010f3f20,U,232,
0x71010f4008,U,28,
0x71010f4034,U,28,
0x71010f4100,U,160,
0x71010f41a0,U,1808,
0x71010f48b0,U,852,
0x71010f4c04,U,524,
0x71010f4e10,U,384,
0x71010f531c,U,384,
0x71010f57c8,U,384,
0x71010f5948,U,220,
0x71010f5a24,U,220,
0x71010f5e84,U,388,
0x71010f6008,U,220,
0x71010f6468,U,388,
0x71010f65ec,U,220,
0x71010f66c8,U,500,
0x71010f68bc,U,268,
0x71010f69c8,U,388,
0x71010f6b50,U,244,
0x71010f7c2c,U,356,
0x71010f7d90,U,380,
0x71010f7f0c,U,180,
0x71010f7fc0,U,380,
0x71010f813c,U,1736,
0x71010f8804,U,300,
0x71010f8930,U,280,
0x71010f8a48,U,336,
0x71010f8b98,U,1740,
0x71010f9264,U,748,
0x71010f9550,U,272,
0x71010f977c,U,112,
0x71010f97ec,U,620,
0x71010f9a58,U,672,
0x71010f9cf8,U,144,
0x71010f9e2c,U,440,
0x71010f9fe4,U,684,
0x71010fa290,U,1092,
0x71010fa6d4,U,188,
0x71010fa790,U,152,
0x71010fa828,U,280,
0x71010fa940,U,284,
0x71010faac0,U,152,
0x71010fab58,U,1704,
0x71010fb200,U,136,
0x71010fb288,U,272,
0x71010fb398,U,164,
0x71010fb43c,U,3132,
0x71010fc090,U,196,
0x71010fc154,U,160,
0x71010fc1f4,U,144,
0x71010fc284,U,152,
0x71010fc31c,U,128,
0x71010fc39c,U,220,
0x71010fc478,U,220,
0x71010fc554,U,168,
0x71010fc5fc,U,144,
0x71010fc68c,U,236,
0x71010fc778,U,236,
0x71010fc864,U,1172,
0x71010fccf8,U,12,
0x71010fcd04,U,5680,
0x71010fe668,U,108,
0x71010fe728,U,24,
0x71010fe740,U,1764,
0x71010fee24,U,796,
0x71010ff2b8,U,272,
0x71010ff3c8,U,324,
0x71010ff50c,U,64,
0x71010ff590,U,68,
0x71010ff5d4,U,16,
0x71010ff5e4,U,272,
0x71010ff6f4,U,348,
0x71010ff850,U,480,
0x71010ffc20,U,24,
0x71010ffc38,U,516,
0x71010ffe3c,U,124,
0x71010ffeb8,U,552,
0x71011000e0,U,556,
0x7101100498,U,172,
0x71011008a8,U,328,
0x7101100d0c,U,248,
0x7101100e04,U,3648,
0x7101101c44,U,424,
0x7101101dec,U,4028,
0x7101102da8,U,372,
0x7101102f3c,U,156,
0x7101102fd8,U,168,
0x7101103080,U,1852,
0x71011037bc,U,648,
0x7101103a44,U,100,
0x7101103aa8,U,1996,
0x7101104274,U,1612,
0x71011048c0,U,216,
0x7101104998,U,960,
0x7101104d58,U,488,
0x7101104f40,U,92,
0x7101104f9c,U,352,
0x71011050fc,U,76,
0x7101105148,U,180,
0x71011051fc,U,264,
0x7101105304,U,1100,
0x71011057fc,U,64,
0x710110583c,U,64,
0x710110587c,U,44,
0x71011058a8,U,132,
0x710110592c,U,36,
0x7101105950,U,8,
0x7101105970,U,32,
0x7101105990,U,256,
0x7101105a94,U,252,
0x7101105b90,U,256,
0x7101105c90,U,4,
0x7101105c94,U,236,
0x7101105d80,U,16,
0x7101105d90,U,20,
0x7101105e14,U,8,
0x7101105e1c,U,8,
0x7101105e24,U,32,
0x7101105e44,U,504,
0x71011061ac,U,8,
0x71011061b4,U,8,
0x71011061bc,U,20,
0x71011061d0,U,468,
0x710110645c,U,52,
0x7101106490,U,188,
0x71011065a8,U,20,
0x71011065bc,U,1324,
0x7101106ae8,U,4,
0x7101106af4,U,4,
0x71011074b8,U,8,
0x71011074c0,U,1176,
0x7101107958,U,1124,
0x7101107dbc,U,184,
0x7101107e84,U,16,
0x7101107e94,U,368,
0x7101108004,U,260,
0x7101108108,U,28,
0x7101108124,U,312,
0x7101108280,U,1636,
0x7101108b98,U,260,
0x7101108c9c,U,3004,
0x7101109858,U,764,
0x7101109b54,U,672,
0x7101109df4,U,152,
0x7101109e8c,U,536,
0x710110a0a4,U,192,
0x710110a164,U,1368,
0x710110a6bc,U,368,
0x710110a82c,U,824,
0x710110ab64,U,3788,
0x710110ba30,U,284,
0x710110bb4c,U,192,
0x710110bc0c,U,1996,
0x710110c3d8,U,96,
0x710110c438,U,96,
0x710110c498,U,96,
0x710110c4f8,U,12,
0x710110c504,U,756,
0x710110c7f8,U,68,
0x710110c83c,U,32,
0x710110c85c,U,532,
0x710110ca70,U,4,
0x710110ca7c,U,80,
0x710110cacc,U,312,
0x710110cc04,U,160,
0x710110cca4,U,3400,
0x710110d9ec,U,220,
0x710110dac8,U,220,
0x710110dba4,U,1744,
0x710110e274,U,4,
0x710110e278,U,204,
0x710110e344,U,152,
0x710110e3dc,U,376,
0x710110e554,U,728,
0x710110e82c,U,1372,
0x710110ed88,U,12,
0x710110ed94,U,1076,
0x710110f1c8,U,92,
0x710110f224,U,12,
0x710110f230,U,12,
0x710110f254,U,196,
0x710110f318,U,4,
0x710110f31c,U,4,
0x710110f320,U,128,
0x710110f3cc,U,296,
0x710110f4f4,U,484,
0x710110f6d8,U,108,
0x710110f744,U,360,
0x710110f8ac,U,208,
0x710110f97c,U,360,
0x710110fae4,U,208,
0x710110fbb4,U,8,
0x710110fbbc,U,8,
0x710110fbc4,U,4,
0x710110fbc8,U,4,
0x710110fbcc,U,328,
0x710110fd14,U,296,
0x710110fec0,U,268,
0x710110ffcc,U,100,
0x7101110030,U,568,
0x7101110268,U,184,
0x7101110330,U,400,
0x71011104c0,U,564,
0x71011106f4,U,600,
0x710111094c,U,24,
0x7101110964,U,812,
0x7101110c90,U,8,
0x7101110ca4,U,12,
0x7101110cb0,U,140,
0x7101110d3c,U,92,
0x7101110d98,U,128,
0x7101110e18,U,436,
0x7101111060,U,888,
0x71011113d8,U,876,
0x7101111744,U,356,
0x7101111c24,U,96,
0x7101111d7c,U,12,
0x7101111d88,U,64,
0x7101111dc8,U,628,
0x710111203c,U,52,
0x7101112070,U,224,
0x7101112150,U,28,
0x7101112238,U,364,
0x71011123a4,U,96,
0x710111243c,U,20,
0x710111249c,U,364,
0x7101112608,U,96,
0x71011126a0,U,20,
0x7101112700,U,364,
0x710111286c,U,60,
0x71011128e4,U,20,
0x7101112938,U,248,
0x7101112ab0,U,492,
0x7101112c9c,U,364,
0x7101112e08,U,60,
0x7101112e80,U,20,
0x7101112ed4,U,248,
0x710111304c,U,492,
0x710111344c,U,128,
0x71011134cc,U,248,
0x71011136b8,U,288,
0x71011137d8,U,288,
0x71011138f8,U,80,
0x7101113a38,U,248,
0x7101113b40,U,420,
0x7101113ce4,U,80,
0x7101113df0,U,364,
0x7101113f5c,U,432,
0x710111410c,U,136,
0x7101114364,U,116,
0x71011143d8,U,432,
0x7101114588,U,312,
0x71011146c0,U,360,
0x7101114828,U,696,
0x7101114ae0,U,560,
0x7101114d10,U,588,
0x7101114f80,U,316,
0x71011150bc,U,328,
0x710111528c,U,212,
0x7101115360,U,44,
0x710111538c,U,224,
0x710111546c,U,84,
0x71011154c0,U,152,
0x7101115568,U,28,
0x71011155bc,U,412,
0x7101115758,U,416,
0x71011159c0,U,412,
0x7101115df8,U,84,
0x7101115e70,U,112,
0x7101115f48,U,112,
0x71011161c8,U,124,
0x7101116244,U,112,
0x71011173fc,U,120,
0x7101117478,U,244,
0x7101118bd8,U,388,
0x7101118d5c,U,732,
0x7101119038,U,1208,
0x7101119514,U,24,
0x710111952c,U,524,
0x7101119768,U,612,
0x71011199cc,U,132,
0x7101119a50,U,12,
0x7101119a5c,U,288,
0x7101119b7c,U,276,
0x7101119c90,U,176,
0x7101119d40,U,268,
0x7101119e4c,U,256,
0x710111a364,U,236,
0x710111a458,U,688,
0x710111a708,U,608,
0x710111a968,U,592,
0x710111abb8,U,428,
0x710111ad64,U,340,
0x710111aeb8,U,392,
0x710111b040,U,248,
0x710111b138,U,248,
0x710111b230,U,236,
0x710111b31c,U,524,
0x710111b528,U,268,
0x710111b634,U,24,
0x710111b64c,U,800,
0x710111b96c,U,456,
0x710111bb34,U,64,
0x710111bb74,U,424,
0x710111bd1c,U,756,
0x710111c010,U,236,
0x710111c0fc,U,732,
0x710111c3d8,U,152,
0x710111c470,U,152,
0x710111c508,U,100,
0x710111c56c,U,288,
0x710111c6dc,U,5420,
0x710111dc08,U,5236,
0x710111f07c,U,264,
0x710111f35c,U,188,
0x710111f418,U,456,
0x710111f5e0,U,48,
0x710111f610,U,76,
0x710111f65c,U,28,
0x710111f78c,U,172,
0x710111f850,U,356,
0x710111f9b4,U,204,
0x710111fa80,U,348,
0x710111fbec,U,28,
0x710111fc58,U,160,
0x710111fd80,U,252,
0x710111fe7c,U,224,
0x710111ff5c,U,224,
0x710112008c,U,236,
0x71011201e4,U,220,
0x71011202c0,U,360,
0x7101120428,U,88,
0x7101120480,U,288,
0x71011205d0,U,20,
0x71011205ec,U,92,
0x7101120648,U,92,
0x7101120afc,U,120,
0x7101120b74,U,216,
0x7101120dc0,U,220,
0x7101120e9c,U,220,
0x7101120f78,U,220,
0x710112155c,U,220,
0x7101121b40,U,220,
0x7101121c1c,U,484,
0x7101121e00,U,220,
0x7101121edc,U,220,
0x71011221dc,U,380,
0x7101122358,U,220,
0x7101122434,U,220,
0x7101122a18,U,220,
0x7101122ffc,U,220,
0x71011230d8,U,500,
0x71011232cc,U,428,
0x7101123918,U,244,
0x7101125484,U,352,
0x71011255e4,U,380,
0x7101125760,U,380,
0x71011258e4,U,940,
0x7101125c90,U,2084,
0x71011264b4,U,268,
0x71011265c0,U,268,
0x71011266cc,U,268,
0x71011267fc,U,24,
0x7101126814,U,112,
0x71011269c0,U,308,
0x7101126af4,U,320,
0x7101126d28,U,352,
0x7101126e88,U,700,
0x7101127144,U,1172,
0x71011275d8,U,460,
0x71011277a4,U,144,
0x7101127834,U,304,
0x7101127964,U,176,
0x7101127a14,U,176,
0x7101127ac4,U,176,
0x7101127b74,U,176,
0x7101127c24,U,592,
0x7101127e78,U,180,
0x7101127f2c,U,456,
0x7101128e88,U,476,
0x7101129064,U,476,
0x7101129240,U,2248,
0x7101129b08,U,2072,
0x710112a320,U,156,
0x710112a3bc,U,412,
0x710112a558,U,1456,
0x710112ab08,U,1464,
0x710112b0c0,U,1476,
0x710112b684,U,320,
0x710112b7c4,U,420,
0x710112b968,U,4,
0x710112b96c,U,220,
0x710112ba48,U,88,
0x710112baa0,U,352,
0x710112bc00,U,232,
0x710112bce8,U,300,
0x710112bec0,U,4,
0x710112bec4,U,88,
0x710112bf20,U,160,
0x710112bfc0,U,1052,
0x710112c3dc,U,252,
0x710112c4d8,U,368,
0x710112c648,U,28,
0x710112c778,U,172,
0x710112c83c,U,356,
0x710112c9a0,U,364,
0x710112cb0c,U,96,
0x710112cba4,U,20,
0x710112cc04,U,364,
0x710112cd70,U,96,
0x710112ce08,U,20,
0x710112ce68,U,364,
0x710112cfd4,U,96,
0x710112d06c,U,20,
0x710112d0cc,U,364,
0x710112d238,U,60,
0x710112d2b0,U,20,
0x710112d438,U,376,
0x710112d5b0,U,364,
0x710112d71c,U,60,
0x710112d794,U,20,
0x710112d91c,U,376,
0x710112da94,U,368,
0x710112dc04,U,104,
0x710112dca4,U,20,
0x710112dd04,U,364,
0x710112de70,U,96,
0x710112df08,U,20,
0x710112df68,U,364,
0x710112e0d4,U,96,
0x710112e16c,U,20,
0x710112e1cc,U,364,
0x710112e338,U,96,
0x710112e3d0,U,20,
0x710112e430,U,364,
0x710112e59c,U,60,
0x710112e614,U,20,
0x710112e668,U,248,
0x710112e7e0,U,492,
0x710112e9cc,U,364,
0x710112eb38,U,60,
0x710112ebb0,U,20,
0x710112ec04,U,248,
0x710112ed7c,U,492,
0x710112ef98,U,204,
0x710112f064,U,348,
0x710112f1f8,U,152,
0x710112f4a0,U,432,
0x710112f650,U,80,
0x710112f7cc,U,80,
0x710112f85c,U,240,
0x710112f960,U,408,
0x710112fe78,U,408,
0x7101130010,U,320,
0x7101130174,U,252,
0x71011304f0,U,200,
0x71011305c8,U,76,
0x7101130614,U,144,
0x71011306a4,U,336,
0x7101130850,U,412,
0x7101130a58,U,248,
0x7101130c3c,U,432,
0x7101130dec,U,372,
0x7101130f60,U,80,
0x7101131014,U,248,
0x710113111c,U,432,
0x71011312cc,U,400,
0x710113145c,U,80,
0x7101131648,U,68,
0x710113168c,U,140,
0x7101131880,U,172,
0x710113192c,U,344,
0x7101131a84,U,276,
0x7101131b98,U,456,
0x7101131d60,U,328,
0x7101131ea8,U,564,
0x71011320dc,U,596,
0x7101132350,U,316,
0x710113248c,U,324,
0x71011326c8,U,28,
0x7101132780,U,88,
0x71011327d8,U,68,
0x71011336b4,U,244,
0x71011337ac,U,352,
0x710113390c,U,388,
0x7101133a90,U,200,
0x7101133b58,U,476,
0x7101133d58,U,112,
0x7101133e98,U,100,
0x7101134008,U,124,
0x7101134420,U,552,
0x7101134718,U,1996,
0x7101134ee4,U,16,
0x7101134ef4,U,16,
0x7101134f04,U,1328,
0x7101135434,U,616,
0x710113569c,U,220,
0x7101135818,U,28,
0x7101135834,U,44,
0x7101135868,U,28,
0x7101135918,U,28,
0x7101135974,U,64,
0x71011359c0,U,160,
0x7101135a64,U,244,
0x7101135d80,U,388,
0x7101135f04,U,236,
0x7101135ff0,U,172,
0x710113609c,U,52,
0x7101136210,U,112,
0x71011362c0,U,36,
0x71011362e4,U,36,
0x7101136308,U,8,
0x7101136310,U,4,
0x7101136314,U,1420,
0x71011368a0,U,788,
0x7101136bb4,U,884,
0x7101136f28,U,4,
0x7101136f2c,U,2416,
0x710113789c,U,140,
0x7101137c70,U,4,
0x7101137c74,U,8,
0x7101137c7c,U,8,
0x7101137c84,U,8,
0x7101137c8c,U,356,
0x7101137df8,U,292,
0x7101137f24,U,28,
0x7101137fd4,U,28,
0x7101137ff0,U,232,
0x7101138188,U,404,
0x710113831c,U,452,
0x71011384e0,U,336,
0x7101138630,U,608,
0x7101138890,U,160,
0x7101138934,U,244,
0x7101138a2c,U,388,
0x7101138bb0,U,280,
0x7101138dc0,U,560,
0x710113906c,U,192,
0x710113912c,U,8,
0x7101139134,U,40,
0x710113915c,U,480,
0x710113960c,U,28,
0x71011396bc,U,28,
0x7101139890,U,84,
0x71011398f0,U,364,
0x7101139a60,U,244,
0x7101139b58,U,388,
0x7101139cdc,U,192,
0x710113a118,U,28,
0x710113a1c8,U,28,
0x710113a1e4,U,128,
0x710113a290,U,160,
0x710113a334,U,244,
0x710113a6e0,U,352,
0x710113a840,U,428,
0x710113a9ec,U,384,
0x710113ab6c,U,484,
0x710113adb4,U,376,
0x710113af2c,U,584,
0x710113b174,U,740,
0x710113b47c,U,112,
0x710113b4ec,U,220,
0x710113b6ac,U,128,
0x710113b72c,U,164,
0x710113b8cc,U,1680,
0x710113bf5c,U,260,
0x710113c060,U,676,
0x710113c304,U,1880,
0x710113ca5c,U,280,
0x710113cb74,U,968,
0x710113cf3c,U,484,
0x710113d120,U,316,
0x710113d25c,U,284,
0x710113d378,U,380,
0x710113d4f4,U,840,
0x710113d83c,U,56,
0x710113d874,U,204,
0x710113d940,U,244,
0x710113da34,U,276,
0x710113db48,U,44,
0x710113db74,U,64,
0x710113dbb4,U,836,
0x710113def8,U,392,
0x710113e080,U,668,
0x710113e31c,U,1296,
0x710113ee18,U,516,
0x710113f01c,U,484,
0x710113f200,U,112,
0x710113f270,U,132,
0x710113f2f4,U,132,
0x710113f378,U,132,
0x710113f3fc,U,132,
0x710113f480,U,28,
0x710113f548,U,28,
0x710113f684,U,84,
0x710113f97c,U,244,
0x710113fdf8,U,388,
0x710113ff7c,U,380,
0x71011400f8,U,696,
0x71011403b0,U,772,
0x71011406b4,U,24,
0x71011406cc,U,500,
0x71011408c4,U,244,
0x7101140c24,U,352,
0x7101140d84,U,380,
0x7101140f00,U,180,
0x7101140fb4,U,376,
0x710114112c,U,440,
0x71011412e4,U,148,
0x7101141378,U,240,
0x7101141468,U,240,
0x7101141558,U,156,
0x71011415f4,U,3404,
0x7101142340,U,132,
0x71011423c4,U,208,
0x7101142494,U,1064,
0x71011428bc,U,108,
0x7101142928,U,96,
0x7101142988,U,160,
0x7101142a28,U,3476,
0x71011437bc,U,124,
0x7101143838,U,604,
0x7101143a94,U,796,
0x7101143db0,U,852,
0x7101144104,U,116,
0x7101144178,U,296,
0x71011442a0,U,156,
0x710114433c,U,1088,
0x710114477c,U,736,
0x7101144a5c,U,11788,
0x7101147868,U,4868,
0x7101148b6c,U,1388,
0x71011490d8,U,28,
0x7101149178,U,28,
0x71011491c8,U,28,
0x7101149300,U,28,
0x7101149354,U,300,
0x7101149564,U,304,
0x7101149ee0,U,244,
0x710114ae8c,U,368,
0x710114affc,U,380,
0x710114b178,U,380,
0x710114b2f4,U,380,
0x710114b470,U,380,
0x710114b5ec,U,836,
0x710114b930,U,612,
0x710114bbb8,U,24,
0x710114bbd4,U,192,
0x710114be28,U,388,
0x710114bfac,U,188,
0x710114c068,U,1456,
0x710114c618,U,608,
0x710114cdfc,U,28,
0x710114ceac,U,28,
0x710114d608,U,244,
0x710114da84,U,388,
0x710114dc08,U,180,
0x710114dcbc,U,180,
0x710114dd70,U,332,
0x710114debc,U,628,
0x710114e130,U,728,
0x710114e4d8,U,252,
0x710114e5f8,U,112,
0x710114e668,U,12,
0x710114e674,U,12,
0x710114e680,U,12,
0x710114eaa4,U,132,
0x710114eb28,U,144,
0x710114ebb8,U,212,
0x710114ec8c,U,544,
0x710114eeac,U,2060,
0x710114f780,U,736,
0x710114fa60,U,292,
0x710114fb84,U,776,
0x710114fe8c,U,300,
0x710114ffb8,U,208,
0x7101150088,U,248,
0x7101150180,U,156,
0x710115021c,U,120,
0x7101150294,U,224,
0x7101152008,U,160,
0x71011520a8,U,212,
0x710115217c,U,2060,
0x7101152988,U,412,
0x7101152b24,U,108,
0x7101152b90,U,124,
0x7101152c0c,U,188,
0x7101152cc8,U,704,
0x7101152f88,U,476,
0x7101153164,U,104,
0x71011531cc,U,848,
0x710115351c,U,528,
0x710115372c,U,236,
0x7101153818,U,48,
0x710115399c,U,516,
0x7101153c6c,U,268,
0x7101153d78,U,684,
0x7101154024,U,572,
0x710115439c,U,924,
0x7101154738,U,2532,
0x7101155124,U,348,
0x710115596c,U,264,
0x7101155a74,U,720,
0x7101156058,U,152,
0x71011560f0,U,328,
0x7101156238,U,292,
0x710115635c,U,316,
0x710115649c,U,876,
0x7101156808,U,508,
0x7101156a04,U,36,
0x7101156a28,U,156,
0x7101156ac4,U,268,
0x7101156bd0,U,48,
0x7101156c00,U,108,
0x7101156c6c,U,780,
0x7101156f78,U,112,
0x7101156fe8,U,116,
0x710115705c,U,44,
0x7101157088,U,368,
0x71011571f8,U,300,
0x7101157324,U,524,
0x7101157530,U,420,
0x71011576d4,U,8,
0x71011576dc,U,140,
0x7101157770,U,28,
0x7101157820,U,28,
0x710115790c,U,188,
0x71011579c8,U,384,
0x7101157b48,U,192,
0x7101157c08,U,436,
0x7101157dbc,U,324,
0x7101157f00,U,432,
0x71011581a4,U,192,
0x7101158414,U,244,
0x7101158944,U,344,
0x7101158a9c,U,380,
0x7101158c18,U,52,
0x7101158c4c,U,100,
0x7101158cb4,U,4,
0x7101158cb8,U,124,
0x7101158d34,U,4,
0x7101158d38,U,64,
0x7101158d78,U,440,
0x7101158f30,U,20,
0x7101158f44,U,92,
0x7101158fa0,U,616,
0x7101159208,U,28,
0x71011592b8,U,28,
0x7101159340,U,160,
0x71011593e4,U,244,
0x7101159d04,U,352,
0x7101159e64,U,380,
0x7101159fe4,U,244,
0x710115a2ac,U,388,
0x710115a430,U,696,
0x710115a7f4,U,84,
0x710115a848,U,136,
0x710115a950,U,112,
0x710115a9c4,U,36,
0x710115a9e8,U,304,
0x710115ab50,U,360,
0x710115b17c,U,2964,
0x710115bdcc,U,196,
0x710115d978,U,28,
0x710115da18,U,28,
0x710115da68,U,28,
0x710115db4c,U,28,
0x710115ddb8,U,244,
0x710115ef20,U,344,
0x710115f078,U,180,
0x710115f12c,U,380,
0x710115f2a8,U,380,
0x710115f424,U,380,
0x710115f5a0,U,180,
0x710115f654,U,180,
0x710115f708,U,180,
0x710115f7bc,U,352,
0x710115f91c,U,708,
0x710115fbe4,U,112,
0x710115fc54,U,8,
0x710115fc5c,U,444,
0x710115fe18,U,4,
0x710115fe1c,U,4,
0x710115fe20,U,420,
0x710115ffc4,U,148,
0x7101160058,U,32,
0x7101160078,U,320,
0x71011601b8,U,92,
0x7101160214,U,100,
0x7101160278,U,208,
0x7101160348,U,92,
0x71011603a4,U,100,
0x7101160408,U,100,
0x710116046c,U,476,
0x710116064c,U,284,
0x7101160768,U,60,
0x71011607a4,U,8,
0x71011607ac,U,232,
0x7101160e70,U,300,
0x7101160f9c,U,236,
0x7101161088,U,44,
0x71011610b4,U,64,
0x71011610f4,U,204,
0x71011611c0,U,28,
0x7101161270,U,28,
0x7101161520,U,160,
0x71011615c0,U,160,
0x7101161660,U,160,
0x710116179c,U,536,
0x71011619b4,U,336,
0x7101161b10,U,160,
0x7101161bb4,U,244,
0x710116225c,U,352,
0x71011623bc,U,380,
0x710116253c,U,244,
0x7101164374,U,388,
0x71011644f8,U,696,
0x71011647b0,U,340,
0x7101164904,U,224,
0x7101164a08,U,112,
0x7101164b24,U,412,
0x7101164cc0,U,304,
0x7101164f0c,U,628,
0x7101165180,U,1568,
0x7101165844,U,100,
0x71011658a8,U,56,
0x7101165c40,U,40,
0x7101165c68,U,288,
0x7101165e44,U,48,
0x7101165f30,U,3388,
0x7101166c6c,U,1748,
0x7101167340,U,8,
0x7101167aec,U,692,
0x7101167da0,U,68,
0x7101167de4,U,116,
0x7101167e58,U,5556,
0x71011697a0,U,564,
0x71011699d4,U,68,
0x7101169a18,U,180,
0x7101169b00,U,116,
0x7101169b74,U,1500,
0x710116a150,U,8,
0x710116a158,U,8,
0x710116a160,U,8,
0x710116a168,U,8,
0x710116a170,U,88,
0x710116a1c8,U,28,
0x710116a268,U,28,
0x710116a2b8,U,28,
0x710116a3b4,U,80,
0x710116a414,U,28,
0x710116a4bc,U,536,
0x710116a6d4,U,336,
0x710116aaa0,U,244,
0x710116ac60,U,388,
0x710116ade8,U,244,
0x710116b470,U,388,
0x710116b5f4,U,380,
0x710116b770,U,380,
0x710116b8ec,U,388,
0x710116ba70,U,132,
0x710116baf4,U,140,
0x710116bb80,U,112,
0x710116bbf0,U,1336,
0x710116c128,U,608,
0x710116c388,U,596,
0x710116c5dc,U,104,
0x710116c644,U,556,
0x710116c870,U,1004,
0x710116cc5c,U,28,
0x710116cd0c,U,28,
0x710116cd84,U,28,
0x710116cdd4,U,28,
0x710116cdf0,U,112,
0x710116cf3c,U,124,
0x710116cfb8,U,124,
0x710116d058,U,100,
0x710116d0bc,U,100,
0x710116d120,U,532,
0x710116d338,U,244,
0x710116d430,U,388,
0x710116d5b4,U,428,
0x710116d760,U,384,
0x710116daec,U,384,
0x710116dd7c,U,1844,
0x710116e4b0,U,544,
0x710116e6d0,U,168,
0x710116e778,U,132,
0x710116e7fc,U,28,
0x710116e8dc,U,28,
0x710116ed2c,U,2280,
0x710116f614,U,644,
0x710116f89c,U,244,
0x7101170330,U,388,
0x71011704b4,U,380,
0x7101170630,U,180,
0x71011706e4,U,180,
0x7101170798,U,180,
0x710117084c,U,180,
0x7101170900,U,180,
0x71011709b4,U,376,
0x7101170b2c,U,628,
0x7101170da0,U,508,
0x7101170f9c,U,740,
0x7101171280,U,248,
0x71011715d0,U,1080,
0x7101171a08,U,1476,
0x7101171fcc,U,1944,
0x7101172764,U,28,
0x7101172780,U,28,
0x71011727e8,U,440,
0x71011729a8,U,12,
0x71011729b4,U,824,
0x7101172cec,U,580,
0x7101172f30,U,16,
0x7101172f40,U,872,
0x71011732a8,U,708,
0x710117356c,U,24,
0x7101173584,U,28,
0x71011735a0,U,24,
0x71011735b8,U,24,
0x71011735d0,U,24,
0x71011735e8,U,100,
0x710117364c,U,148,
0x71011736e0,U,148,
0x7101173824,U,192,
0x71011738f8,U,28,
0x7101173914,U,80,
0x7101173964,U,32,
0x7101173984,U,64,
0x71011739c4,U,64,
0x7101173a04,U,164,
0x7101173ac8,U,240,
0x7101173bb8,U,120,
0x7101173c48,U,24,
0x7101173c60,U,380,
0x7101173ddc,U,280,
0x7101173ef4,U,724,
0x71011741c8,U,332,
0x7101174314,U,168,
0x71011743bc,U,92,
0x7101174418,U,28,
0x71011744c8,U,28,
0x7101174534,U,68,
0x71011745dc,U,200,
0x7101174720,U,156,
0x71011747bc,U,196,
0x7101174880,U,196,
0x7101174944,U,228,
0x7101174a64,U,192,
0x7101174b30,U,160,
0x7101174bd4,U,244,
0x710117525c,U,352,
0x71011753bc,U,180,
0x7101175470,U,180,
0x7101175524,U,180,
0x71011755d8,U,180,
0x710117568c,U,180,
0x7101175740,U,180,
0x71011757f4,U,672,
0x7101175a94,U,688,
0x710117617c,U,152,
0x7101176214,U,1048,
0x710117662c,U,100,
0x7101176690,U,244,
0x7101176784,U,772,
0x7101176a88,U,148,
0x7101176b1c,U,124,
0x7101176b98,U,76,
0x7101176be4,U,8,
0x7101176bec,U,124,
0x7101176ce8,U,76,
0x7101176d34,U,216,
0x7101176e0c,U,108,
0x7101176e78,U,48,
0x7101176ea8,U,412,
0x7101177044,U,412,
0x71011771e0,U,120,
0x7101177258,U,396,
0x71011773e4,U,172,
0x7101177490,U,700,
0x710117774c,U,332,
0x7101177898,U,472,
0x7101177a70,U,120,
0x7101177ae8,U,128,
0x7101177b68,U,120,
0x7101177be0,U,204,
0x7101177cac,U,128,
0x7101177d2c,U,124,
0x7101177da8,U,124,
0x7101177e24,U,124,
0x7101177ea0,U,184,
0x7101177f58,U,184,
0x7101178010,U,124,
0x710117808c,U,168,
0x7101178134,U,192,
0x71011781f4,U,128,
0x7101178274,U,120,
0x71011782ec,U,84,
0x7101178394,U,400,
0x7101178524,U,64,
0x7101178564,U,68,
0x71011785a8,U,68,
0x71011785ec,U,496,
0x71011787dc,U,784,
0x7101178aec,U,20,
0x7101178b00,U,392,
0x7101178c88,U,384,
0x7101178e08,U,100,
0x7101178e6c,U,8,
0x7101178e74,U,176,
0x7101179808,U,104,
0x7101179870,U,8,
0x7101179878,U,964,
0x7101179c3c,U,128,
0x7101179cbc,U,68,
0x7101179d00,U,8,
0x7101179d08,U,148,
0x7101179d9c,U,68,
0x7101179de0,U,136,
0x7101179e68,U,104,
0x7101179ed0,U,104,
0x7101179f38,U,76,
0x7101179f84,U,144,
0x710117a018,U,248,
0x710117a110,U,128,
0x710117a190,U,788,
0x710117a4a4,U,380,
0x710117a620,U,884,
0x710117a994,U,280,
0x710117aaac,U,156,
0x710117ab48,U,28,
0x710117ab64,U,152,
0x710117abfc,U,140,
0x710117ac88,U,144,
0x710117ad18,U,64,
0x710117ad58,U,104,
0x710117adc0,U,120,
0x710117ae38,U,216,
0x710117af10,U,380,
0x710117b08c,U,164,
0x710117b130,U,152,
0x710117b1c8,U,384,
0x710117b348,U,160,
0x710117b3e8,U,8,
0x710117b3f0,U,8,
0x710117b3f8,U,416,
0x710117b6f0,U,28,
0x710117b794,U,280,
0x710117bae8,U,84,
0x710117bb4c,U,28,
0x710117bd5c,U,412,
0x710117c2e4,U,312,
0x710117c420,U,16,
0x710117c430,U,4256,
0x710117d4d0,U,1820,
0x710117dbf0,U,1080,
0x710117e030,U,1400,
0x710117e5b0,U,1388,
0x710117eb1c,U,404,
0x710117ecb0,U,452,
0x710117ee74,U,336,
0x710117efc4,U,608,
0x710117f230,U,208,
0x710117f304,U,244,
0x71011800b0,U,372,
0x7101180224,U,652,
0x71011804b0,U,468,
0x71011806b4,U,160,
0x71011814dc,U,68,
0x7101181520,U,68,
0x7101181564,U,68,
0x71011817d0,U,28,
0x7101181880,U,28,
0x71011818f0,U,160,
0x7101181994,U,244,
0x7101181a8c,U,388,
0x7101181cd8,U,148,
0x7101181ec4,U,28,
0x7101181f88,U,28,
0x7101182010,U,160,
0x71011820b4,U,244,
0x71011821ac,U,388,
0x710118278c,U,28,
0x710118283c,U,28,
0x71011828e0,U,160,
0x7101182984,U,244,
0x71011831f4,U,388,
0x7101183378,U,380,
0x71011834f4,U,380,
0x7101183670,U,380,
0x71011837ec,U,696,
0x7101183ab0,U,660,
0x7101183d44,U,576,
0x7101183f84,U,164,
0x7101184028,U,396,
0x71011843d0,U,816,
0x7101184708,U,704,
0x71011849c8,U,724,
0x7101184c9c,U,2484,
0x7101185720,U,392,
0x7101185904,U,880,
0x7101185c74,U,340,
0x7101185dc8,U,12,
0x7101185f8c,U,28,
0x7101186030,U,84,
0x7101186094,U,28,
0x7101186130,U,92,
0x710118618c,U,256,
0x71011862f0,U,92,
0x710118634c,U,256,
0x71011864b0,U,92,
0x710118650c,U,256,
0x7101186670,U,272,
0x7101186780,U,84,
0x71011867d4,U,20,
0x71011867ec,U,112,
0x7101186870,U,140,
0x71011868fc,U,376,
0x7101186a80,U,764,
0x7101186d7c,U,608,
0x7101187644,U,1516,
0x7101187c30,U,508,
0x7101187e2c,U,280,
0x7101188398,U,108,
0x7101188a08,U,240,
0x7101188c2c,U,316,
0x71011898b4,U,1064,
0x7101189cdc,U,400,
0x7101189e6c,U,1048,
0x710118a284,U,572,
0x710118a4c0,U,260,
0x710118a5c4,U,780,
0x710118a8d0,U,388,
0x710118aa54,U,104,
0x710118abf0,U,656,
0x710118ae80,U,1284,
0x710118b384,U,260,
0x710118b488,U,1556,
0x710118ba9c,U,700,
0x710118bd58,U,504,
0x710118bf50,U,2128,
0x710118d308,U,1088,
0x710118d748,U,4832,
0x710118ea28,U,3776,
0x710118f8f0,U,88,
0x710118f948,U,112,
0x710118f9b8,U,536,
0x710118fbd0,U,336,
0x710118fd30,U,252,
0x71011902d4,U,664,
0x710119056c,U,404,
0x7101190700,U,96,
0x7101190890,U,340,
0x7101191198,U,516,
0x7101191684,U,796,
0x71011919a0,U,796,
0x7101191cc0,U,1720,
0x7101192390,U,144,
0x7101192420,U,252,
0x7101192520,U,264,
0x7101192628,U,52,
0x7101192664,U,420,
0x7101192808,U,48,
0x7101192838,U,268,
0x7101192944,U,264,
0x7101192a4c,U,156,
0x7101192ae8,U,60,
0x7101192b24,U,36,
0x7101192b48,U,92,
0x7101192c5c,U,360,
0x7101192dc4,U,292,
0x7101192ee8,U,368,
0x710119307c,U,648,
0x7101193304,U,104,
0x710119336c,U,4,
0x71011933cc,U,228,
0x71011934b0,U,216,
0x7101193590,U,252,
0x71011938bc,U,176,
0x710119396c,U,112,
0x71011939dc,U,204,
0x7101193cb4,U,468,
0x7101193e88,U,88,
0x7101193ee0,U,168,
0x7101193f88,U,1028,
0x710119438c,U,172,
0x7101194438,U,68,
0x710119447c,U,1564,
0x7101194aa8,U,476,
0x7101194c84,U,460,
0x7101194e50,U,460,
0x710119501c,U,460,
0x71011951e8,U,264,
0x71011952f0,U,476,
0x71011954cc,U,264,
0x71011955d4,U,476,
0x71011957b0,U,228,
0x7101195894,U,248,
0x710119598c,U,384,
0x7101195b0c,U,248,
0x7101195c04,U,384,
0x7101195d84,U,248,
0x7101195e7c,U,300,
0x7101195fa8,U,312,
0x71011960e0,U,420,
0x7101196284,U,1096,
0x71011966cc,U,1320,
0x7101196bf4,U,180,
0x7101196ccc,U,640,
0x7101196f4c,U,140,
0x7101196fd8,U,48,
0x7101197008,U,648,
0x7101197290,U,1148,
0x710119770c,U,256,
0x710119780c,U,724,
0x7101197ae0,U,476,
0x7101197cbc,U,96,
0x7101197d1c,U,16,
0x7101197d2c,U,84,
0x7101197d80,U,88,
0x7101197dd8,U,84,
0x7101197e2c,U,100,
0x7101197e90,U,764,
0x710119818c,U,444,
0x7101198348,U,264,
0x7101198450,U,516,
0x7101198654,U,20,
0x7101198668,U,12,
0x7101198674,U,20,
0x7101198688,U,32,
0x71011986a8,U,16,
0x71011986b8,U,16,
0x71011986c8,U,24,
0x71011986e0,U,332,
0x710119882c,U,332,
0x7101198978,U,660,
0x7101198c0c,U,636,
0x7101198e88,U,608,
0x71011990e8,U,220,
0x71011991c4,U,796,
0x71011994e0,U,100,
0x7101199544,U,124,
0x71011995c0,U,424,
0x7101199768,U,176,
0x7101199818,U,156,
0x71011998b4,U,528,
0x7101199ac4,U,872,
0x7101199e2c,U,220,
0x7101199f08,U,520,
0x710119a110,U,528,
0x710119a320,U,176,
0x710119a3d0,U,300,
0x710119a4fc,U,16,
0x710119a50c,U,204,
0x710119a5d8,U,56,
0x710119a610,U,612,
0x710119a874,U,328,
0x710119a9bc,U,348,
0x710119acb0,U,140,
0x710119ad3c,U,232,
0x710119ae24,U,196,
0x710119aee8,U,252,
0x710119b048,U,84,
0x710119b75c,U,800,
0x710119ba7c,U,168,
0x710119bb24,U,84,
0x710119bb80,U,140,
0x710119bc64,U,328,
0x710119bdac,U,40,
0x710119bdd4,U,40,
0x710119bdfc,U,40,
0x710119be24,U,508,
0x710119c020,U,96,
0x710119c080,U,336,
0x710119c1d0,U,56,
0x710119c208,U,296,
0x710119c330,U,236,
0x710119c41c,U,1496,
0x710119c9f4,U,8,
0x710119c9fc,U,144,
0x710119ca8c,U,136,
0x710119cb14,U,48,
0x710119cb44,U,804,
0x710119ce68,U,472,
0x710119d040,U,732,
0x710119d31c,U,4,
0x710119d340,U,324,
0x710119d484,U,256,
0x710119d584,U,108,
0x710119d5f0,U,500,
0x710119d7e4,U,300,
0x710119d910,U,168,
0x710119d9b8,U,232,
0x710119daa0,U,100,
0x710119db04,U,88,
0x710119db5c,U,300,
0x710119dc88,U,268,
0x710119dd94,U,292,
0x710119deb8,U,320,
0x710119dff8,U,1268,
0x710119e4ec,U,204,
0x710119e5b8,U,204,
0x710119e684,U,440,
0x710119e83c,U,352,
0x710119e9a0,U,140,
0x710119ea84,U,244,
0x710119f444,U,352,
0x710119f5a8,U,244,
0x710119f9bc,U,388,
0x710119fb40,U,696,
0x710119fe50,U,4900,
0x71011a1174,U,316,
0x71011a12b0,U,1780,
0x71011a19a4,U,860,
0x71011a1d00,U,272,
0x71011a1e34,U,860,
0x71011a2190,U,92,
0x71011a21ec,U,96,
0x71011a224c,U,692,
0x71011a2500,U,624,
0x71011a2770,U,692,
0x71011a2a24,U,856,
0x71011a2d7c,U,24,
0x71011a2d94,U,24,
0x71011a2dac,U,112,
0x71011a2e1c,U,56,
0x71011a2e54,U,360,
0x71011a2fbc,U,20,
0x71011a2fd0,U,592,
0x71011a3220,U,20,
0x71011a3234,U,164,
0x71011a32d8,U,668,
0x71011a3574,U,416,
0x71011a3714,U,840,
0x71011a3a5c,U,792,
0x71011a3d74,U,188,
0x71011a3e30,U,108,
0x71011a3e9c,U,80,
0x71011a3eec,U,244,
0x71011a3fe0,U,112,
0x71011a4050,U,2292,
0x71011a4944,U,16,
0x71011a4954,U,16,
0x71011a4964,U,28,
0x71011a4980,U,28,
0x71011a49d0,U,28,
0x71011a4adc,U,28,
0x71011a4b80,U,820,
0x71011a4eb4,U,104,
0x71011a4f1c,U,284,
0x71011a5040,U,140,
0x71011a50cc,U,128,
0x71011a514c,U,352,
0x71011a5310,U,824,
0x71011a5648,U,8,
0x71011a5650,U,328,
0x71011a5798,U,448,
0x71011a5958,U,360,
0x71011a5ac0,U,264,
0x71011a5bc8,U,276,
0x71011a5cdc,U,308,
0x71011a5e10,U,84,
0x71011a5e70,U,140,
0x71011a5f00,U,244,
0x71011a6210,U,388,
0x71011a6394,U,696,
0x71011a664c,U,84,
0x71011a66a0,U,280,
0x71011a67b8,U,320,
0x71011a68f8,U,120,
0x71011a69b8,U,340,
0x71011a6b0c,U,72,
0x71011a6b68,U,88,
0x71011a6bc0,U,220,
0x71011a6c9c,U,180,
0x71011a6d50,U,376,
0x71011a6ec8,U,580,
0x71011a710c,U,4,
0x71011a7110,U,348,
0x71011a726c,U,336,
0x71011a73bc,U,4,
0x71011a73c0,U,404,
0x71011a7554,U,156,
0x71011a75f0,U,156,
0x71011a768c,U,96,
0x71011a76ec,U,68,
0x71011a7730,U,132,
0x71011a77b4,U,28,
0x71011a7804,U,28,
0x71011a78a8,U,148,
0x71011a7a18,U,340,
0x71011a7b90,U,148,
0x71011a7d88,U,212,
0x71011a7e60,U,212,
0x71011a7fcc,U,1856,
0x71011a870c,U,1572,
0x71011a8d30,U,280,
0x71011a8e48,U,280,
0x71011a8f60,U,612,
0x71011a91c4,U,460,
0x71011a9390,U,340,
0x71011a96d4,U,280,
0x71011a97ec,U,404,
0x71011a9980,U,344,
0x71011a9ad8,U,220,
0x71011a9bb4,U,120,
0x71011a9c2c,U,548,
0x71011a9e50,U,644,
0x71011aa0d4,U,1232,
0x71011aa5a4,U,252,
0x71011aa6a0,U,384,
0x71011aa820,U,120,
0x71011aa898,U,312,
0x71011aa9d0,U,8,
0x71011aaaf0,U,604,
0x71011aad4c,U,340,
0x71011aafe4,U,84,
0x71011ab17c,U,84,
0x71011ab1d0,U,240,
0x71011ab2c0,U,324,
0x71011ab410,U,760,
0x71011ab708,U,388,
0x71011ab88c,U,388,
0x71011abbd4,U,244,
0x71011abccc,U,352,
0x71011abe2c,U,152,
0x71011abec4,U,316,
0x71011ac0f0,U,84,
0x71011ac144,U,1068,
0x71011ac570,U,348,
0x71011ac7f0,U,28,
0x71011ac81c,U,28,
0x71011ac8e8,U,252,
0x71011ac9f0,U,160,
0x71011aca94,U,244,
0x71011acb8c,U,388,
0x71011acd10,U,100,
0x71011acd74,U,140,
0x71011ace94,U,64,
0x71011aced4,U,72,
0x71011acf1c,U,312,
0x71011ad054,U,360,
0x71011ad1bc,U,28,
0x71011ad1e8,U,28,
0x71011ad204,U,116,
0x71011ad29c,U,188,
0x71011ad358,U,388,
0x71011ad4e0,U,160,
0x71011ad580,U,140,
0x71011ad60c,U,1452,
0x71011adbb8,U,1904,
0x71011ae328,U,552,
0x71011ae550,U,496,
0x71011ae740,U,468,
0x71011ae914,U,484,
0x71011aeaf8,U,484,
0x71011aecdc,U,448,
0x71011aee9c,U,484,
0x71011af080,U,448,
0x71011af240,U,484,
0x71011af424,U,448,
0x71011af5e4,U,480,
0x71011af7c4,U,448,
0x71011af984,U,480,
0x71011afb64,U,448,
0x71011afd24,U,480,
0x71011aff04,U,448,
0x71011b00d0,U,140,
0x71011b0210,U,328,
0x71011b0358,U,744,
0x71011b0640,U,352,
0x71011b07a0,U,376,
0x71011b0918,U,584,
0x71011b0b60,U,388,
0x71011b0ce4,U,1648,
0x71011b1354,U,352,
0x71011b14b4,U,376,
0x71011b162c,U,380,
0x71011b17a8,U,380,
0x71011b1924,U,516,
0x71011b1b28,U,516,
0x71011b1d2c,U,516,
0x71011b250c,U,300,
0x71011b2638,U,1472,
0x71011b2cf0,U,340,
0x71011b2e44,U,240,
0x71011b364c,U,284,
0x71011b3768,U,16,
0x71011b3778,U,192,
0x71011b3838,U,8,
0x71011b3840,U,336,
0x71011b3990,U,5824,
0x71011b5050,U,372,
0x71011b51c4,U,980,
0x71011b5598,U,220,
0x71011b5674,U,336,
0x71011b57c4,U,736,
0x71011b5aa4,U,664,
0x71011b5d3c,U,88,
0x71011b5d94,U,456,
0x71011b5f5c,U,212,
0x71011b6030,U,472,
0x71011b6208,U,444,
0x71011b63c4,U,472,
0x71011b659c,U,352,
0x71011b66fc,U,352,
0x71011b685c,U,380,
0x71011b69d8,U,388,
0x71011b6b5c,U,96,
0x71011b6bbc,U,592,
0x71011b6e0c,U,476,
0x71011b6fe8,U,836,
0x71011b732c,U,472,
0x71011b7504,U,16,
0x71011b7514,U,724,
0x71011b77e8,U,516,
0x71011b79ec,U,96,
0x71011b7a4c,U,52,
0x71011b7a80,U,424,
0x71011b7c28,U,588,
0x71011b7e74,U,8,
0x71011b7e7c,U,68,
0x71011b7ec0,U,136,
0x71011b7f48,U,64,
0x71011b7f88,U,64,
0x71011b7fc8,U,68,
0x71011b800c,U,108,
0x71011b8078,U,64,
0x71011b80b8,U,84,
0x71011b810c,U,84,
0x71011b8160,U,84,
0x71011b81b4,U,400,
0x71011b8344,U,300,
0x71011b8470,U,396,
0x71011b85fc,U,296,
0x71011b8724,U,108,
0x71011b8790,U,156,
0x71011b882c,U,244,
0x71011b8920,U,12,
0x71011b892c,U,176,
0x71011b89dc,U,164,
0x71011b8a80,U,352,
0x71011b8be0,U,304,
0x71011b8d10,U,180,
0x71011b8dc4,U,740,
0x71011b90a8,U,796,
0x71011b93c4,U,232,
0x71011b94ac,U,432,
0x71011b965c,U,352,
0x71011b97bc,U,428,
0x71011b9968,U,180,
0x71011b9a1c,U,424,
0x71011b9bc4,U,288,
0x71011b9ce4,U,712,
0x71011b9fac,U,84,
0x71011ba000,U,200,
0x71011ba0c8,U,268,
0x71011ba1d4,U,108,
0x71011ba240,U,124,
0x71011ba2bc,U,12,
0x71011ba2c8,U,12,
0x71011ba2d4,U,172,
0x71011ba380,U,24,
0x71011ba398,U,24,
0x71011ba3b0,U,332,
0x71011ba4fc,U,352,
0x71011ba65c,U,4,
0x71011ba660,U,180,
0x71011ba714,U,712,
0x71011ba9dc,U,92,
0x71011baa38,U,108,
0x71011baaa4,U,108,
0x71011bab10,U,112,
0x71011bab80,U,16,
0x71011bab90,U,16,
0x71011baba0,U,16,
0x71011babb0,U,96,
0x71011bac70,U,20,
0x71011bacd8,U,76,
0x71011bad24,U,96,
0x71011badf8,U,20,
0x71011bae74,U,96,
0x71011baed4,U,96,
0x71011baf94,U,20,
0x71011baffc,U,76,
0x71011bb088,U,276,
0x71011bb23c,U,160,
0x71011bb2dc,U,196,
0x71011bb41c,U,192,
0x71011bb594,U,276,
0x71011bb844,U,328,
0x71011bbad0,U,84,
0x71011bbb24,U,484,
0x71011bbd2c,U,148,
0x71011bbe4c,U,188,
0x71011bbf08,U,424,
0x71011bc0b0,U,1920,
0x71011bc830,U,384,
0x71011bc9b0,U,360,
0x71011bcb20,U,472,
0x71011bcd00,U,540,
0x71011bcf1c,U,220,
0x71011bcff8,U,344,
0x71011bd150,U,88,
0x71011bd1ec,U,20,
0x71011bd280,U,312,
0x71011bd3b8,U,328,
0x71011bd500,U,696,
0x71011bd7b8,U,320,
0x71011bd900,U,760,
0x71011be0d0,U,428,
0x71011be27c,U,384,
0x71011be400,U,244,
0x71011bef8c,U,352,
0x71011bf0ec,U,184,
0x71011bf1a4,U,420,
0x71011bf3a0,U,44,
0x71011bf3cc,U,396,
0x71011bf558,U,264,
0x71011bf744,U,1052,
0x71011bfd28,U,880,
0x71011c0150,U,8,
0x71011c0158,U,1332,
0x71011c068c,U,24,
0x71011c06a4,U,568,
0x71011c08dc,U,8,
0x71011c08e4,U,2648,
0x71011c133c,U,28,
0x71011c13f4,U,28,
0x71011c1728,U,12,
0x71011c1740,U,36,
0x71011c1764,U,408,
0x71011c1900,U,140,
0x71011c198c,U,220,
0x71011c1a68,U,220,
0x71011c1ec8,U,388,
0x71011c204c,U,220,
0x71011c24ac,U,388,
0x71011c2630,U,220,
0x71011c270c,U,496,
0x71011c28fc,U,220,
0x71011c29d8,U,220,
0x71011c2e38,U,388,
0x71011c2fbc,U,220,
0x71011c341c,U,388,
0x71011c35a0,U,220,
0x71011c367c,U,488,
0x71011c3868,U,244,
0x71011c86a8,U,352,
0x71011c8808,U,380,
0x71011c8984,U,380,
0x71011c8b00,U,380,
0x71011c8c7c,U,380,
0x71011c8df8,U,380,
0x71011c8f74,U,380,
0x71011c90f0,U,380,
0x71011c926c,U,380,
0x71011c93e8,U,380,
0x71011c9564,U,376,
0x71011c96dc,U,380,
0x71011c9858,U,380,
0x71011c99d4,U,380,
0x71011c9b50,U,380,
0x71011c9ccc,U,380,
0x71011c9e48,U,380,
0x71011c9fc4,U,380,
0x71011ca140,U,380,
0x71011ca2bc,U,380,
0x71011ca438,U,380,
0x71011ca5b4,U,380,
0x71011ca730,U,380,
0x71011ca8ac,U,380,
0x71011caa28,U,380,
0x71011caba4,U,380,
0x71011cad20,U,380,
0x71011cae9c,U,380,
0x71011cb018,U,380,
0x71011cb194,U,380,
0x71011cb310,U,380,
0x71011cb48c,U,380,
0x71011cb608,U,380,
0x71011cb784,U,380,
0x71011cb900,U,380,
0x71011cba7c,U,380,
0x71011cbbf8,U,380,
0x71011cbd74,U,380,
0x71011cbef0,U,380,
0x71011cc06c,U,380,
0x71011cc1e8,U,380,
0x71011cc364,U,380,
0x71011cc4e0,U,380,
0x71011cc65c,U,236,
0x71011cc748,U,252,
0x71011cc844,U,252,
0x71011cc940,U,252,
0x71011cca3c,U,236,
0x71011ccb28,U,252,
0x71011ccc24,U,252,
0x71011ccd20,U,252,
0x71011cce1c,U,408,
0x71011ccfb4,U,336,
0x71011cd128,U,536,
0x71011cd340,U,228,
0x71011cd424,U,144,
0x71011cd4b4,U,68,
0x71011cd4f8,U,164,
0x71011cd59c,U,4,
0x71011cd5a0,U,56,
0x71011cd5d8,U,4,
0x71011cd5dc,U,1620,
0x71011cdc30,U,100,
0x71011cdc94,U,84,
0x71011cdce8,U,300,
0x71011cde14,U,48,
0x71011cde44,U,32,
0x71011cde64,U,280,
0x71011cdf7c,U,44,
0x71011cdfa8,U,304,
0x71011ce0d8,U,304,
0x71011ce208,U,68,
0x71011ce24c,U,304,
0x71011ce37c,U,268,
0x71011ce488,U,44,
0x71011ce4e4,U,228,
0x71011ce630,U,76,
0x71011ce67c,U,8,
0x71011ce684,U,100,
0x71011ce6e8,U,660,
0x71011ce97c,U,56,
0x71011ce9b4,U,268,
0x71011ceac0,U,116,
0x71011ceb34,U,32,
0x71011ceb54,U,92,
0x71011cebb0,U,92,
0x71011cec0c,U,92,
0x71011cec68,U,92,
0x71011cecc4,U,88,
0x71011ced1c,U,208,
0x71011cedec,U,8,
0x71011cedf4,U,28,
0x71011cee10,U,48,
0x71011cee40,U,284,
0x71011cef5c,U,24,
0x71011cef74,U,308,
0x71011cf0a8,U,132,
0x71011cf12c,U,136,
0x71011cf1b4,U,96,
0x71011cf214,U,100,
0x71011cf278,U,16,
0x71011cf288,U,4,
0x71011cf28c,U,4,
0x71011cf290,U,20,
0x71011cf2a4,U,192,
0x71011cf364,U,44,
0x71011cf394,U,8,
0x71011cf39c,U,460,
0x71011cf568,U,200,
0x71011cf630,U,200,
0x71011cf704,U,4,
0x71011cf708,U,4,
0x71011cf70c,U,4,
0x71011cf718,U,4,
0x71011cf71c,U,4,
0x71011cf724,U,4,
0x71011cf728,U,4,
0x71011cf72c,U,4,
0x71011cf730,U,4,
0x71011cf734,U,4,
0x71011cf738,U,4,
0x71011cf73c,U,4,
0x71011cf740,U,4,
0x71011cf744,U,4,
0x71011cf748,U,4,
0x71011cf74c,U,4,
0x71011cf750,U,4,
0x71011cf754,U,4,
0x71011cf758,U,4,
0x71011cf75c,U,136,
0x71011cf7e4,U,236,
0x71011cf8d0,U,144,
0x71011cf960,U,128,
0x71011cf9e0,U,84,
0x71011cfa34,U,124,
0x71011cfab0,U,124,
0x71011cfb2c,U,124,
0x71011cfba8,U,124,
0x71011cfc24,U,272,
0x71011cfd34,U,132,
0x71011cfdb8,U,148,
0x71011cfe4c,U,272,
0x71011cff5c,U,136,
0x71011cffe4,U,40,
0x71011d000c,U,36,
0x71011d0040,U,72,
0x71011d0088,U,100,
0x71011d0114,U,28,
0x71011d015c,U,360,
0x71011d02c4,U,88,
0x71011d0354,U,20,
0x71011d03b4,U,360,
0x71011d051c,U,88,
0x71011d05ac,U,20,
0x71011d060c,U,364,
0x71011d0778,U,60,
0x71011d0810,U,20,
0x71011d094c,U,364,
0x71011d0ab8,U,60,
0x71011d0b50,U,20,
0x71011d0c8c,U,360,
0x71011d0df4,U,56,
0x71011d0e5c,U,20,
0x71011d0ebc,U,360,
0x71011d1024,U,56,
0x71011d108c,U,20,
0x71011d10ec,U,364,
0x71011d1258,U,60,
0x71011d1314,U,20,
0x71011d1468,U,364,
0x71011d15d4,U,60,
0x71011d1690,U,20,
0x71011d1a34,U,80,
0x71011d1a84,U,84,
0x71011d1c1c,U,80,
0x71011d1c6c,U,84,
0x71011d1e6c,U,196,
0x71011d1fac,U,192,
0x71011d2438,U,168,
0x71011d24e0,U,176,
0x71011d27e0,U,80,
0x71011d2830,U,84,
0x71011d29c8,U,80,
0x71011d2a18,U,84,
0x71011d2ac8,U,188,
0x71011d2b84,U,188,
0x71011d2fe0,U,208,
0x71011d30b0,U,208,
0x71011d3180,U,280,
0x71011d3298,U,280,
0x71011d33c4,U,172,
0x71011d34c0,U,28,
0x71011d3514,U,84,
0x71011d3568,U,260,
0x71011d37ac,U,68,
0x71011d39a0,U,156,
0x71011d3c50,U,156,
0x71011d3cec,U,216,
0x71011d3dc4,U,152,
0x71011d3e5c,U,212,
0x71011d41d8,U,320,
0x71011d437c,U,324,
0x71011d4524,U,324,
0x71011d46cc,U,324,
0x71011d4870,U,320,
0x71011d4a14,U,324,
0x71011d4bbc,U,324,
0x71011d4d64,U,324,
0x71011d4ef4,U,144,
0x71011d4fd0,U,180,
0x71011d50d0,U,180,
0x71011d51d0,U,144,
0x71011d56bc,U,176,
0x71011d57b8,U,176,
0x71011d5d58,U,96,
0x71011d62fc,U,180,
0x71011d6480,U,1412,
0x71011d6a04,U,220,
0x71011d6ae0,U,220,
0x71011d6bbc,U,220,
0x71011d6c98,U,220,
0x71011d70f8,U,388,
0x71011d727c,U,220,
0x71011d76dc,U,388,
0x71011d7860,U,220,
0x71011d793c,U,496,
0x71011d7b2c,U,88,
0x71011d7b84,U,244,
0x71011d8530,U,352,
0x71011d8690,U,376,
0x71011d8808,U,376,
0x71011d8980,U,376,
0x71011d8af8,U,180,
0x71011d8bac,U,376,
0x71011d8d24,U,84,
0x71011d8d78,U,280,
0x71011d8e90,U,280,
0x71011d8fcc,U,16,
0x71011d8fd8,U,12,
0x71011d8fe4,U,108,
0x71011d9050,U,112,
0x71011d90c0,U,52,
0x71011d90f4,U,368,
0x71011d9264,U,184,
0x71011d931c,U,12,
0x71011d932c,U,184,
0x71011d93e4,U,240,
0x71011d94d4,U,52,
0x71011d9508,U,388,
0x71011d968c,U,244,
0x71011d9780,U,364,
0x71011d98ec,U,192,
0x71011d99ac,U,52,
0x71011d99e0,U,4,
0x71011d99e4,U,96,
0x71011d9a44,U,112,
0x71011d9ab4,U,136,
0x71011d9b3c,U,16,
0x71011d9bf0,U,148,
0x71011d9ce0,U,72,
0x71011d9d28,U,68,
0x71011d9d6c,U,76,
0x71011d9e20,U,112,
0x71011d9e90,U,252,
0x71011da034,U,72,
0x71011da0c0,U,148,
0x71011da154,U,64,
0x71011da244,U,28,
0x71011da260,U,368,
0x71011da3d0,U,104,
0x71011da470,U,20,
0x71011da4d0,U,368,
0x71011da640,U,104,
0x71011da6a8,U,288,
0x71011da7f8,U,20,
0x71011da814,U,92,
0x71011da870,U,92,
0x71011da954,U,360,
0x71011daabc,U,88,
0x71011dab4c,U,20,
0x71011dabac,U,360,
0x71011dad14,U,88,
0x71011dada4,U,20,
0x71011dae04,U,364,
0x71011daf70,U,60,
0x71011db008,U,20,
0x71011db144,U,364,
0x71011db2b0,U,60,
0x71011db348,U,20,
0x71011db6d4,U,80,
0x71011db724,U,84,
0x71011db8bc,U,80,
0x71011db90c,U,84,
0x71011dbb0c,U,196,
0x71011dbc4c,U,192,
0x71011dc0b8,U,336,
0x71011dc228,U,168,
0x71011dc2d0,U,176,
0x71011dc390,U,28,
0x71011dc5f8,U,412,
0x71011dcc4c,U,4,
0x71011dcc50,U,4,
0x71011dcc54,U,20,
0x71011dcc68,U,4,
0x71011dcc70,U,140,
0x71011dccfc,U,8,
0x71011dcd04,U,204,
0x71011dcdd0,U,48,
0x71011dce00,U,140,
0x71011dce90,U,244,
0x71011dd024,U,352,
0x71011dd184,U,380,
0x71011dd304,U,240,
0x71011dd3f8,U,364,
0x71011dd568,U,244,
0x71011dd660,U,380,
0x71011dd7e0,U,244,
0x71011dd8d8,U,380,
0x71011dda58,U,244,
0x71011ddb50,U,380,
0x71011ddccc,U,220,
0x71011ddda8,U,220,
0x71011dde84,U,220,
0x71011ddf60,U,220,
0x71011de3c0,U,388,
0x71011de544,U,220,
0x71011de9a4,U,388,
0x71011deb28,U,220,
0x71011dec04,U,480,
0x71011dede4,U,524,
0x71011deff0,U,384,
0x71011df170,U,52,
0x71011df1b0,U,624,
0x71011df420,U,340,
0x71011df648,U,624,
0x71011df8b8,U,1492,
0x71011e1558,U,2296,
0x71011e1e50,U,268,
0x71011e1f5c,U,564,
0x71011e2190,U,1316,
0x71011e26b4,U,284,
0x71011e2824,U,300,
0x71011e2950,U,860,
0x71011e2cac,U,948,
0x71011e3060,U,420,
0x71011e3204,U,420,
0x71011e33a8,U,188,
0x71011e3464,U,1728,
0x71011e3b24,U,1228,
0x71011e3ff0,U,732,
0x71011e42cc,U,880,
0x71011e463c,U,404,
0x71011e47d0,U,556,
0x71011e49fc,U,44,
0x71011e4a28,U,160,
0x71011e4ac8,U,132,
0x71011e4b4c,U,356,
0x71011e4cb0,U,732,
0x71011e4f8c,U,732,
0x71011e5268,U,780,
0x71011e5574,U,28,
0x71011e5590,U,28,
0x71011e55ac,U,4,
0x71011e55b0,U,28,
0x71011e55d0,U,4,
0x71011e55d4,U,28,
0x71011e55f0,U,4,
0x71011e55f4,U,368,
0x71011e5764,U,104,
0x71011e5804,U,20,
0x71011e5864,U,352,
0x71011e59c4,U,104,
0x71011e5a70,U,20,
0x71011e5b04,U,360,
0x71011e5c6c,U,88,
0x71011e5cfc,U,20,
0x71011e5d5c,U,360,
0x71011e5ec4,U,88,
0x71011e5f54,U,20,
0x71011e5fb4,U,364,
0x71011e6120,U,60,
0x71011e6160,U,112,
0x71011e61ec,U,20,
0x71011e62ac,U,176,
0x71011e635c,U,176,
0x71011e640c,U,364,
0x71011e6578,U,60,
0x71011e65b8,U,112,
0x71011e6644,U,20,
0x71011e6704,U,176,
0x71011e67b4,U,176,
0x71011e6864,U,28,
0x71011e6894,U,28,
0x71011e6994,U,28,
0x71011e6a08,U,28,
0x71011e6b04,U,28,
0x71011e6c00,U,28,
0x71011e6f18,U,80,
0x71011e6f68,U,84,
0x71011e70cc,U,80,
0x71011e711c,U,84,
0x71011e7178,U,100,
0x71011e7414,U,144,
0x71011e755c,U,420,
0x71011e7700,U,292,
0x71011e7844,U,260,
0x71011e7948,U,268,
0x71011e7ac8,U,304,
0x71011e7bf8,U,24,
0x71011e7cbc,U,164,
0x71011e7d60,U,176,
0x71011e7e10,U,28,
0x71011e7e2c,U,28,
0x71011e7e48,U,68,
0x71011e7e8c,U,76,
0x71011e7ed8,U,60,
0x71011e7f14,U,24,
0x71011e7f2c,U,400,
0x71011e80bc,U,400,
0x71011e824c,U,400,
0x71011e83dc,U,400,
0x71011e856c,U,436,
0x71011e8720,U,436,
0x71011e8dfc,U,244,
0x71011ea908,U,352,
0x71011eaa68,U,380,
0x71011eabe4,U,380,
0x71011ead60,U,380,
0x71011eaedc,U,380,
0x71011eb058,U,380,
0x71011eb1d4,U,380,
0x71011eb350,U,380,
0x71011eb4cc,U,380,
0x71011eb648,U,380,
0x71011eb7c4,U,380,
0x71011eb940,U,380,
0x71011ebabc,U,380,
0x71011ebc38,U,380,
0x71011ebdb4,U,492,
0x71011ebfa0,U,460,
0x71011ec314,U,232,
0x71011ec424,U,68,
0x71011ec468,U,768,
0x71011ec768,U,2132,
0x71011ecfbc,U,92,
0x71011ed018,U,108,
0x71011ed084,U,108,
0x71011ed0f0,U,96,
0x71011ed150,U,152,
0x71011ed1e8,U,4556,
0x71011ee3b4,U,500,
0x71011ee5a8,U,608,
0x71011ee840,U,60,
0x71011ee8f8,U,232,
0x71011ee9e0,U,212,
0x71011eec50,U,16,
0x71011eec60,U,16,
0x71011eec70,U,352,
0x71011eedd0,U,292,
0x71011eeef4,U,468,
0x71011ef0c8,U,156,
0x71011ef384,U,20,
0x71011ef420,U,292,
0x71011ef544,U,8,
0x71011ef54c,U,8,
0x71011ef554,U,32,
0x71011ef574,U,424,
0x71011ef71c,U,12,
0x71011ef728,U,8,
0x71011ef730,U,8,
0x71011ef738,U,224,
0x71011ef818,U,28,
0x71011ef8e4,U,84,
0x71011ef948,U,28,
0x71011efb14,U,68,
0x71011efcc0,U,160,
0x71011efd60,U,128,
0x71011efde0,U,136,
0x71011efefc,U,192,
0x71011f0050,U,192,
0x71011f0580,U,84,
0x71011f05d4,U,412,
0x71011f0770,U,160,
0x71011f0814,U,244,
0x71011f24a8,U,352,
0x71011f2608,U,380,
0x71011f2784,U,380,
0x71011f2900,U,380,
0x71011f2a7c,U,380,
0x71011f2bf8,U,380,
0x71011f2d74,U,380,
0x71011f2ef0,U,380,
0x71011f306c,U,380,
0x71011f31e8,U,380,
0x71011f3364,U,380,
0x71011f34e0,U,380,
0x71011f365c,U,380,
0x71011f37d8,U,380,
0x71011f3954,U,380,
0x71011f3ad0,U,380,
0x71011f3c4c,U,176,
0x71011f3cfc,U,236,
0x71011f3e0c,U,380,
0x71011f3f88,U,740,
0x71011f426c,U,228,
0x71011f4350,U,576,
0x71011f4590,U,272,
0x71011f46a0,U,452,
0x71011f48b0,U,44,
0x71011f48dc,U,880,
0x71011f4c94,U,120,
0x71011f4d0c,U,28,
0x71011f4d38,U,28,
0x71011f4f78,U,136,
0x71011f5098,U,136,
0x71011f5120,U,180,
0x71011f5abc,U,224,
0x71011f5cd0,U,176,
0x71011f5d80,U,272,
0x71011f5e90,U,36,
0x71011f5eb4,U,160,
0x71011f5f54,U,60,
0x71011f5f90,U,180,
0x71011f6044,U,376,
0x71011f61bc,U,132,
0x71011f6240,U,260,
0x71011f6344,U,72,
0x71011f638c,U,664,
0x71011f6624,U,472,
0x71011f6800,U,140,
0x71011f6890,U,244,
0x71011f7a10,U,352,
0x71011f7b70,U,380,
0x71011f7cec,U,380,
0x71011f7e68,U,380,
0x71011f7fe4,U,380,
0x71011f8160,U,380,
0x71011f82dc,U,380,
0x71011f8458,U,380,
0x71011f85d4,U,380,
0x71011f8750,U,176,
0x71011f8800,U,232,
0x71011f88e8,U,36,
0x71011f890c,U,256,
0x71011f8a0c,U,196,
0x71011f8bdc,U,932,
0x71011f8f80,U,524,
0x71011f9254,U,96,
0x71011f92b4,U,96,
0x71011f9314,U,36,
0x71011f9338,U,1088,
0x71011f9778,U,220,
0x71011f9878,U,2328,
0x71011fa318,U,140,
0x71011fa3a4,U,96,
0x71011fa404,U,48,
0x71011fa434,U,24,
0x71011fa44c,U,28,
0x71011fa468,U,232,
0x71011fa5e8,U,28,
0x71011fa900,U,212,
0x71011faaa0,U,228,
0x71011fabe8,U,228,
0x71011faccc,U,300,
0x71011fadf8,U,228,
0x71011faedc,U,300,
0x71011fb010,U,160,
0x71011fb0b4,U,244,
0x71011fbeac,U,352,
0x71011fc00c,U,380,
0x71011fc188,U,380,
0x71011fc304,U,380,
0x71011fc480,U,380,
0x71011fc5fc,U,380,
0x71011fc778,U,380,
0x71011fc8f4,U,380,
0x71011fca70,U,228,
0x71011fcb54,U,124,
0x71011fcbd0,U,132,
0x71011fcc54,U,172,
0x71011fcd00,U,1120,
0x71011fd160,U,212,
0x71011fd234,U,360,
0x71011fd39c,U,1028,
0x71011fd7a0,U,240,
0x71011fd8d4,U,244,
0x71011fd9c8,U,612,
0x71011fdc78,U,108,
0x71011fdd38,U,28,
0x71011fddb0,U,28,
0x71011fde04,U,68,
0x71011fe074,U,160,
0x71011fe160,U,160,
0x71011fe24c,U,160,
0x71011fe338,U,160,
0x71011fe3d8,U,180,
0x71011fe48c,U,152,
0x71011fe530,U,160,
0x71011fe5d4,U,244,
0x71011fe6cc,U,344,
0x71011fe834,U,28,
0x71011fe860,U,160,
0x71011fe904,U,244,
0x71011ff314,U,352,
0x71011ff474,U,140,
0x71011ff500,U,124,
0x71011ff57c,U,132,
0x71011ff64c,U,336,
0x71011ff97c,U,528,
0x71011ffb8c,U,628,
0x7101200094,U,1048,
0x71012004ac,U,540,
0x71012006c8,U,100,
0x710120072c,U,100,
0x7101200790,U,1056,
0x7101200bb0,U,100,
0x7101200c14,U,100,
0x7101200c78,U,764,
0x7101200f74,U,112,
0x7101200fe4,U,112,
0x7101201054,U,764,
0x7101201350,U,112,
0x71012013c0,U,112,
0x7101201558,U,72,
0x71012015a0,U,172,
0x710120164c,U,12,
0x7101201658,U,16,
0x7101201668,U,516,
0x710120186c,U,28,
0x7101201888,U,68,
0x71012018cc,U,216,
0x71012019a4,U,204,
0x7101201a70,U,140,
0x7101201afc,U,28,
0x7101201b28,U,28,
0x7101201d00,U,244,
0x7101201df8,U,388,
0x7101201f7c,U,160,
0x7101202090,U,28,
0x7101202190,U,32,
0x71012021c0,U,28,
0x7101202260,U,160,
0x7101202300,U,92,
0x710120235c,U,300,
0x7101202488,U,108,
0x71012024f4,U,156,
0x7101202590,U,140,
0x710120261c,U,128,
0x710120269c,U,168,
0x7101202744,U,52,
0x7101202780,U,140,
0x710120280c,U,316,
0x7101202c00,U,140,
0x7101202c90,U,140,
0x7101202d1c,U,308,
0x7101203060,U,140,
0x71012030f0,U,140,
0x7101203180,U,140,
0x710120320c,U,60,
0x71012032f4,U,24,
0x710120330c,U,164,
0x71012033b0,U,256,
0x71012034b0,U,368,
0x7101203620,U,320,
0x7101203760,U,8,
0x7101203768,U,84,
0x71012037bc,U,16,
0x71012037cc,U,16,
0x71012037dc,U,16,
0x71012037ec,U,16,
0x71012037fc,U,80,
0x710120384c,U,8,
0x7101203854,U,24,
0x710120386c,U,24,
0x7101203890,U,140,
0x7101203a04,U,244,
0x7101203c18,U,388,
0x7101203e04,U,28,
0x7101203e34,U,28,
0x7101203e84,U,60,
0x7101203ec0,U,60,
0x7101203f40,U,160,
0x71012040c8,U,244,
0x71012042dc,U,388,
0x71012044dc,U,28,
0x710120450c,U,28,
0x710120455c,U,60,
0x7101204598,U,60,
0x7101204620,U,160,
0x71012046c0,U,84,
0x7101204714,U,156,
0x71012047ac,U,64,
0x71012049e8,U,184,
0x7101204aa8,U,200,
0x7101204b70,U,104,
0x7101204bd8,U,104,
0x7101204c50,U,88,
0x7101204ca8,U,132,
0x7101204da4,U,84,
0x7101204df8,U,120,
0x7101204ee0,U,112,
0x7101204f50,U,768,
0x7101205250,U,36,
0x7101205274,U,352,
0x71012053d4,U,48,
0x7101205404,U,20,
0x7101205470,U,72,
0x71012054b8,U,912,
0x71012058f8,U,192,
0x71012059b8,U,116,
0x7101205a2c,U,252,
0x7101205b28,U,64,
0x7101205b68,U,864,
0x7101205ec8,U,140,
0x7101205f54,U,188,
0x7101206010,U,20,
0x7101206024,U,8,
0x710120602c,U,8,
0x7101206034,U,8,
0x710120603c,U,76,
0x7101206088,U,80,
0x71012060d8,U,160,
0x7101206178,U,164,
0x7101206270,U,108,
0x71012062dc,U,108,
0x7101206368,U,76,
0x71012063dc,U,104,
0x7101206444,U,124,
0x71012064c0,U,184,
0x7101206578,U,148,
0x7101206630,U,72,
0x7101206678,U,100,
0x71012066dc,U,56,
0x7101206714,U,72,
0x710120675c,U,68,
0x71012067a0,U,76,
0x71012067ec,U,104,
0x7101206894,U,32,
0x71012068bc,U,16,
0x71012068f8,U,52,
0x710120692c,U,8,
0x7101206934,U,8,
0x710120693c,U,8,
0x7101206944,U,88,
0x710120699c,U,92,
0x71012069f8,U,8,
0x7101206a00,U,8,
0x7101206a08,U,88,
0x7101206a60,U,120,
0x7101206ad8,U,116,
0x7101206b4c,U,116,
0x7101206bc0,U,116,
0x7101206c34,U,108,
0x7101206ca0,U,108,
0x7101206d0c,U,8,
0x7101206d14,U,116,
0x7101206d88,U,100,
0x7101206dec,U,116,
0x7101206e60,U,116,
0x7101206ed4,U,108,
0x7101206f40,U,108,
0x7101206fac,U,116,
0x7101207020,U,112,
0x7101207090,U,8,
0x7101207098,U,248,
0x7101207190,U,312,
0x71012072c8,U,240,
0x71012073b8,U,168,
0x7101207468,U,128,
0x71012074e8,U,84,
0x710120753c,U,92,
0x71012075e0,U,308,
0x7101207714,U,260,
0x71012079c0,U,568,
0x7101207bf8,U,860,
0x7101207f54,U,176,
0x7101208004,U,104,
0x710120806c,U,20,
0x7101208080,U,8,
0x7101208088,U,8,
0x7101208090,U,44,
0x71012080bc,U,2548,
0x7101208ab0,U,480,
0x7101208ca0,U,52,
0x7101208cd4,U,88,
0x7101208d84,U,44,
0x7101208db0,U,232,
0x7101208e98,U,108,
0x7101208f04,U,360,
0x710120906c,U,12,
0x7101209078,U,104,
0x71012090e0,U,108,
0x71012091dc,U,152,
0x7101209274,U,132,
0x7101209300,U,80,
0x7101209350,U,60,
0x710120938c,U,60,
0x71012093c8,U,96,
0x7101209428,U,80,
0x7101209478,U,2136,
0x7101209cd0,U,16,
0x7101209ce0,U,8,
0x7101209ce8,U,12,
0x7101209cf4,U,44,
0x7101209d20,U,276,
0x7101209e34,U,532,
0x710120a048,U,100,
0x710120a0ac,U,148,
0x710120a140,U,8,
0x710120a148,U,136,
0x710120a1d0,U,48,
0x710120a200,U,60,
0x710120a23c,U,56,
0x710120a274,U,76,
0x710120a344,U,628,
0x710120a5b8,U,260,
0x710120a6bc,U,1600,
0x710120acfc,U,228,
0x710120ade0,U,116,
0x710120ae54,U,312,
0x710120af8c,U,380,
0x710120b108,U,44,
0x710120b134,U,20,
0x710120b148,U,44,
0x710120b174,U,20,
0x710120b188,U,16,
0x710120b198,U,64,
0x710120b1d8,U,40,
0x710120b200,U,48,
0x710120b230,U,76,
0x710120b27c,U,44,
0x710120b2a8,U,56,
0x710120b2e0,U,28,
0x710120b2fc,U,20,
0x710120b310,U,148,
0x710120b3a4,U,24,
0x710120b3bc,U,4,
0x710120b3c0,U,172,
0x710120b46c,U,356,
0x710120b5d0,U,228,
0x710120b6b4,U,92,
0x710120b710,U,48,
0x710120b740,U,4,
0x710120b744,U,1700,
0x710120bde8,U,96,
0x710120be48,U,172,
0x710120bef4,U,464,
0x710120c0c4,U,80,
0x710120c270,U,104,
0x710120c3fc,U,96,
0x710120c45c,U,84,
0x710120c4b0,U,76,
0x710120c4fc,U,84,
0x710120c648,U,284,
0x710120c7c4,U,484,
0x710120c9a8,U,556,
0x710120cbd4,U,268,
0x710120cedc,U,216,
0x710120cfb4,U,268,
0x710120d0c0,U,4,
0x710120d0c4,U,12,
0x710120d0d0,U,44,
0x710120d0fc,U,12,
0x710120d108,U,44,
0x710120d134,U,172,
0x710120d1e0,U,420,
0x710120d384,U,12,
0x710120d390,U,376,
0x710120d508,U,8,
0x710120d510,U,16,
0x710120d520,U,8,
0x710120d528,U,16,
0x710120d538,U,8,
0x710120d540,U,12,
0x710120d54c,U,220,
0x710120d628,U,60,
0x710120d664,U,256,
0x710120d764,U,1348,
0x710120dca8,U,1704,
0x710120e350,U,100,
0x710120e3b4,U,468,
0x710120e588,U,8,
0x710120e590,U,8,
0x710120e598,U,8,
0x710120e5a0,U,8,
0x710120e5a8,U,8,
0x710120e5b0,U,8,
0x710120e5b8,U,16,
0x710120e5c8,U,8,
0x710120e5d0,U,84,
0x710120e624,U,8,
0x710120e62c,U,12,
0x710120e638,U,16,
0x710120e648,U,8,
0x710120e650,U,8,
0x710120e658,U,8,
0x710120e660,U,12,
0x710120e66c,U,52,
0x710120e6a0,U,108,
0x710120e70c,U,108,
0x710120e778,U,104,
0x710120e7e0,U,36,
0x710120e804,U,12,
0x710120e810,U,8,
0x710120e83c,U,148,
0x710120e8d0,U,64,
0x710120e910,U,60,
0x710120e970,U,36,
0x710120e994,U,96,
0x710120ea58,U,80,
0x710120eaa8,U,88,
0x710120eb00,U,168,
0x710120eba8,U,64,
0x710120ebe8,U,348,
0x710120ed44,U,212,
0x710120eee4,U,216,
0x710120efbc,U,80,
0x710120f00c,U,24,
0x710120f024,U,52,
0x710120f058,U,68,
0x710120f09c,U,68,
0x710120f0e0,U,68,
0x710120f124,U,100,
0x710120f188,U,284,
0x710120f2a4,U,108,
0x710120f310,U,32,
0x710120f330,U,8,
0x710120f338,U,8,
0x710120f340,U,40,
0x710120f368,U,16,
0x710120f378,U,36,
0x710120f39c,U,8,
0x710120f3a4,U,8,
0x710120f3ac,U,20,
0x710120f3c0,U,8,
0x710120f3d4,U,12,
0x710120f3f0,U,16,
0x710120f414,U,16,
0x710120f424,U,8,
0x710120f42c,U,8,
0x710120f434,U,12,
0x710120f450,U,40,
0x710120f478,U,16,
0x710120f488,U,32,
0x710120f4bc,U,512,
0x710120f6bc,U,16,
0x710120f6cc,U,172,
0x710120f778,U,100,
0x710120f7dc,U,48,
0x710120f878,U,108,
0x710120f8e4,U,220,
0x710120fa40,U,56,
0x710120fa78,U,56,
0x710120fae8,U,48,
0x710120fb18,U,324,
0x710120fc5c,U,60,
0x710120fc98,U,60,
0x710120fcd4,U,60,
0x710120fd10,U,12,
0x710120fd1c,U,60,
0x710120fd58,U,12,
0x710120fd64,U,60,
0x710120fda0,U,60,
0x710120fddc,U,12,
0x710120fde8,U,48,
0x710120fe18,U,12,
0x710120fe24,U,268,
0x710120ff30,U,92,
0x710120ff8c,U,48,
0x710120ffbc,U,12,
0x710120ffc8,U,384,
0x7101210148,U,12,
0x7101210154,U,12,
0x7101210160,U,12,
0x710121016c,U,12,
0x7101210178,U,96,
0x71012101d8,U,32,
0x71012101f8,U,32,
0x7101210218,U,48,
0x7101210248,U,48,
0x7101210278,U,40,
0x71012102a0,U,44,
0x71012102cc,U,272,
0x71012103dc,U,164,
0x7101210480,U,32,
0x71012104a0,U,44,
0x71012104cc,U,12,
0x71012104d8,U,24,
0x71012104f0,U,28,
0x710121050c,U,160,
0x71012105ac,U,24,
0x71012105c4,U,32,
0x71012105e4,U,40,
0x710121060c,U,32,
0x710121062c,U,32,
0x710121064c,U,52,
0x7101210680,U,36,
0x71012106a4,U,36,
0x71012106c8,U,8,
0x710121072c,U,8,
0x7101210734,U,12,
0x7101210740,U,28,
0x710121075c,U,76,
0x71012107a8,U,8,
0x71012107b0,U,8,
0x71012107b8,U,28,
0x71012107d4,U,28,
0x71012107f0,U,28,
0x710121080c,U,164,
0x71012108b0,U,52,
0x71012108e4,U,60,
0x7101210920,U,72,
0x7101210968,U,136,
0x71012109f0,U,132,
0x7101210a74,U,72,
0x7101210abc,U,148,
0x7101210b50,U,84,
0x7101210ba4,U,144,
0x7101210c34,U,796,
0x7101210f50,U,124,
0x7101210fcc,U,132,
0x7101211050,U,92,
0x71012110ac,U,264,
0x71012111b4,U,36,
0x71012111d8,U,36,
0x71012111fc,U,24,
0x7101211214,U,4,
0x7101211218,U,72,
0x7101211260,U,128,
0x71012112e0,U,72,
0x7101211328,U,112,
0x7101211398,U,108,
0x7101211404,U,20,
0x7101211418,U,20,
0x7101211430,U,8,
0x7101211438,U,564,
0x710121166c,U,320,
0x71012117ac,U,212,
0x7101211880,U,484,
0x7101211a64,U,444,
0x7101211c20,U,272,
0x7101211d30,U,280,
0x7101211e48,U,384,
0x7101211fc8,U,356,
0x710121212c,U,288,
0x710121224c,U,652,
0x71012124d8,U,516,
0x71012126dc,U,192,
0x710121279c,U,316,
0x71012128d8,U,24,
0x71012128f0,U,256,
0x71012129f0,U,264,
0x7101212af8,U,240,
0x7101212be8,U,64,
0x7101212c28,U,352,
0x7101212d88,U,16,
0x7101212d98,U,68,
0x7101212ddc,U,56,
0x7101212e14,U,192,
0x7101212ed4,U,48,
0x7101212f04,U,40,
0x7101212f2c,U,48,
0x7101212f5c,U,40,
0x7101212f84,U,16,
0x7101212f94,U,188,
0x7101213050,U,176,
0x7101213100,U,80,
0x7101213150,U,24,
0x7101213168,U,56,
0x71012131a0,U,120,
0x7101213218,U,36,
0x710121323c,U,88,
0x7101213294,U,60,
0x71012132d0,U,24,
0x71012132e8,U,240,
0x71012133d8,U,552,
0x7101213600,U,64,
0x7101213640,U,68,
0x7101213684,U,40,
0x71012136ac,U,12,
0x71012136b8,U,12,
0x71012136d0,U,48,
0x7101213700,U,28,
0x710121371c,U,8,
0x7101213724,U,112,
0x7101213798,U,192,
0x7101213858,U,420,
0x71012139fc,U,452,
0x7101213bc0,U,8,
0x7101213bc8,U,72,
0x7101213c10,U,32,
0x7101213c30,U,252,
0x7101213d2c,U,24,
0x7101213d44,U,148,
0x7101213dd8,U,156,
0x7101213e74,U,172,
0x7101213f20,U,288,
0x7101214040,U,176,
0x71012140f0,U,632,
0x7101214368,U,76,
0x71012143b4,U,8,
0x71012143bc,U,228,
0x71012144a0,U,1840,
0x7101214bd0,U,196,
0x7101214c94,U,600,
0x7101214eec,U,412,
0x7101215088,U,124,
0x7101215104,U,8,
0x710121510c,U,84,
0x7101215160,U,132,
0x71012151e4,U,164,
0x7101215288,U,164,
0x710121532c,U,48,
0x710121535c,U,124,
0x71012153d8,U,136,
0x7101215460,U,4,
0x710121577c,U,12,
0x7101215788,U,132,
0x710121580c,U,124,
0x7101215888,U,20,
0x710121589c,U,412,
0x7101215a38,U,44,
0x7101215a64,U,68,
0x7101215aa8,U,12,
0x7101215ab4,U,12,
0x7101215ac0,U,64,
0x7101215b00,U,208,
0x7101215bd0,U,208,
0x7101215ca0,U,24,
0x7101215cb8,U,32,
0x7101215cd8,U,40,
0x7101215d00,U,48,
0x7101215d30,U,64,
0x7101215d70,U,60,
0x7101215dac,U,56,
0x7101215de4,U,116,
0x7101215e58,U,20,
0x7101215e6c,U,80,
0x7101215ebc,U,372,
0x7101216030,U,84,
0x7101216084,U,92,
0x71012160e0,U,92,
0x7101216368,U,292,
0x710121648c,U,640,
0x710121670c,U,232,
0x71012167f4,U,28,
0x7101216820,U,300,
0x71012169a8,U,124,
0x7101216a24,U,56,
0x7101216a78,U,96,
0x7101216c54,U,156,
0x7101216cf0,U,96,
0x7101216d50,U,96,
0x7101216db0,U,96,
0x7101216e10,U,96,
0x71012173c8,U,1036,
0x71012177d4,U,348,
0x7101217930,U,888,
0x7101217ca8,U,428,
0x7101217e54,U,28,
0x7101218074,U,32,
0x7101218094,U,68,
0x71012180d8,U,76,
0x7101218124,U,1212,
0x71012186ac,U,88,
0x7101218704,U,100,
0x71012187ec,U,96,
0x710121884c,U,96,
0x71012188ac,U,108,
0x7101218f28,U,160,
0x7101218fc8,U,8,
0x7101218fd0,U,8,
0x7101218fd8,U,64,
0x7101219018,U,68,
0x710121905c,U,184,
0x7101219114,U,88,
0x710121916c,U,32,
0x710121918c,U,44,
0x7101219234,U,132,
0x71012192b8,U,8,
0x71012192c0,U,568,
0x71012194f8,U,356,
0x710121965c,U,416,
0x71012197fc,U,124,
0x7101219878,U,48,
0x7101219940,U,4,
0x7101219944,U,1700,
0x7101219fe8,U,96,
0x710121a048,U,648,
0x710121a2d0,U,352,
0x710121a430,U,2196,
0x710121acc4,U,144,
0x710121ad54,U,952,
0x710121b118,U,168,
0x710121b1c8,U,464,
0x710121b398,U,80,
0x710121b4c4,U,156,
0x710121b560,U,320,
0x710121b798,U,192,
0x710121b9f0,U,76,
0x710121ba3c,U,12,
0x710121ba48,U,8,
0x710121ba60,U,48,
0x710121bf74,U,372,
0x710121c0e8,U,1680,
0x710121cad4,U,64,
0x710121cb1c,U,4,
0x710121cb20,U,4,
0x710121cb24,U,420,
0x710121ccc8,U,28,
0x710121cce4,U,8,
0x710121ccec,U,444,
0x710121cea8,U,120,
0x710121cf20,U,104,
0x710121cf8c,U,12,
0x710121cf98,U,24,
0x710121cfb0,U,136,
0x710121d038,U,56,
0x710121d070,U,140,
0x710121d0fc,U,464,
0x710121d2cc,U,1240,
0x710121d7a4,U,116,
0x710121d818,U,116,
0x710121d88c,U,80,
0x710121da1c,U,8,
0x710121da24,U,8,
0x710121da2c,U,8,
0x710121da34,U,8,
0x710121da5c,U,20,
0x710121da70,U,748,
0x710121dd5c,U,148,
0x710121df38,U,920,
0x710121e2d0,U,124,
0x710121e34c,U,124,
0x710121e69c,U,24,
0x710121e6b4,U,48,
0x710121e6e4,U,28,
0x710121e844,U,72,
0x710121e88c,U,72,
0x710121e8d4,U,24,
0x710121e8ec,U,24,
0x710121e904,U,28,
0x710121e93c,U,28,
0x710121e958,U,36,
0x710121e97c,U,32,
0x710121e99c,U,32,
0x710121e9bc,U,60,
0x710121e9f8,U,60,
0x710121ea34,U,32,
0x710121ea54,U,404,
0x710121ebe8,U,324,
0x710121ed2c,U,176,
0x710121edec,U,132,
0x710121ee70,U,68,
0x710121eef4,U,272,
0x710121f004,U,268,
0x710121f110,U,120,
0x710121f188,U,1408,
0x710121f708,U,92,
0x710121ffe8,U,520,
0x71012201f0,U,656,
0x7101220480,U,452,
0x7101220644,U,932,
0x71012209e8,U,220,
0x7101220ac4,U,644,
0x7101220d60,U,412,
0x7101220efc,U,164,
0x7101221064,U,168,
0x710122110c,U,40,
0x7101221134,U,1372,
0x71012216a4,U,1000,
0x7101221ac4,U,620,
0x7101221d30,U,1700,
0x71012223d4,U,1032,
0x71012227dc,U,628,
0x7101222a50,U,332,
0x7101222b9c,U,264,
0x7101222ca4,U,264,
0x7101223160,U,24,
0x7101223178,U,200,
0x7101223240,U,784,
0x7101223550,U,132,
0x71012235d4,U,8,
0x71012235dc,U,16,
0x71012235ec,U,16,
0x71012235fc,U,160,
0x710122369c,U,200,
0x7101223764,U,236,
0x7101223850,U,92,
0x71012238ac,U,68,
0x71012238f0,U,36,
0x7101223914,U,48,
0x7101223944,U,304,
0x7101223a74,U,188,
0x7101223b30,U,36,
0x7101223b54,U,244,
0x7101224074,U,764,
0x7101224504,U,248,
0x71012245fc,U,284,
0x7101224718,U,1860,
0x7101224e5c,U,1408,
0x71012253dc,U,560,
0x710122560c,U,600,
0x7101225864,U,288,
0x7101225b54,U,92,
0x7101225bb0,U,16,
0x7101225bc0,U,256,
0x7101225cc0,U,60,
0x7101225cfc,U,28,
0x7101225d18,U,28,
0x7101225d38,U,236,
0x7101225e24,U,20,
0x7101225e38,U,24,
0x7101225e50,U,24,
0x7101225e68,U,80,
0x7101225eb8,U,120,
0x7101225f30,U,72,
0x7101225f78,U,80,
0x7101225fc8,U,64,
0x7101226008,U,68,
0x710122604c,U,72,
0x7101226094,U,56,
0x71012260cc,U,12,
0x71012260d8,U,4,
0x71012260dc,U,80,
0x710122612c,U,4,
0x7101226130,U,396,
0x71012262bc,U,84,
0x7101226310,U,372,
0x7101226484,U,184,
0x710122653c,U,80,
0x710122658c,U,44,
0x71012265b8,U,128,
0x7101226638,U,440,
0x7101226870,U,48,
0x71012268a0,U,4,
0x71012268a4,U,1700,
0x7101226f48,U,96,
0x7101226fa8,U,1592,
0x7101227698,U,464,
0x7101227868,U,32,
0x7101227888,U,36,
0x71012278f4,U,72,
0x710122793c,U,168,
0x71012279e4,U,20,
0x71012279f8,U,968,
0x7101227dc0,U,124,
0x7101227e3c,U,228,
0x7101227f20,U,152,
0x7101227fb8,U,36,
0x7101227fdc,U,228,
0x71012280c0,U,124,
0x7101228c30,U,116,
0x7101228ca4,U,116,
0x7101228d18,U,12,
0x7101228d24,U,52,
0x7101228d58,U,20,
0x7101228d6c,U,372,
0x7101228ee0,U,92,
0x7101228f3c,U,132,
0x7101228fc0,U,112,
0x7101229064,U,92,
0x71012290c0,U,104,
0x7101229128,U,12,
0x7101229134,U,80,
0x7101229184,U,64,
0x71012291c4,U,80,
0x7101229214,U,64,
0x7101229254,U,80,
0x71012292a4,U,64,
0x71012292e4,U,88,
0x710122933c,U,100,
0x71012293a0,U,36,
0x71012293c4,U,48,
0x71012293f4,U,668,
0x7101229690,U,772,
0x7101229994,U,984,
0x7101229d6c,U,100,
0x7101229dd0,U,80,
0x7101229e20,U,20,
0x7101229e38,U,172,
0x7101229f14,U,12,
0x7101229f20,U,44,
0x7101229f4c,U,128,
0x7101229fcc,U,184,
0x710122a084,U,140,
0x710122a110,U,104,
0x710122a178,U,4,
0x710122a17c,U,432,
0x710122a32c,U,4,
0x710122a330,U,84,
0x710122a384,U,20,
0x710122a398,U,104,
0x710122a400,U,76,
0x710122a44c,U,112,
0x710122a4bc,U,208,
0x710122a58c,U,100,
0x710122a5f0,U,172,
0x710122a69c,U,40,
0x710122a6c4,U,48,
0x710122a6f4,U,20,
0x710122a708,U,20,
0x710122a71c,U,136,
0x710122a7a4,U,8,
0x710122a7ac,U,136,
0x710122a834,U,20,
0x710122a848,U,44,
0x710122a874,U,236,
0x710122a960,U,100,
0x710122aa70,U,44,
0x710122aa9c,U,28,
0x710122aab8,U,20,
0x710122aacc,U,160,
0x710122ab6c,U,156,
0x710122ac08,U,184,
0x710122acc0,U,180,
0x710122ad74,U,92,
0x710122add0,U,24,
0x710122ade8,U,24,
0x710122ae00,U,16,
0x710122ae34,U,84,
0x710122af68,U,128,
0x710122afe8,U,380,
0x710122b164,U,160,
0x710122b204,U,84,
0x710122b258,U,340,
0x710122b3ac,U,68,
0x710122b3f0,U,40,
0x710122b418,U,284,
0x710122b534,U,168,
0x710122b5dc,U,104,
0x710122b644,U,8,
0x710122b64c,U,80,
0x710122b69c,U,64,
0x710122b6dc,U,52,
0x710122b710,U,344,
0x710122b868,U,36,
0x710122b88c,U,308,
0x710122b9c0,U,1316,
0x710122bee4,U,56,
0x710122bf1c,U,28,
0x710122bf38,U,76,
0x710122bf84,U,180,
0x710122c038,U,644,
0x710122c2bc,U,124,
0x710122c338,U,24,
0x710122c350,U,16,
0x710122c360,U,16,
0x710122c370,U,12,
0x710122c37c,U,28,
0x710122c398,U,164,
0x710122c43c,U,48,
0x710122c46c,U,180,
0x710122c520,U,36,
0x710122c544,U,8,
0x710122c6e8,U,116,
0x710122c75c,U,68,
0x710122c7a0,U,288,
0x710122c8c0,U,152,
0x710122c958,U,188,
0x710122ca14,U,216,
0x710122caec,U,144,
0x710122cb7c,U,164,
0x710122cc20,U,136,
0x710122cca8,U,96,
0x710122cd08,U,280,
0x710122ce20,U,112,
0x710122ce90,U,28,
0x710122ceac,U,112,
0x710122cf1c,U,264,
0x710122d024,U,36,
0x710122d048,U,716,
0x710122d314,U,168,
0x710122d3bc,U,744,
0x710122d6a4,U,120,
0x710122d71c,U,44,
0x710122d748,U,40,
0x710122d770,U,32,
0x710122d790,U,32,
0x710122d7b0,U,32,
0x710122d7d0,U,32,
0x710122d7f0,U,96,
0x710122d850,U,104,
0x710122d8b8,U,32,
0x710122d8d8,U,708,
0x710122db9c,U,596,
0x710122ddf0,U,432,
0x710122dfa0,U,8,
0x710122dfa8,U,160,
0x710122e048,U,4,
0x710122e04c,U,120,
0x710122e0c4,U,1580,
0x710122e6f0,U,1060,
0x710122eb14,U,24,
0x710122eb2c,U,8,
0x710122eb34,U,116,
0x710122eba8,U,8,
0x710122ebb0,U,68,
0x710122ebf4,U,28,
0x710122ec10,U,128,
0x710122ec90,U,288,
0x710122edb0,U,100,
0x710122ee14,U,60,
0x710122ee50,U,272,
0x710122ef60,U,192,
0x710122f020,U,640,
0x710122f2a0,U,84,
0x710122f2f4,U,64,
0x710122f334,U,76,
0x710122f380,U,112,
0x710122f3f0,U,156,
0x710122f48c,U,132,
0x710122f510,U,60,
0x710122f54c,U,36,
0x710122f570,U,8,
0x710122f578,U,44,
0x710122f5a4,U,84,
0x710122f5f8,U,312,
0x710122f730,U,108,
0x710122f79c,U,268,
0x710122f8a8,U,312,
0x710122f9e0,U,192,
0x710122faa0,U,580,
0x710122fce4,U,256,
0x710122fde4,U,16,
0x710122fdf4,U,24,
0x710122fe0c,U,232,
0x710122fef4,U,28,
0x710122ff10,U,288,
0x7101230030,U,232,
0x7101230118,U,104,
0x7101230180,U,200,
0x7101230248,U,8,
0x7101230250,U,4,
0x7101230254,U,16,
0x7101230264,U,176,
0x7101230314,U,64,
0x7101230354,U,20,
0x7101230368,U,136,
0x71012303f0,U,16,
0x7101230400,U,104,
0x7101230468,U,24,
0x7101230480,U,20,
0x7101230494,U,32,
0x71012304b4,U,124,
0x7101230530,U,212,
0x7101230604,U,220,
0x71012306e0,U,68,
0x7101230724,U,68,
0x7101230768,U,12,
0x7101230774,U,12,
0x7101230780,U,68,
0x71012307c4,U,24,
0x71012307dc,U,28,
0x71012307f8,U,32,
0x7101230818,U,292,
0x710123093c,U,112,
0x71012309ac,U,40,
0x71012309d4,U,44,
0x7101230a00,U,40,
0x7101230a28,U,24,
0x7101230a40,U,32,
0x7101230a60,U,40,
0x7101230a88,U,44,
0x7101230ab4,U,48,
0x7101230ae4,U,116,
0x7101230b58,U,128,
0x7101230bd8,U,84,
0x7101230c2c,U,92,
0x7101230c88,U,92,
0x7101230e90,U,272,
0x71012310bc,U,184,
0x71012312e0,U,428,
0x710123148c,U,464,
0x710123165c,U,528,
0x71012318bc,U,68,
0x7101231900,U,140,
0x710123198c,U,48,
0x71012319bc,U,108,
0x7101231a28,U,76,
0x7101231a74,U,308,
0x7101231c28,U,68,
0x7101231c6c,U,4,
0x7101231c70,U,444,
0x7101231e2c,U,356,
0x7101231f90,U,376,
0x710123217c,U,48,
0x71012321ac,U,4,
0x71012321b0,U,1700,
0x7101232854,U,96,
0x71012328b4,U,848,
0x7101232c08,U,168,
0x7101232cb0,U,464,
0x7101232e80,U,84,
0x7101232fc0,U,248,
0x71012330b8,U,176,
0x7101233168,U,100,
0x71012333e0,U,284,
0x71012334fc,U,156,
0x7101233598,U,140,
0x7101233624,U,52,
0x7101233658,U,8,
0x7101233660,U,184,
0x7101233718,U,40,
0x7101233740,U,4,
0x7101233754,U,56,
0x7101233790,U,8,
0x71012337c0,U,152,
0x7101233880,U,92,
0x71012338dc,U,356,
0x7101233bac,U,160,
0x7101233c4c,U,136,
0x7101233d8c,U,136,
0x7101233e30,U,140,
0x7101233f24,U,8,
0x7101233f2c,U,88,
0x7101233f8c,U,180,
0x7101234068,U,88,
0x71012340c0,U,420,
0x71012343d0,U,160,
0x7101234470,U,136,
0x71012344f8,U,136,
0x7101234580,U,8,
0x7101234588,U,88,
0x71012345e8,U,168,
0x71012346b8,U,88,
0x7101234710,U,436,
0x7101234a30,U,160,
0x7101234ad0,U,136,
0x7101234b58,U,136,
0x7101234d28,U,156,
0x7101234dc4,U,8,
0x7101234dcc,U,88,
0x7101234e2c,U,120,
0x7101234ea4,U,112,
0x7101234f14,U,100,
0x7101235034,U,12,
0x7101235040,U,80,
0x7101235090,U,168,
0x7101235138,U,68,
0x7101235224,U,140,
0x71012352b0,U,136,
0x7101235338,U,212,
0x710123563c,U,208,
0x7101235758,U,24,
0x710123578c,U,36,
0x7101235840,U,184,
0x7101235988,U,40,
0x71012359c8,U,24,
0x71012359e0,U,1148,
0x7101235e5c,U,852,
0x71012361b0,U,256,
0x71012362b8,U,40,
0x71012362e0,U,4,
0x71012362e4,U,172,
0x7101236390,U,4,
0x7101236394,U,52,
0x71012363e0,U,32,
0x7101236400,U,120,
0x71012364e0,U,8,
0x71012364e8,U,24,
0x7101236500,U,12,
0x710123650c,U,4,
0x7101236510,U,8,
0x7101236518,U,12,
0x7101236524,U,224,
0x7101236604,U,48,
0x710123666c,U,12,
0x7101236678,U,72,
0x71012366c0,U,156,
0x710123675c,U,64,
0x710123679c,U,16,
0x71012367ac,U,396,
0x7101236938,U,12,
0x7101236944,U,136,
0x71012369cc,U,176,
0x7101236a7c,U,120,
0x7101236af4,U,172,
0x7101236ba0,U,180,
0x7101236c54,U,436,
0x7101236e08,U,368,
0x7101236f78,U,216,
0x7101237138,U,396,
0x71012372c4,U,120,
0x710123733c,U,112,
0x71012373ac,U,84,
0x7101237400,U,1212,
0x71012378bc,U,136,
0x7101237944,U,820,
0x7101237c78,U,220,
0x7101237d54,U,488,
0x7101237f3c,U,176,
0x7101238154,U,356,
0x71012382b8,U,200,
0x7101238380,U,88,
0x71012383e4,U,12,
0x71012383f0,U,1004,
0x71012387dc,U,4,
0x71012387e0,U,4,
0x710123887c,U,112,
0x710123891c,U,116,
0x7101238990,U,300,
0x7101238abc,U,84,
0x7101238b10,U,72,
0x7101238b58,U,52,
0x7101238b8c,U,84,
0x7101238be0,U,52,
0x7101238c14,U,212,
0x7101238ce8,U,12,
0x7101238cf4,U,96,
0x7101238d80,U,13,
0x7101238d90,U,13,
0x7101238da0,U,13,
0x7101238db0,U,13,
0x7101238dc0,U,13,
0x7101238dd0,U,13,
0x7101238de0,U,13,
0x7101238df0,U,13,
0x7101238e00,U,13,
0x7101238e10,U,13,
0x7101238e20,U,13,
0x7101238e30,U,13,
0x7101238e40,U,13,
0x7101238e50,U,13,
0x7101238e60,U,13,
0x7101238e70,U,13,
0x7101238e80,U,13,
0x7101238e90,U,13,
0x7101238ea0,U,13,
0x7101238eb0,U,13,
0x7101238ec0,U,13,
0x7101238ed0,U,13,
0x7101238ee0,U,13,
0x7101238ef0,U,13,
0x7101238f00,U,13,
0x7101238f10,U,13,
0x7101238f20,U,13,
0x7101238f30,U,13,
0x7101238f40,U,13,
0x7101238f50,U,13,
0x7101238f60,U,13,
0x7101238f70,U,13,
0x7101238f80,U,13,
0x7101238f90,U,13,
0x7101238fa0,U,13,
0x7101238fb0,U,13,
0x7101238fc0,U,13,
0x7101238fd0,U,13,
0x7101238fe0,U,13,
0x7101238ff0,U,13,
0x7101239000,U,13,
0x7101239010,U,13,
0x7101239020,U,13,
0x7101239030,U,13,
0x7101239040,U,13,
0x7101239050,U,13,
0x7101239060,U,13,
0x7101239070,U,13,
0x7101239080,U,13,
0x7101239090,U,13,
0x71012390a0,U,13,
0x71012390b0,U,13,
0x71012390c0,U,13,
0x71012390d0,U,13,
0x71012390e0,U,13,
0x71012390f0,U,13,
0x7101239100,U,13,
0x7101239110,U,13,
0x7101239120,U,13,
0x7101239130,U,13,
0x7101239140,U,13,
0x7101239150,U,13,
0x7101239160,U,13,
0x7101239170,U,13,
0x7101239180,U,13,
0x7101239190,U,13,
0x71012391a0,U,13,
0x71012391b0,U,13,
0x71012391c0,U,13,
0x71012391d0,U,13,
0x71012391e0,U,13,
0x71012391f0,U,13,
0x7101239200,U,13,
0x7101239210,U,13,
0x7101239220,U,13,
0x7101239230,U,13,
0x7101239240,U,13,
0x7101239250,U,13,
0x7101239260,U,13,
0x7101239270,U,13,
0x7101239280,U,13,
0x7101239290,U,13,
0x71012392a0,U,13,
0x71012392b0,U,13,
0x71012392c0,U,13,
0x71012392d0,U,13,
0x71012392e0,U,13,
0x71012392f0,U,13,
0x7101239300,U,13,
0x7101239310,U,13,
0x7101239320,U,13,
0x7101239330,U,13,
0x7101239340,U,13,
0x7101239350,U,13,
0x7101239360,U,13,
0x7101239370,U,13,
0x7101239380,U,13,
0x7101239390,U,13,
0x71012393a0,U,13,
0x71012393b0,U,13,
0x71012393c0,U,13,
0x71012393d0,U,13,
0x71012393e0,U,13,
0x71012393f0,U,13,
0x7101239400,U,13,
0x7101239410,U,13,
0x7101239420,U,13,
0x7101239430,U,13,
0x7101239440,U,13,
0x7101239450,U,13,
0x7101239460,U,13,
0x7101239470,U,13,
0x7101239480,U,13,
0x7101239490,U,13,
0x71012394a0,U,13,
0x71012394b0,U,13,
0x71012394c0,U,13,
0x71012394d0,U,13,
0x71012394e0,U,13,
0x71012394f0,U,13,
0x7101239500,U,13,
0x7101239510,U,13,
0x7101239520,U,13,
0x7101239530,U,13,
0x7101239540,U,13,
0x7101239550,U,13,
0x7101239560,U,13,
0x7101239570,U,13,
0x7101239580,U,13,
0x7101239590,U,13,
0x71012395a0,U,13,
0x71012395b0,U,13,
0x71012395c0,U,13,
0x71012395d0,U,13,
0x71012395e0,U,13,
0x71012395f0,U,13,
0x7101239600,U,13,
0x7101239610,U,13,
0x7101239620,U,13,
0x7101239630,U,13,
0x7101239640,U,13,
0x7101239650,U,13,
0x7101239660,U,13,
0x7101239670,U,13,
0x7101239680,U,13,
0x7101239690,U,13,
0x71012396a0,U,13,
0x71012396b0,U,13,
0x71012396c0,U,13,
0x71012396d0,U,13,
0x71012396e0,U,13,
0x71012396f0,U,13,
0x7101239700,U,13,
0x7101239710,U,13,
0x7101239720,U,13,
0x7101239730,U,13,
0x7101239740,U,13,
0x7101239750,U,13,
0x7101239760,U,13,
0x7101239770,U,13,
0x7101239780,U,13,
0x7101239790,U,13,
0x71012397a0,U,13,
0x71012397b0,U,13,
0x71012397c0,U,13,
0x71012397d0,U,13,
0x71012397e0,U,13,
0x71012397f0,U,13,
0x7101239800,U,13,
0x7101239810,U,13,
0x7101239820,U,13,
0x7101239830,U,13,
0x7101239840,U,13,
0x7101239850,U,13,
0x7101239860,U,13,
0x7101239870,U,13,
0x7101239880,U,13,
0x7101239890,U,13,
0x71012398a0,U,13,
0x71012398b0,U,13,
0x71012398c0,U,13,
0x71012398d0,U,13,
0x71012398e0,U,13,
0x71012398f0,U,13,
0x7101239900,U,13,
0x7101239910,U,13,
0x7101239920,U,13,
0x7101239930,U,13,
0x7101239940,U,13,
0x7101239950,U,13,
0x7101239960,U,13,
0x7101239970,U,13,
0x7101239980,U,13,
0x7101239990,U,13,
0x71012399a0,U,13,
0x71012399b0,U,13,
0x71012399c0,U,13,
0x71012399d0,U,13,
0x71012399e0,U,13,
0x71012399f0,U,13,
0x7101239a00,U,13,
0x7101239a10,U,13,
0x7101239a20,U,13,
0x7101239a30,U,13,
0x7101239a40,U,13,
0x7101239a50,U,13,
0x7101239a60,U,13,
0x7101239a70,U,13,
0x7101239a80,U,13,
0x7101239a90,U,13,
0x7101239aa0,U,13,
0x7101239ab0,U,13,
0x7101239ac0,U,13,
0x7101239ad0,U,13,
0x7101239ae0,U,13,
0x7101239af0,U,13,
0x7101239b00,U,13,
0x7101239b10,U,13,
0x7101239b20,U,13,
0x7101239b30,U,13,
0x7101239b40,U,13,
0x7101239b50,U,13,
0x7101239b60,U,13,
0x7101239b70,U,13,
0x7101239b80,U,13,
0x7101239b90,U,13,
0x7101239ba0,U,13,
0x7101239bb0,U,13,
0x7101239bc0,U,13,
0x7101239bd0,U,13,
0x7101239be0,U,13,
0x7101239bf0,U,13,
0x7101239c00,U,13,
0x7101239c10,U,13,
0x7101239c20,U,13,
0x7101239c30,U,13,
0x7101239c40,U,13,
0x7101239c50,U,13,
0x7101239c60,U,13,
0x7101239c70,U,13,
0x7101239c80,U,13,
0x7101239c90,U,13,
0x7101239ca0,U,13,
0x7101239cb0,U,13,
0x7101239cc0,U,13,
0x7101239cd0,U,13,
0x7101239ce0,U,13,
0x7101239cf0,U,13,
0x7101239d00,U,13,
0x7101239d10,U,13,
0x7101239d20,U,13,
0x7101239d30,U,13,
0x7101239d40,U,13,
0x7101239d50,U,13,
0x7101239d60,U,13,
0x7101239d70,U,13,
0x7101239d80,U,13,
0x7101239d90,U,13,
0x7101239da0,U,13,
0x7101239db0,U,13,
0x7101239dc0,U,13,
0x7101239dd0,U,13,
0x7101239de0,U,13,
0x7101239df0,U,13,
0x7101239e00,U,13,
0x7101239e10,U,13,
0x7101239e20,U,13,
0x7101239e30,U,13,
0x7101239e40,U,13,
0x7101239e50,U,13,
0x7101239e60,U,13,
0x7101239e70,U,13,
0x7101239e80,U,13,
0x7101239e90,U,13,
0x7101239ea0,U,13,
0x7101239eb0,U,13,
0x7101239ec0,U,13,
0x7101239ed0,U,13,
0x7101239ee0,U,13,
0x7101239ef0,U,13,
0x7101239f00,U,13,
0x7101239f10,U,13,
0x7101239f20,U,13,
0x7101239f30,U,13,
0x7101239f40,U,13,
0x7101239f50,U,13,
0x7101239f60,U,13,
0x7101239f70,U,13,
0x7101239f80,U,13,
0x7101239f90,U,13,
0x7101239fa0,U,13,
0x7101239fb0,U,13,
0x7101239fc0,U,13,
0x7101239fd0,U,13,
0x7101239fe0,U,13,
0x7101239ff0,U,13,
0x710123a000,U,13,
0x710123a010,U,13,
0x710123a020,U,13,
0x710123a030,U,13,
0x710123a040,U,13,
0x710123a050,U,13,
0x710123a060,U,13,
0x710123a070,U,13,
0x710123a080,U,13,
0x710123a090,U,13,
0x710123a0a0,U,13,
0x710123a0b0,U,13,
0x710123a0c0,U,13,
0x710123a0d0,U,13,
0x710123a0e0,U,13,
0x710123a0f0,U,13,
0x710123a100,U,13,
0x710123a110,U,13,
0x710123a120,U,13,
0x710123a130,U,13,
0x710123a140,U,13,
0x710123a150,U,13,
0x710123a160,U,13,
0x710123a170,U,13,
0x710123a180,U,13,
0x710123a190,U,13,
0x710123a1a0,U,13,
0x710123a1b0,U,13,
0x710123a1c0,U,13,
0x710123a1d0,U,13,
0x710123a1e0,U,13,
0x710123a1f0,U,13,
0x710123a200,U,13,
0x710123a210,U,13,
0x710123a220,U,13,
0x710123a230,U,13,
0x710123a240,U,13,
0x710123a250,U,13,
0x710123a260,U,13,
0x710123a270,U,13,
0x710123a280,U,13,
0x710123a290,U,13,
0x710123a2a0,U,13,
0x710123a2b0,U,13,
0x710123a2c0,U,13,
0x710123a2d0,U,13,
0x710123a2e0,U,13,
0x710123a2f0,U,13,
0x710123a300,U,13,
0x710123a310,U,13,
0x710123a320,U,13,
0x710123a330,U,13,
0x710123a340,U,13,
0x710123a350,U,13,
0x710123a360,U,13,
0x710123a370,U,13,
0x710123a380,U,13,
0x710123a390,U,13,
0x710123a3a0,U,13,
0x710123a3b0,U,13,
0x710123a3c0,U,13,
0x710123a3d0,U,13,
0x710123a3e0,U,13,
0x710123a3f0,U,13,
0x710123a400,U,13,
0x710123a410,U,13,
0x710123a420,U,13,
0x710123a430,U,13,
0x710123a440,U,13,
0x710123a450,U,13,
0x710123a460,U,13,
0x710123a470,U,13,
0x710123a480,U,13,
0x710123a490,U,13,
0x710123a4a0,U,13,
0x710123a4b0,U,13,
0x710123a4c0,U,13,
0x710123a4d0,U,13,
0x710123a4e0,U,13,
0x710123a4f0,U,13,
0x710123a500,U,13,
0x710123a510,U,13,
0x710123a520,U,13,
0x710123a530,U,13,
0x710123a540,U,13,
0x710123a550,U,13,
0x710123a560,U,13,
0x710123a570,U,13,
0x710123a580,U,13,
0x710123a590,U,13,
0x710123a5a0,U,13,
0x710123a5b0,U,13,
0x710123a5c0,U,13,
0x710123a5d0,U,13,
0x710123a5e0,U,13,
0x710123a5f0,U,13,
0x710123a600,U,13,
0x710123a610,U,13,
0x710123a620,U,13,
0x710123a630,U,13,
0x710123a640,U,13,
0x710123a650,U,13,
0x710123a660,U,13,
0x710123a670,U,13,
0x710123a680,U,13,
0x710123a690,U,13,
0x710123a6a0,U,13,
0x710123a6b0,U,13,
0x710123a6c0,U,13,
0x710123a6d0,U,13,
0x710123a6e0,U,13,
0x710123a6f0,U,13,
0x710123a700,U,13,
0x710123a710,U,13,
0x710123a720,U,13,
0x710123a730,U,13,
0x710123a740,U,13,
0x710123a750,U,13,
0x710123a760,U,13,
0x710123a770,U,13,
0x710123a780,U,13,
0x710123a790,U,13,
0x710123a7a0,U,13,
0x710123a7b0,U,13,
0x710123a7c0,U,13,
0x710123a7d0,U,13,
0x710123a7e0,U,13,
0x710123a7f0,U,13,
0x710123a800,U,16,
0x710123a810,U,16,
0x710123a820,U,13,
0x710123a830,U,16,
0x710123a840,U,16,
0x710123a850,U,16,
0x710123a860,U,16,
0x710123a870,U,16,
0x710123a880,U,16,
0x710123a8c0,U,16,
0x710123a8d0,U,13,
0x710123a8e0,U,16,
0x710123a8f0,U,16,
0x710123a900,U,16,
0x710123a910,U,16,
0x710123a920,U,16,
0x710123a930,U,16,
0x710123a940,U,16,
0x710123a950,U,16,
0x710123a960,U,16,
0x710123a970,U,16,
0x710123a980,U,16,
0x710123a990,U,16,
0x710123a9a0,U,16,
0x710123a9b0,U,16,
0x710123a9c0,U,16,
0x710123aa00,U,16,
0x710123aa10,U,13,
0x710123aa20,U,16,
0x710123aa30,U,16,
0x710123aa40,U,16,
0x710123aa50,U,16,
0x710123aa60,U,16,
0x710123aa70,U,16,
0x710123aa80,U,16,
0x710123aa90,U,13,
0x710123aaa0,U,16,
0x710123aab0,U,16,
0x710123aac0,U,16,
0x710123aad0,U,16,
0x710123aae0,U,16,
0x710123aaf0,U,16,
0x710123ab30,U,16,
0x710123ab40,U,13,
0x710123ab50,U,13,
0x710123ab60,U,13,
0x710123ab70,U,13,
0x710123ab80,U,13,
0x710123ab90,U,13,
0x710123aba0,U,13,
0x710123abb0,U,13,
0x710123abc0,U,13,
0x710123abd0,U,13,
0x710123abe0,U,13,
0x710123abf0,U,13,
0x710123ac00,U,13,
0x7172a1a000,U,1,
0x7172a1f000,U,1,
0x7172a20000,U,1,
0x7172a21000,U,1,
0x7172a22000,U,1,
0x7172a23000,U,1,
0x7172a24000,U,1,
0x7172a25000,U,1,
0x7172a26000,U,1,
0x7172a27000,U,1,
0x7172a28000,U,1,
0x7172a29000,U,1,
0x7172a2a000,U,1,
0x7172a2b000,U,1,
0x7172a2c000,U,1,
0x7172a2d000,U,1,
0x7172a2f000,U,1,
0x7172a30000,U,1,
0x7172a31000,U,1,
0x7172a32000,U,1,
0x7172a33000,U,1,
0x7172a34000,U,1,
0x7172a35000,U,1,
0x7172a36000,U,1,
0x7172a37000,U,1,
0x7172a38000,U,1,
0x7172a39000,U,1,
0x7172a3a000,U,1,
0x7172a3b000,U,1,
0x7172a3c000,U,1,
0x7172a3e000,U,1,
0x7172a3f000,U,1,
0x7172a40000,U,1,
0x7172a41000,U,1,
0x7172a42000,U,1,
0x7172a43000,U,1,
0x7172a44000,U,1,
0x7172a45000,U,1,
0x7172a46000,U,1,
0x7172a47000,U,1,
0x7172a48000,U,1,
0x7172a49000,U,1,
0x7172a4a000,U,1,
0x7172a4b000,U,1,
0x7172a4c000,U,1,
0x7172a4d000,U,1,
0x7172a4e000,U,1,
0x7172a4f000,U,1,
0x7172a50000,U,1,
0x7172a51000,U,1,
0x7172a52000,U,1,
0x7172a53000,U,1,
0x7172a54000,U,1,
0x7172a55000,U,1,
0x7172a56000,U,1,
0x7172a57000,U,1,
0x7172a58000,U,1,
0x7172a59000,U,1,
0x7172a5a000,U,1,
0x7172a5b000,U,1,
0x7172a5c000,U,1,
0x7172a5d000,U,1,
0x7172a5e000,U,1,
0x7172a5f000,U,1,
0x7172a60000,U,1,
0x7172a61000,U,1,
0x7172a62000,U,1,
0x7172a63000,U,1,
0x7172a64000,U,1,
0x7172a65000,U,1,
0x7172a66000,U,1,
0x7172a67000,U,1,
0x7172a68000,U,1,
0x7172a69000,U,1,
0x7172a6a000,U,1,
0x7172a6b000,U,1,
0x7172a6c000,U,1,
0x7172a6d000,U,1,
0x7172a6e000,U,1,
0x7172a6f000,U,1,
0x7172a70000,U,1,
0x7172a71000,U,1,
0x7172a72000,U,1,
0x7172a73000,U,1,
0x7172a74000,U,1,
0x7172a75000,U,1,
0x7172a76000,U,1,
0x7172a77000,U,1,
0x7172a78000,U,1,
0x7172a79000,U,1,
0x7172a7a000,U,1,
0x7172a7b000,U,1,
0x7172a7c000,U,1,
0x7172a7d000,U,1,
0x7172a7e000,U,1,
0x7172a7f000,U,1,
0x7172a80000,U,1,
0x7172a81000,U,1,
0x7172a82000,U,1,
0x7172a83000,U,1,
0x7172a84000,U,1,
0x7172a85000,U,1,
0x7172a86000,U,1,
0x7172a87000,U,1,
0x7172a88000,U,1,
0x7172a89000,U,1,
0x7172a8a000,U,1,
0x7172a8b000,U,1,
0x7172a8c000,U,1,
0x7172a8d000,U,1,
0x7172a8e000,U,1,
0x7172a8f000,U,1,
0x7172a90000,U,1,
0x7172a91000,U,1,
0x7172a92000,U,1,
0x7172a93000,U,1,
0x7172a94000,U,1,
0x7172a95000,U,1,
0x7172a96000,U,1,
0x7172a97000,U,1,
0x7172a98000,U,1,
0x7172a99000,U,1,
0x7172a9a000,U,1,
0x7172a9b000,U,1,
0x7172a9c000,U,1,
0x7172a9d000,U,1,
0x7172a9e000,U,1,
0x7172a9f000,U,1,
0x7172aa0000,U,1,
0x7172aa1000,U,1,
0x7172aa3000,U,1,
0x7172aa4000,U,1,
0x7172aa5000,U,1,
0x7172aa6000,U,1,
0x7172aa7000,U,1,
0x7172aa8000,U,1,
0x7172aa9000,U,1,
0x7172aaa000,U,1,
0x7172aab000,U,1,
0x7172aac000,U,1,
0x7172aad000,U,1,
0x7172aae000,U,1,
0x7172aaf000,U,1,
0x7172ab0000,U,1,
0x7172ab1000,U,1,
0x7172ab2000,U,1,
0x7172ab3000,U,1,
0x7172ab4000,U,1,
0x7172ab5000,U,1,
0x7172ab6000,U,1,
0x7172ab7000,U,1,
0x7172ab8000,U,1,
0x7172ab9000,U,1,
0x7172aba000,U,1,
0x7172abb000,U,1,
0x7172abc000,U,1,
0x7172abd000,U,1,
0x7172abe000,U,1,
0x7172abf000,U,1,
0x7172ac0000,U,1,
0x7172ac1000,U,1,
0x7172ac8000,U,1,
0x7172ac9000,U,1,
0x7172aca000,U,1,
0x7172acb000,U,1,
0x7172acc000,U,1,
0x7172acd000,U,1,
0x7172ace000,U,1,
0x7172acf000,U,1,
0x7172ad0000,U,1,
0x7172ad1000,U,1,
0x7172ad2000,U,1,
0x7172ad3000,U,1,
0x7172ad4000,U,1,
0x7172ad5000,U,1,
0x7172ad6000,U,1,
0x7172ad7000,U,1,
0x7172ad8000,U,1,
0x7172ad9000,U,1,
0x7172ada000,U,1,
0x7172adb000,U,1,
0x7172adc000,U,1,
0x7172add000,U,1,
0x7172ade000,U,1,
0x7172adf000,U,1,
0x7172ae0000,U,1,
0x7172ae1000,U,1,
0x7172ae2000,U,1,
0x7172ae3000,U,1,
0x7172ae4000,U,1,
0x7172ae5000,U,1,
0x7172ae6000,U,1,
0x7172ae7000,U,1,
0x7172ae8000,U,1,
0x7172ae9000,U,1,
0x7172aea000,U,1,
0x7172aeb000,U,1,
0x7172aec000,U,1,
0x7172aed000,U,1,
0x7172aee000,U,1,
0x7172aef000,U,1,
0x7172af0000,U,1,
0x7172af1000,U,1,
0x7172af2000,U,1,
0x7172af3000,U,1,
0x7172af4000,U,1,
0x7172af5000,U,1,
0x7172af6000,U,1,
0x7172af7000,U,1,
0x7172af8000,U,1,
0x7172af9000,U,1,
0x7172afa000,U,1,
0x7172afb000,U,1,
0x7172afc000,U,1,
0x7172afd000,U,1,
0x7172afe000,U,1,
0x7172aff000,U,1,
0x7172b00000,U,1,
0x7172b01000,U,1,
0x7172b02000,U,1,
0x7172b03000,U,1,
0x7172b04000,U,1,
0x7172b05000,U,1,
0x7172b06000,U,1,
0x7172b07000,U,1,
0x7172b08000,U,1,
0x7172b09000,U,1,
0x7172b0a000,U,1,
0x7172b0b000,U,1,
0x7172b0c000,U,1,
0x7172b0d000,U,1,
0x7172b0e000,U,1,
0x7172b0f000,U,1,
0x7172b10000,U,1,
0x7172b11000,U,1,
0x7172b12000,U,1,
0x7172b13000,U,1,
0x7172b14000,U,1,
0x7172b15000,U,1,
0x7172b16000,U,1,
0x7172b17000,U,1,
0x7172b18000,U,1,
0x7172b19000,U,1,
0x7172b1a000,U,1,
0x7172b1b000,U,1,
0x7172b1c000,U,1,
0x7172b1d000,U,1,
0x7172b1e000,U,1,
0x7172b1f000,U,1,
0x7172b20000,U,1,
0x7172b21000,U,1,
0x7172b22000,U,1,
0x7172b23000,U,1,
0x7172b24000,U,1,
0x7172b25000,U,1,
0x7172b26000,U,1,
0x7172b27000,U,1,
0x7172b28000,U,1,
0x7172b29000,U,1,
0x7172b2a000,U,1,
0x7172b2b000,U,1,
0x7172b2c000,U,1,
0x7172b2d000,U,1,
0x7172b2e000,U,1,
0x7172b2f000,U,1,
0x7172b30000,U,1,
0x7172b31000,U,1,
0x7172b32000,U,1,
0x7172b33000,U,1,
0x7172b34000,U,1,
0x7172b35000,U,1,
0x7172b36000,U,1,
0x7172b37000,U,1,
0x7172b38000,U,1,
0x7172b39000,U,1,
0x7172b3a000,U,1,
0x7172b3b000,U,1,
0x7172b3c000,U,1,
0x7172b3d000,U,1,
0x7172b3e000,U,1,
0x7172b3f000,U,1,
0x7172b40000,U,1,
0x7172b41000,U,1,
0x7172b42000,U,1,
0x7172b43000,U,1,
0x7172b44000,U,1,
0x7172b45000,U,1,
0x7172b46000,U,1,
0x7172b47000,U,1,
0x7172b48000,U,1,
0x7172b49000,U,1,
0x7172b4a000,U,1,
0x7172b4b000,U,1,
0x7172b4c000,U,1,
0x7172b4d000,U,1,
0x7172b4e000,U,1,
0x7172b4f000,U,1,
0x7172b50000,U,1,
0x7172b51000,U,1,
0x7172b52000,U,1,
0x7172b53000,U,1,
0x7172b54000,U,1,
0x7172b55000,U,1,
0x7172b56000,U,1,
0x7172b57000,U,1,
0x7172b58000,U,1,
0x7172b59000,U,1,
0x7172b5a000,U,1,
0x7172b5b000,U,1,
0x7172b5c000,U,1,
0x7172b5d000,U,1,
0x7172b5e000,U,1,
0x7172b5f000,U,1,
0x7172b60000,U,1,
0x7172b61000,U,1,
0x7172b62000,U,1,
0x7172b63000,U,1,
0x7172b64000,U,1,
0x7172b65000,U,1,
0x7172b66000,U,1,
0x7172b67000,U,1,
0x7172b68000,U,1,
0x7172b69000,U,1,
0x7172b6a000,U,1,
0x7172b6b000,U,1,
0x7172b6c000,U,1,
0x7172b6d000,U,1,
0x7172b6f000,U,1,
0x7172b70000,U,1,
0x7172b71000,U,1,
0x7172b72000,U,1,
0x7172b73000,U,1,
0x7172b74000,U,1,
0x7172b75000,U,1,
0x7172b76000,U,1,
0x7172b77000,U,1,
0x7172b78000,U,1,
0x7172b79000,U,1,
0x7172b7a000,U,1,
0x7172b7b000,U,1,
0x7172b7c000,U,1,
0x7172b7d000,U,1,
0x7172b7e000,U,1,
0x7172b7f000,U,1,
0x7172b80000,U,1,
0x7172b81000,U,1,
0x7172b82000,U,1,
0x7172b83000,U,1,
0x7172b84000,U,1,
0x7172b86000,U,1,
0x7172b87000,U,1,
0x7172b88000,U,1,
0x7172b89000,U,1,
0x7172b8a000,U,1,
0x7172b8b000,U,1,
0x7172b8d000,U,1,
0x7172b8e000,U,1,
0x7172b8f000,U,1,
0x7172b90000,U,1,
0x7172b91000,U,1,
0x7172b92000,U,1,
0x7172b93000,U,1,
0x7172b94000,U,1,
0x7172b95000,U,1,
0x7172b96000,U,1,
0x7172b97000,U,1,
0x7172b98000,U,1,
0x7172b99000,U,1,
0x7172b9a000,U,1,
0x7172b9b000,U,1,
0x7172b9c000,U,1,
0x7172b9d000,U,1,
0x7172b9e000,U,1,
0x7172b9f000,U,1,
0x7172ba0000,U,1,
0x7172ba1000,U,1,
0x7172ba2000,U,1,
0x7172ba3000,U,1,
0x7172ba4000,U,1,
0x7172ba5000,U,1,
0x7172ba6000,U,1,
0x7172ba7000,U,1,
0x7172ba8000,U,1,
0x7172ba9000,U,1,
0x7172baa000,U,1,
0x7172baf000,U,1,
0x7172bb0000,U,1,
0x7172bb1000,U,1,
0x7172bb2000,U,1,
0x7172bb3000,U,1,
0x7172bb4000,U,1,
0x7172bb5000,U,1,
0x7172bb6000,U,1,
0x7172bb7000,U,1,
0x7172bb8000,U,1,
0x7172bb9000,U,1,
0x7172bba000,U,1,
0x7172bbb000,U,1,
0x7172bbc000,U,1,
0x7172bbd000,U,1,
0x7172bbe000,U,1,
0x7172bbf000,U,1,
0x7172bc0000,U,1,
0x7172bc1000,U,1,
0x7172bc2000,U,1,
0x7172bc3000,U,1,
0x7172bc4000,U,1,
0x7172bc5000,U,1,
0x7172bc6000,U,1,
0x7172bc7000,U,1,
0x7172bc8000,U,1,
0x7172bc9000,U,1,
0x7172bca000,U,1,
0x7172bcb000,U,1,
0x7172bcc000,U,1,
0x7172bcd000,U,1,
0x7172bce000,U,1,
0x7172bcf000,U,1,
0x7172bd0000,U,1,
0x7172bd1000,U,1,
0x7172bd2000,U,1,
0x7172bd3000,U,1,
0x7172bd4000,U,1,
0x7172bd5000,U,1,
0x7172bd6000,U,1,
0x7172bd7000,U,1,
0x7172bd8000,U,1,
0x7172bd9000,U,1,
0x7172bda000,U,1,
0x7172bdb000,U,1,
0x7172bdd000,U,1,
0x7172bde000,U,1,
0x7172bdf000,U,1,
0x7172be0000,U,1,
0x7172be1000,U,1,
0x7172be2000,U,1,
0x7172be3000,U,1,
0x7172be4000,U,1,
0x7172be5000,U,1,
0x7172be6000,U,1,
0x7172be7000,U,1,
0x7172be8000,U,1,
0x7172be9000,U,1,
0x7172bea000,U,1,
0x7172beb000,U,1,
0x7172bec000,U,1,
0x7172bed000,U,1,
0x7172bee000,U,1,
0x7172bef000,U,1,
0x7172bf0000,U,1,
0x7172bf1000,U,1,
0x7172bf2000,U,1,
0x7172bf3000,U,1,
0x7172bf4000,U,1,
0x7172bf5000,U,1,
0x7172bf6000,U,1,
0x7172bf7000,U,1,
0x7172bf8000,U,1,
0x7172bf9000,U,1,
0x7172bfa000,U,1,
0x7172bfb000,U,1,
0x7172bfc000,U,1,
0x7172bfd000,U,1,
0x7172bfe000,U,1,
0x7172bff000,U,1,
0x7172c00000,U,1,
0x7172c01000,U,1,
0x7172c02000,U,1,
0x7172c03000,U,1,
0x7172c04000,U,1,
0x7172c05000,U,1,
0x7172c06000,U,1,
0x7172c07000,U,1,
0x7172c08000,U,1,
0x7172c09000,U,1,
0x7172c0a000,U,1,
0x7172c0b000,U,1,
0x7172c0c000,U,1,
0x7172c0d000,U,1,
0x7172c0e000,U,1,
0x7172c0f000,U,1,
0x7172c10000,U,1,
0x7172c11000,U,1,
0x7172c12000,U,1,
0x7172c13000,U,1,
0x7172c14000,U,1,
0x7172c15000,U,1,
0x7172c16000,U,1,
0x7172c17000,U,1,
0x7172c18000,U,1,
0x7172c19000,U,1,
0x7172c1a000,U,1,
0x7172c1b000,U,1,
0x7172c1c000,U,1,
0x7172c1d000,U,1,
0x7172c1e000,U,1,
0x7172c1f000,U,1,
0x7172c20000,U,1,
0x7172c21000,U,1,
0x7172c22000,U,1,
0x7172c23000,U,1,
0x7172c24000,U,1,
0x7172c25000,U,1,
0x7172c26000,U,1,
0x7172c27000,U,1,
0x7172c28000,U,1,
0x7172c29000,U,1,
0x7172c2a000,U,1,
0x7172c2b000,U,1,
0x7172c2c000,U,1,
0x7172c2d000,U,1,
0x7172c2e000,U,1,
0x7172c2f000,U,1,
0x7172c30000,U,1,
0x7172c31000,U,1,
0x7172c32000,U,1,
0x7172c33000,U,1,
0x7172c34000,U,1,
0x7172c35000,U,1,
0x7172c36000,U,1,
0x7172c37000,U,1,
0x7172c38000,U,1,
0x7172c39000,U,1,
0x7172c3a000,U,1,
0x7172c3b000,U,1,
0x7172c3c000,U,1,